customer_id,Ballpoint Pen Pack,Baseball Cap,Bluetooth Speaker,Canvas Tote Bag,Cleaning Spray,Coffee Beans,Cotton T-Shirt,Desk Organizer,Garden Gloves,Hand Soap,Hand Trowel,LED Bulb Pack,Notebook,Plant Pot,Printer Paper,Reusable Water Bottle,Running Socks,Snack Box,Storage Basket,Tea Assortment,USB-C Hub,Watering Can,Webcam,Wireless Mouse
C0001,4.0,4.0,0.0,2.0,4.0,4.0,8.0,6.0,2.0,14.0,0.0,0.0,3.0,7.0,0.0,0.0,0.0,0.0,4.0,2.0,4.0,4.0,6.0,0.0
C0002,10.0,0.0,9.0,1.0,1.0,2.0,4.0,2.0,0.0,5.0,2.0,0.0,3.0,4.0,5.0,1.0,9.0,0.0,8.0,0.0,7.0,3.0,7.0,0.0
C0003,1.0,6.0,8.0,1.0,5.0,4.0,0.0,2.0,2.0,0.0,0.0,6.0,9.0,5.0,3.0,0.0,5.0,4.0,1.0,3.0,1.0,0.0,0.0,2.0
C0004,10.0,3.0,0.0,7.0,8.0,12.0,3.0,9.0,0.0,6.0,7.0,8.0,3.0,0.0,4.0,2.0,0.0,3.0,4.0,0.0,7.0,1.0,9.0,6.0
C0005,9.0,5.0,5.0,1.0,2.0,4.0,4.0,6.0,5.0,0.0,5.0,4.0,1.0,2.0,17.0,6.0,11.0,10.0,1.0,3.0,0.0,0.0,0.0,4.0
C0006,4.0,1.0,2.0,1.0,1.0,6.0,5.0,7.0,1.0,2.0,0.0,3.0,5.0,8.0,0.0,5.0,0.0,1.0,6.0,0.0,5.0,3.0,0.0,4.0
C0007,7.0,10.0,0.0,10.0,4.0,7.0,2.0,1.0,8.0,6.0,10.0,7.0,9.0,11.0,3.0,3.0,0.0,0.0,2.0,3.0,7.0,4.0,4.0,1.0
C0008,12.0,0.0,5.0,6.0,1.0,0.0,7.0,5.0,10.0,11.0,0.0,0.0,3.0,2.0,3.0,0.0,9.0,0.0,3.0,2.0,13.0,3.0,7.0,4.0
C0009,11.0,7.0,0.0,2.0,6.0,7.0,6.0,1.0,1.0,3.0,3.0,4.0,11.0,0.0,1.0,4.0,4.0,7.0,0.0,11.0,2.0,1.0,5.0,9.0
C0010,15.0,8.0,0.0,5.0,4.0,2.0,3.0,8.0,3.0,3.0,6.0,0.0,3.0,2.0,4.0,2.0,10.0,2.0,6.0,8.0,6.0,3.0,0.0,11.0
C0011,4.0,0.0,3.0,9.0,0.0,10.0,4.0,2.0,3.0,0.0,0.0,3.0,7.0,1.0,4.0,3.0,5.0,8.0,4.0,13.0,1.0,1.0,6.0,9.0
C0012,21.0,0.0,1.0,0.0,1.0,8.0,6.0,0.0,0.0,0.0,5.0,6.0,1.0,0.0,0.0,0.0,1.0,6.0,3.0,5.0,2.0,0.0,0.0,6.0
C0013,4.0,0.0,0.0,2.0,8.0,6.0,3.0,2.0,6.0,5.0,1.0,4.0,0.0,7.0,0.0,1.0,5.0,3.0,3.0,1.0,3.0,0.0,0.0,11.0
C0014,11.0,1.0,14.0,2.0,3.0,4.0,1.0,0.0,5.0,0.0,4.0,4.0,9.0,3.0,5.0,0.0,10.0,9.0,14.0,12.0,1.0,2.0,0.0,10.0
C0015,4.0,0.0,0.0,0.0,11.0,10.0,1.0,6.0,7.0,1.0,10.0,4.0,1.0,5.0,2.0,8.0,0.0,0.0,4.0,0.0,7.0,3.0,0.0,13.0
C0016,5.0,8.0,4.0,5.0,2.0,13.0,6.0,4.0,4.0,8.0,7.0,5.0,2.0,4.0,4.0,1.0,1.0,0.0,2.0,6.0,3.0,5.0,2.0,3.0
C0017,2.0,1.0,0.0,10.0,4.0,1.0,6.0,0.0,0.0,1.0,0.0,10.0,8.0,3.0,4.0,3.0,3.0,0.0,0.0,2.0,7.0,0.0,3.0,7.0
C0018,4.0,0.0,4.0,0.0,8.0,3.0,2.0,1.0,4.0,0.0,0.0,5.0,4.0,0.0,4.0,1.0,7.0,5.0,0.0,11.0,8.0,1.0,9.0,2.0
C0019,6.0,6.0,3.0,4.0,0.0,0.0,1.0,0.0,2.0,0.0,2.0,5.0,3.0,2.0,2.0,5.0,0.0,0.0,1.0,2.0,7.0,0.0,1.0,5.0
C0020,7.0,1.0,0.0,0.0,4.0,9.0,8.0,1.0,1.0,0.0,5.0,6.0,9.0,10.0,9.0,0.0,7.0,2.0,4.0,1.0,5.0,0.0,1.0,0.0
C0021,10.0,0.0,0.0,11.0,0.0,4.0,1.0,1.0,4.0,9.0,3.0,8.0,5.0,3.0,8.0,5.0,0.0,0.0,2.0,2.0,8.0,4.0,0.0,18.0
C0022,9.0,4.0,8.0,3.0,3.0,0.0,11.0,7.0,0.0,7.0,4.0,0.0,11.0,1.0,15.0,4.0,1.0,7.0,0.0,1.0,5.0,6.0,0.0,2.0
C0023,6.0,3.0,0.0,4.0,5.0,5.0,14.0,7.0,5.0,2.0,3.0,3.0,0.0,3.0,4.0,8.0,10.0,6.0,3.0,4.0,4.0,8.0,11.0,11.0
C0024,8.0,8.0,0.0,0.0,1.0,0.0,6.0,2.0,5.0,5.0,3.0,3.0,1.0,1.0,6.0,6.0,11.0,16.0,0.0,3.0,4.0,9.0,2.0,4.0
C0025,2.0,1.0,2.0,4.0,3.0,16.0,2.0,4.0,5.0,2.0,0.0,6.0,7.0,1.0,3.0,0.0,4.0,8.0,2.0,4.0,9.0,5.0,0.0,14.0
C0026,0.0,0.0,9.0,5.0,1.0,8.0,16.0,3.0,0.0,10.0,2.0,1.0,5.0,2.0,3.0,3.0,2.0,0.0,5.0,6.0,7.0,10.0,2.0,4.0
C0027,9.0,3.0,7.0,11.0,0.0,3.0,4.0,1.0,1.0,8.0,3.0,11.0,4.0,5.0,1.0,1.0,7.0,0.0,8.0,0.0,2.0,4.0,4.0,7.0
C0028,4.0,6.0,0.0,0.0,2.0,2.0,3.0,8.0,1.0,1.0,0.0,3.0,4.0,5.0,6.0,4.0,1.0,0.0,9.0,10.0,0.0,0.0,0.0,1.0
C0029,3.0,4.0,2.0,1.0,9.0,10.0,0.0,0.0,7.0,3.0,8.0,3.0,14.0,6.0,4.0,9.0,0.0,0.0,2.0,1.0,1.0,7.0,4.0,8.0
C0030,13.0,2.0,7.0,5.0,6.0,6.0,3.0,3.0,1.0,6.0,9.0,8.0,2.0,7.0,0.0,5.0,11.0,0.0,6.0,4.0,4.0,5.0,1.0,12.0
C0031,8.0,0.0,0.0,5.0,0.0,9.0,3.0,0.0,11.0,1.0,2.0,4.0,5.0,6.0,0.0,4.0,15.0,4.0,0.0,7.0,10.0,0.0,2.0,6.0
C0032,0.0,5.0,1.0,0.0,4.0,4.0,8.0,2.0,1.0,8.0,4.0,0.0,9.0,7.0,8.0,3.0,0.0,5.0,0.0,6.0,5.0,2.0,0.0,3.0
C0033,0.0,0.0,2.0,2.0,8.0,8.0,5.0,0.0,2.0,3.0,0.0,6.0,0.0,0.0,6.0,0.0,7.0,0.0,8.0,5.0,4.0,10.0,0.0,3.0
C0034,10.0,0.0,2.0,3.0,4.0,2.0,11.0,1.0,5.0,1.0,4.0,0.0,10.0,2.0,0.0,2.0,2.0,0.0,3.0,9.0,11.0,2.0,2.0,8.0
C0035,6.0,4.0,0.0,2.0,8.0,1.0,16.0,5.0,0.0,3.0,4.0,0.0,8.0,0.0,1.0,3.0,6.0,2.0,1.0,4.0,13.0,4.0,7.0,7.0
C0036,10.0,3.0,5.0,10.0,2.0,0.0,2.0,4.0,4.0,3.0,6.0,5.0,11.0,0.0,7.0,0.0,0.0,0.0,3.0,3.0,10.0,18.0,1.0,1.0
C0037,2.0,0.0,11.0,13.0,4.0,8.0,6.0,0.0,3.0,4.0,9.0,19.0,18.0,5.0,7.0,2.0,4.0,1.0,7.0,7.0,3.0,3.0,5.0,4.0
C0038,11.0,13.0,5.0,0.0,0.0,14.0,2.0,2.0,6.0,10.0,0.0,2.0,3.0,0.0,8.0,0.0,0.0,1.0,0.0,12.0,10.0,11.0,2.0,12.0
C0039,0.0,2.0,4.0,2.0,1.0,11.0,9.0,5.0,6.0,4.0,8.0,5.0,12.0,6.0,2.0,2.0,0.0,2.0,4.0,2.0,5.0,10.0,0.0,15.0
C0040,6.0,0.0,4.0,1.0,0.0,18.0,3.0,2.0,3.0,0.0,4.0,0.0,0.0,2.0,3.0,0.0,1.0,0.0,6.0,5.0,3.0,0.0,0.0,7.0
C0041,0.0,5.0,5.0,12.0,2.0,8.0,8.0,6.0,0.0,3.0,3.0,0.0,5.0,2.0,4.0,1.0,7.0,1.0,0.0,8.0,5.0,2.0,5.0,6.0
C0042,7.0,9.0,0.0,1.0,0.0,5.0,8.0,3.0,2.0,8.0,1.0,0.0,4.0,3.0,11.0,3.0,1.0,0.0,0.0,1.0,1.0,8.0,6.0,5.0
C0043,6.0,9.0,3.0,5.0,1.0,5.0,5.0,0.0,1.0,0.0,4.0,2.0,16.0,7.0,2.0,5.0,4.0,3.0,0.0,5.0,4.0,0.0,6.0,6.0
C0044,7.0,0.0,6.0,5.0,0.0,3.0,2.0,4.0,0.0,1.0,0.0,3.0,12.0,9.0,8.0,4.0,8.0,9.0,4.0,0.0,3.0,6.0,0.0,6.0
C0045,2.0,6.0,5.0,4.0,2.0,4.0,6.0,6.0,1.0,7.0,2.0,5.0,5.0,6.0,5.0,8.0,6.0,6.0,0.0,1.0,4.0,12.0,1.0,1.0
C0046,3.0,3.0,3.0,0.0,14.0,8.0,3.0,7.0,11.0,9.0,2.0,6.0,1.0,1.0,4.0,6.0,0.0,0.0,0.0,0.0,20.0,7.0,6.0,4.0
C0047,10.0,5.0,1.0,8.0,6.0,1.0,4.0,2.0,4.0,4.0,0.0,0.0,3.0,0.0,0.0,6.0,6.0,4.0,4.0,3.0,1.0,12.0,5.0,8.0
C0048,2.0,0.0,7.0,4.0,0.0,5.0,2.0,0.0,3.0,0.0,0.0,3.0,4.0,0.0,3.0,0.0,0.0,2.0,0.0,2.0,0.0,5.0,2.0,13.0
C0049,7.0,4.0,1.0,6.0,0.0,0.0,0.0,2.0,1.0,3.0,5.0,6.0,15.0,6.0,2.0,0.0,5.0,0.0,0.0,2.0,1.0,0.0,1.0,3.0
C0050,1.0,0.0,3.0,6.0,10.0,4.0,2.0,2.0,0.0,0.0,2.0,4.0,6.0,3.0,1.0,1.0,2.0,2.0,11.0,1.0,0.0,0.0,6.0,6.0
C0051,1.0,3.0,3.0,1.0,0.0,3.0,6.0,6.0,0.0,7.0,1.0,0.0,4.0,3.0,1.0,1.0,8.0,0.0,1.0,8.0,5.0,4.0,2.0,6.0
C0052,10.0,9.0,0.0,8.0,1.0,1.0,3.0,7.0,6.0,5.0,0.0,2.0,8.0,0.0,10.0,7.0,4.0,5.0,4.0,11.0,5.0,0.0,1.0,2.0
C0053,6.0,3.0,5.0,2.0,7.0,7.0,3.0,3.0,7.0,3.0,10.0,8.0,4.0,1.0,0.0,3.0,5.0,1.0,1.0,0.0,6.0,3.0,5.0,9.0
C0054,1.0,2.0,1.0,8.0,3.0,10.0,7.0,0.0,2.0,9.0,4.0,6.0,16.0,6.0,0.0,5.0,0.0,0.0,4.0,1.0,1.0,13.0,2.0,5.0
C0055,13.0,0.0,0.0,5.0,2.0,0.0,4.0,1.0,0.0,1.0,0.0,15.0,5.0,9.0,0.0,2.0,2.0,0.0,6.0,5.0,6.0,7.0,6.0,5.0
C0056,1.0,1.0,9.0,21.0,10.0,2.0,0.0,2.0,3.0,8.0,1.0,0.0,5.0,6.0,1.0,1.0,3.0,3.0,1.0,8.0,7.0,0.0,0.0,4.0
C0057,3.0,3.0,1.0,0.0,2.0,17.0,1.0,3.0,1.0,12.0,5.0,4.0,0.0,0.0,8.0,1.0,0.0,11.0,0.0,5.0,0.0,3.0,0.0,6.0
C0058,2.0,2.0,4.0,0.0,7.0,0.0,12.0,8.0,1.0,4.0,0.0,7.0,1.0,15.0,13.0,0.0,5.0,5.0,0.0,3.0,2.0,5.0,0.0,6.0
C0059,13.0,2.0,5.0,3.0,2.0,3.0,0.0,3.0,5.0,14.0,1.0,5.0,10.0,5.0,4.0,10.0,2.0,3.0,2.0,2.0,11.0,0.0,0.0,7.0
C0060,6.0,0.0,10.0,3.0,2.0,7.0,1.0,2.0,0.0,0.0,2.0,3.0,9.0,5.0,8.0,6.0,2.0,1.0,0.0,2.0,5.0,2.0,4.0,2.0
C0061,4.0,4.0,3.0,0.0,1.0,2.0,3.0,3.0,0.0,3.0,0.0,1.0,1.0,4.0,4.0,6.0,6.0,1.0,7.0,0.0,9.0,6.0,1.0,5.0
C0062,7.0,7.0,3.0,3.0,4.0,9.0,1.0,1.0,3.0,5.0,6.0,6.0,7.0,8.0,3.0,5.0,9.0,0.0,5.0,5.0,3.0,4.0,4.0,12.0
C0063,2.0,0.0,4.0,5.0,0.0,0.0,5.0,8.0,6.0,0.0,3.0,4.0,2.0,7.0,1.0,8.0,4.0,3.0,5.0,2.0,4.0,0.0,1.0,6.0
C0064,5.0,1.0,6.0,0.0,0.0,1.0,6.0,2.0,0.0,9.0,2.0,6.0,6.0,3.0,4.0,6.0,4.0,2.0,0.0,1.0,9.0,2.0,5.0,9.0
C0065,5.0,2.0,13.0,0.0,1.0,0.0,3.0,2.0,6.0,13.0,1.0,6.0,11.0,8.0,2.0,4.0,0.0,4.0,7.0,8.0,1.0,1.0,0.0,4.0
C0066,13.0,2.0,3.0,1.0,14.0,6.0,6.0,8.0,0.0,4.0,6.0,4.0,3.0,0.0,2.0,0.0,0.0,8.0,0.0,0.0,0.0,10.0,0.0,0.0
C0067,9.0,1.0,4.0,13.0,0.0,6.0,6.0,3.0,4.0,5.0,2.0,11.0,5.0,10.0,3.0,0.0,4.0,5.0,0.0,4.0,5.0,2.0,9.0,7.0
C0068,12.0,6.0,6.0,11.0,6.0,4.0,1.0,3.0,0.0,5.0,1.0,3.0,2.0,7.0,9.0,3.0,2.0,3.0,0.0,4.0,4.0,4.0,0.0,1.0
C0069,3.0,9.0,7.0,3.0,9.0,8.0,13.0,0.0,2.0,5.0,0.0,3.0,6.0,4.0,5.0,2.0,4.0,7.0,1.0,0.0,5.0,1.0,6.0,2.0
C0070,1.0,4.0,7.0,12.0,6.0,14.0,2.0,0.0,1.0,8.0,0.0,1.0,0.0,0.0,10.0,4.0,5.0,4.0,0.0,6.0,12.0,8.0,1.0,4.0
C0071,11.0,0.0,0.0,0.0,9.0,10.0,5.0,13.0,0.0,6.0,0.0,2.0,3.0,0.0,8.0,0.0,6.0,0.0,8.0,2.0,3.0,5.0,3.0,5.0
C0072,10.0,4.0,5.0,4.0,16.0,3.0,8.0,7.0,6.0,1.0,0.0,2.0,1.0,4.0,4.0,3.0,0.0,0.0,2.0,24.0,8.0,17.0,15.0,2.0
C0073,6.0,0.0,2.0,5.0,2.0,9.0,6.0,0.0,1.0,8.0,1.0,3.0,6.0,1.0,7.0,3.0,9.0,7.0,0.0,2.0,6.0,0.0,10.0,4.0
C0074,6.0,4.0,1.0,0.0,5.0,2.0,9.0,2.0,7.0,3.0,2.0,5.0,2.0,4.0,0.0,1.0,1.0,0.0,13.0,0.0,8.0,3.0,1.0,4.0
C0075,1.0,0.0,1.0,3.0,5.0,7.0,7.0,0.0,3.0,1.0,0.0,0.0,15.0,0.0,9.0,6.0,3.0,7.0,2.0,6.0,10.0,7.0,6.0,14.0
C0076,7.0,4.0,1.0,2.0,1.0,1.0,14.0,3.0,0.0,4.0,4.0,7.0,2.0,2.0,8.0,7.0,0.0,0.0,7.0,5.0,1.0,0.0,3.0,4.0
C0077,7.0,6.0,3.0,0.0,12.0,4.0,4.0,0.0,4.0,3.0,3.0,7.0,0.0,1.0,11.0,2.0,0.0,10.0,2.0,4.0,3.0,1.0,0.0,2.0
C0078,12.0,10.0,1.0,2.0,6.0,2.0,6.0,7.0,6.0,1.0,5.0,2.0,2.0,6.0,8.0,3.0,6.0,2.0,0.0,1.0,8.0,2.0,5.0,2.0
C0079,3.0,4.0,5.0,9.0,0.0,7.0,3.0,0.0,7.0,0.0,0.0,1.0,2.0,0.0,5.0,0.0,6.0,0.0,1.0,12.0,3.0,1.0,1.0,5.0
C0080,5.0,8.0,7.0,2.0,2.0,7.0,3.0,1.0,1.0,1.0,0.0,0.0,8.0,2.0,7.0,2.0,1.0,6.0,9.0,1.0,0.0,6.0,6.0,7.0
C0081,12.0,0.0,0.0,0.0,4.0,3.0,5.0,4.0,2.0,6.0,3.0,2.0,4.0,0.0,3.0,7.0,0.0,0.0,3.0,8.0,0.0,1.0,3.0,3.0
C0082,4.0,0.0,1.0,4.0,2.0,10.0,7.0,1.0,0.0,13.0,0.0,13.0,4.0,2.0,3.0,8.0,3.0,0.0,2.0,3.0,3.0,8.0,2.0,0.0
C0083,6.0,4.0,6.0,0.0,0.0,12.0,12.0,0.0,1.0,7.0,0.0,5.0,14.0,10.0,7.0,10.0,5.0,0.0,2.0,0.0,6.0,5.0,0.0,0.0
C0084,8.0,1.0,9.0,0.0,5.0,6.0,1.0,5.0,5.0,0.0,5.0,2.0,4.0,2.0,8.0,6.0,1.0,1.0,0.0,1.0,3.0,0.0,7.0,2.0
C0085,16.0,0.0,1.0,2.0,0.0,2.0,1.0,0.0,0.0,2.0,0.0,4.0,3.0,2.0,6.0,3.0,2.0,1.0,3.0,8.0,5.0,7.0,2.0,5.0
C0086,6.0,5.0,1.0,7.0,2.0,4.0,3.0,6.0,0.0,6.0,3.0,8.0,2.0,0.0,4.0,9.0,1.0,5.0,4.0,3.0,8.0,12.0,7.0,9.0
C0087,3.0,10.0,0.0,5.0,5.0,0.0,11.0,0.0,4.0,7.0,4.0,0.0,4.0,1.0,8.0,4.0,0.0,0.0,0.0,0.0,2.0,4.0,2.0,4.0
C0088,3.0,0.0,12.0,0.0,8.0,13.0,9.0,0.0,9.0,8.0,0.0,0.0,12.0,0.0,3.0,0.0,0.0,4.0,0.0,2.0,4.0,8.0,1.0,8.0
C0089,9.0,1.0,6.0,4.0,9.0,6.0,4.0,0.0,6.0,5.0,3.0,2.0,4.0,5.0,2.0,3.0,0.0,7.0,0.0,5.0,2.0,8.0,8.0,7.0
C0090,4.0,5.0,8.0,14.0,6.0,2.0,9.0,4.0,6.0,4.0,0.0,6.0,3.0,0.0,12.0,0.0,4.0,2.0,1.0,5.0,11.0,0.0,1.0,0.0
C0091,7.0,0.0,9.0,0.0,11.0,2.0,8.0,3.0,0.0,2.0,2.0,0.0,5.0,3.0,3.0,0.0,2.0,3.0,8.0,0.0,0.0,0.0,3.0,11.0
C0092,7.0,5.0,0.0,2.0,10.0,6.0,0.0,7.0,3.0,3.0,4.0,3.0,1.0,9.0,0.0,1.0,2.0,0.0,2.0,3.0,7.0,2.0,0.0,10.0
C0093,6.0,9.0,8.0,7.0,10.0,2.0,4.0,0.0,8.0,5.0,8.0,2.0,0.0,0.0,6.0,0.0,3.0,9.0,2.0,1.0,4.0,6.0,0.0,6.0
C0094,3.0,6.0,2.0,6.0,8.0,6.0,8.0,1.0,3.0,4.0,2.0,7.0,6.0,0.0,2.0,0.0,2.0,0.0,7.0,5.0,9.0,4.0,6.0,0.0
C0095,9.0,4.0,2.0,2.0,2.0,0.0,5.0,12.0,3.0,12.0,4.0,8.0,0.0,6.0,4.0,8.0,0.0,1.0,2.0,6.0,1.0,5.0,1.0,7.0
C0096,8.0,1.0,13.0,2.0,4.0,0.0,2.0,4.0,0.0,3.0,1.0,3.0,0.0,2.0,2.0,0.0,10.0,14.0,0.0,1.0,10.0,1.0,4.0,7.0
C0097,9.0,0.0,2.0,3.0,4.0,9.0,3.0,0.0,3.0,3.0,0.0,5.0,0.0,3.0,7.0,9.0,5.0,1.0,7.0,0.0,7.0,1.0,2.0,3.0
C0098,3.0,0.0,1.0,1.0,3.0,23.0,13.0,5.0,2.0,3.0,2.0,0.0,4.0,5.0,2.0,2.0,4.0,0.0,4.0,2.0,6.0,12.0,4.0,18.0
C0099,6.0,0.0,0.0,3.0,1.0,6.0,4.0,6.0,5.0,8.0,3.0,6.0,7.0,0.0,0.0,0.0,12.0,2.0,0.0,0.0,3.0,1.0,6.0,11.0
C0100,5.0,0.0,3.0,0.0,0.0,0.0,7.0,0.0,0.0,4.0,0.0,2.0,6.0,0.0,9.0,6.0,2.0,1.0,2.0,1.0,3.0,0.0,0.0,3.0
C0101,4.0,3.0,5.0,0.0,0.0,15.0,0.0,2.0,2.0,3.0,3.0,4.0,3.0,4.0,11.0,2.0,7.0,1.0,8.0,0.0,0.0,0.0,2.0,0.0
C0102,9.0,0.0,2.0,2.0,8.0,8.0,0.0,3.0,5.0,7.0,5.0,3.0,3.0,5.0,0.0,5.0,5.0,0.0,2.0,11.0,7.0,1.0,2.0,5.0
C0103,1.0,0.0,6.0,2.0,2.0,8.0,2.0,0.0,3.0,4.0,2.0,0.0,3.0,2.0,1.0,0.0,7.0,2.0,6.0,4.0,5.0,0.0,12.0,1.0
C0104,3.0,3.0,1.0,2.0,10.0,8.0,7.0,1.0,1.0,3.0,0.0,8.0,8.0,0.0,5.0,0.0,4.0,3.0,0.0,3.0,14.0,7.0,7.0,15.0
C0105,11.0,5.0,3.0,0.0,3.0,11.0,3.0,9.0,9.0,0.0,0.0,0.0,2.0,0.0,9.0,0.0,1.0,0.0,5.0,0.0,1.0,0.0,0.0,24.0
C0106,7.0,2.0,5.0,4.0,1.0,7.0,0.0,5.0,0.0,6.0,0.0,2.0,3.0,0.0,5.0,2.0,4.0,6.0,1.0,5.0,3.0,2.0,1.0,0.0
C0107,8.0,2.0,0.0,0.0,6.0,11.0,2.0,8.0,4.0,2.0,0.0,7.0,11.0,2.0,2.0,3.0,1.0,4.0,0.0,3.0,4.0,1.0,0.0,7.0
C0108,7.0,4.0,6.0,1.0,8.0,6.0,11.0,4.0,0.0,4.0,5.0,11.0,6.0,2.0,1.0,10.0,4.0,0.0,0.0,1.0,4.0,2.0,6.0,3.0
C0109,4.0,0.0,0.0,3.0,0.0,6.0,0.0,5.0,5.0,1.0,0.0,0.0,2.0,1.0,14.0,0.0,0.0,2.0,6.0,1.0,0.0,0.0,0.0,8.0
C0110,4.0,3.0,0.0,0.0,1.0,2.0,2.0,0.0,2.0,1.0,0.0,2.0,1.0,14.0,9.0,8.0,1.0,0.0,0.0,3.0,4.0,0.0,4.0,0.0
C0111,2.0,3.0,3.0,0.0,2.0,7.0,0.0,5.0,6.0,3.0,9.0,3.0,10.0,1.0,4.0,12.0,9.0,3.0,7.0,7.0,12.0,3.0,5.0,9.0
C0112,3.0,10.0,0.0,16.0,4.0,2.0,0.0,1.0,0.0,7.0,0.0,1.0,8.0,0.0,4.0,6.0,7.0,3.0,0.0,3.0,4.0,0.0,0.0,3.0
C0113,1.0,4.0,6.0,0.0,3.0,5.0,1.0,8.0,0.0,12.0,0.0,3.0,11.0,9.0,7.0,2.0,3.0,6.0,8.0,3.0,13.0,5.0,0.0,4.0
C0114,0.0,9.0,0.0,1.0,6.0,7.0,3.0,1.0,1.0,4.0,0.0,6.0,3.0,3.0,5.0,2.0,10.0,0.0,0.0,3.0,7.0,1.0,6.0,8.0
C0115,10.0,4.0,0.0,2.0,1.0,9.0,2.0,3.0,0.0,6.0,4.0,10.0,5.0,0.0,1.0,0.0,1.0,9.0,6.0,6.0,4.0,10.0,3.0,2.0
C0116,5.0,0.0,0.0,3.0,7.0,8.0,7.0,4.0,8.0,2.0,3.0,7.0,9.0,0.0,5.0,1.0,3.0,0.0,3.0,5.0,0.0,1.0,6.0,1.0
C0117,9.0,6.0,3.0,0.0,3.0,15.0,0.0,4.0,3.0,2.0,1.0,5.0,7.0,0.0,8.0,0.0,0.0,0.0,0.0,12.0,2.0,6.0,0.0,9.0
C0118,4.0,10.0,7.0,2.0,9.0,1.0,8.0,0.0,3.0,3.0,2.0,3.0,13.0,1.0,0.0,2.0,0.0,1.0,4.0,0.0,9.0,2.0,3.0,0.0
C0119,2.0,0.0,5.0,4.0,0.0,4.0,9.0,1.0,7.0,10.0,1.0,6.0,8.0,0.0,2.0,0.0,1.0,3.0,3.0,4.0,6.0,5.0,4.0,3.0
C0120,8.0,3.0,11.0,6.0,1.0,6.0,3.0,4.0,5.0,10.0,8.0,0.0,6.0,8.0,5.0,0.0,0.0,0.0,2.0,4.0,0.0,4.0,0.0,6.0
C0121,3.0,1.0,5.0,4.0,6.0,5.0,3.0,5.0,4.0,6.0,1.0,6.0,2.0,4.0,0.0,7.0,9.0,3.0,5.0,7.0,7.0,3.0,0.0,11.0
C0122,7.0,2.0,2.0,11.0,0.0,7.0,13.0,5.0,5.0,6.0,10.0,4.0,15.0,3.0,11.0,7.0,5.0,1.0,2.0,4.0,2.0,2.0,3.0,4.0
C0123,1.0,1.0,0.0,8.0,0.0,5.0,1.0,0.0,0.0,1.0,1.0,9.0,7.0,0.0,3.0,7.0,6.0,9.0,2.0,7.0,3.0,2.0,0.0,6.0
C0124,5.0,0.0,4.0,5.0,9.0,0.0,1.0,5.0,3.0,7.0,1.0,3.0,3.0,2.0,5.0,4.0,7.0,4.0,1.0,2.0,4.0,0.0,7.0,9.0
C0125,6.0,3.0,3.0,0.0,3.0,0.0,4.0,4.0,3.0,4.0,0.0,0.0,0.0,1.0,5.0,11.0,2.0,3.0,2.0,0.0,2.0,5.0,0.0,5.0
C0126,8.0,1.0,6.0,0.0,0.0,7.0,7.0,8.0,1.0,1.0,0.0,7.0,5.0,1.0,0.0,4.0,1.0,3.0,7.0,0.0,8.0,0.0,1.0,1.0
C0127,6.0,2.0,7.0,3.0,0.0,2.0,1.0,8.0,0.0,0.0,4.0,11.0,5.0,1.0,2.0,5.0,12.0,1.0,0.0,2.0,2.0,14.0,1.0,4.0
C0128,3.0,7.0,1.0,4.0,0.0,21.0,0.0,1.0,7.0,2.0,2.0,5.0,2.0,11.0,4.0,5.0,4.0,0.0,4.0,7.0,3.0,0.0,0.0,9.0
C0129,6.0,3.0,4.0,7.0,1.0,3.0,1.0,5.0,4.0,10.0,10.0,0.0,0.0,1.0,1.0,9.0,1.0,0.0,6.0,5.0,3.0,3.0,0.0,10.0
C0130,7.0,3.0,4.0,3.0,4.0,2.0,8.0,1.0,0.0,2.0,2.0,10.0,4.0,4.0,1.0,2.0,0.0,6.0,7.0,5.0,4.0,5.0,0.0,3.0
C0131,7.0,7.0,1.0,0.0,7.0,0.0,1.0,2.0,5.0,0.0,0.0,0.0,0.0,0.0,3.0,2.0,4.0,0.0,2.0,0.0,5.0,0.0,1.0,7.0
C0132,10.0,1.0,7.0,0.0,7.0,2.0,3.0,5.0,1.0,0.0,0.0,5.0,13.0,3.0,4.0,5.0,3.0,3.0,8.0,7.0,0.0,0.0,10.0,4.0
C0133,1.0,5.0,6.0,8.0,5.0,1.0,6.0,4.0,7.0,7.0,0.0,2.0,5.0,2.0,7.0,2.0,5.0,8.0,3.0,0.0,0.0,10.0,1.0,9.0
C0134,3.0,5.0,4.0,1.0,2.0,0.0,4.0,8.0,5.0,7.0,3.0,10.0,10.0,4.0,1.0,0.0,6.0,5.0,8.0,1.0,4.0,3.0,0.0,11.0
C0135,2.0,2.0,3.0,0.0,0.0,17.0,1.0,3.0,3.0,0.0,0.0,4.0,4.0,0.0,4.0,5.0,7.0,3.0,3.0,9.0,2.0,8.0,2.0,5.0
C0136,4.0,5.0,2.0,5.0,2.0,0.0,2.0,1.0,4.0,11.0,9.0,5.0,4.0,1.0,5.0,0.0,7.0,7.0,0.0,9.0,2.0,5.0,3.0,2.0
C0137,2.0,4.0,2.0,3.0,3.0,3.0,9.0,3.0,2.0,2.0,4.0,5.0,12.0,0.0,5.0,0.0,0.0,1.0,0.0,8.0,3.0,3.0,5.0,2.0
C0138,7.0,6.0,0.0,9.0,0.0,2.0,0.0,7.0,6.0,0.0,3.0,2.0,1.0,3.0,4.0,4.0,8.0,5.0,1.0,11.0,8.0,0.0,7.0,1.0
C0139,6.0,5.0,0.0,1.0,0.0,5.0,2.0,3.0,4.0,4.0,1.0,3.0,1.0,6.0,5.0,0.0,1.0,4.0,9.0,0.0,4.0,7.0,1.0,7.0
C0140,8.0,9.0,5.0,5.0,0.0,6.0,5.0,10.0,9.0,7.0,2.0,3.0,2.0,3.0,4.0,2.0,12.0,3.0,3.0,3.0,8.0,0.0,0.0,5.0
C0141,0.0,6.0,3.0,9.0,11.0,7.0,6.0,7.0,0.0,2.0,2.0,1.0,9.0,1.0,7.0,0.0,0.0,5.0,5.0,1.0,4.0,0.0,7.0,5.0
C0142,4.0,8.0,2.0,0.0,5.0,6.0,1.0,3.0,4.0,10.0,2.0,5.0,8.0,1.0,3.0,0.0,7.0,0.0,0.0,4.0,1.0,0.0,0.0,7.0
C0143,9.0,5.0,2.0,1.0,5.0,5.0,0.0,5.0,2.0,7.0,7.0,0.0,3.0,0.0,3.0,1.0,3.0,0.0,3.0,4.0,6.0,0.0,8.0,4.0
C0144,3.0,5.0,2.0,0.0,4.0,0.0,11.0,0.0,8.0,2.0,7.0,0.0,0.0,5.0,3.0,10.0,10.0,0.0,3.0,1.0,3.0,7.0,0.0,5.0
C0145,1.0,4.0,0.0,0.0,2.0,8.0,11.0,9.0,1.0,9.0,2.0,2.0,2.0,5.0,4.0,1.0,12.0,0.0,1.0,2.0,2.0,5.0,0.0,3.0
C0146,15.0,0.0,11.0,1.0,4.0,6.0,9.0,3.0,9.0,7.0,3.0,5.0,0.0,4.0,9.0,6.0,0.0,3.0,4.0,0.0,6.0,13.0,0.0,8.0
C0147,4.0,0.0,0.0,1.0,0.0,11.0,7.0,8.0,7.0,4.0,0.0,3.0,8.0,3.0,1.0,7.0,9.0,0.0,0.0,0.0,0.0,2.0,2.0,0.0
C0148,2.0,7.0,16.0,2.0,2.0,7.0,0.0,1.0,0.0,1.0,1.0,6.0,9.0,3.0,2.0,0.0,0.0,2.0,2.0,1.0,3.0,0.0,1.0,10.0
C0149,1.0,6.0,5.0,6.0,6.0,2.0,4.0,0.0,0.0,5.0,0.0,7.0,6.0,4.0,0.0,13.0,4.0,4.0,0.0,1.0,7.0,4.0,2.0,5.0
C0150,3.0,5.0,4.0,4.0,7.0,0.0,0.0,2.0,0.0,4.0,2.0,6.0,5.0,4.0,11.0,0.0,3.0,3.0,8.0,0.0,6.0,2.0,0.0,6.0
C0151,4.0,0.0,1.0,1.0,0.0,2.0,1.0,0.0,5.0,5.0,2.0,10.0,12.0,1.0,2.0,0.0,1.0,4.0,2.0,6.0,7.0,5.0,2.0,5.0
C0152,8.0,0.0,4.0,3.0,2.0,3.0,0.0,6.0,5.0,14.0,4.0,4.0,14.0,2.0,7.0,1.0,2.0,1.0,0.0,3.0,0.0,4.0,4.0,4.0
C0153,0.0,4.0,3.0,0.0,5.0,6.0,0.0,4.0,4.0,5.0,8.0,1.0,1.0,4.0,4.0,4.0,3.0,1.0,6.0,3.0,8.0,6.0,9.0,11.0
C0154,11.0,6.0,2.0,1.0,4.0,5.0,1.0,0.0,2.0,2.0,0.0,2.0,2.0,1.0,8.0,6.0,0.0,3.0,4.0,0.0,8.0,1.0,1.0,4.0
C0155,2.0,0.0,3.0,2.0,7.0,5.0,2.0,3.0,0.0,9.0,4.0,1.0,10.0,1.0,2.0,7.0,9.0,4.0,0.0,7.0,5.0,5.0,4.0,2.0
C0156,0.0,1.0,4.0,4.0,0.0,7.0,12.0,5.0,3.0,2.0,0.0,1.0,8.0,2.0,6.0,7.0,0.0,1.0,9.0,1.0,0.0,3.0,0.0,10.0
C0157,9.0,0.0,5.0,5.0,2.0,0.0,0.0,4.0,0.0,2.0,1.0,1.0,7.0,10.0,11.0,1.0,5.0,0.0,5.0,2.0,1.0,4.0,6.0,11.0
C0158,14.0,1.0,4.0,5.0,8.0,6.0,2.0,2.0,0.0,3.0,2.0,0.0,6.0,4.0,1.0,3.0,0.0,1.0,6.0,0.0,1.0,10.0,3.0,9.0
C0159,4.0,0.0,4.0,3.0,9.0,4.0,4.0,3.0,4.0,1.0,2.0,1.0,6.0,12.0,5.0,14.0,8.0,1.0,7.0,6.0,0.0,8.0,7.0,0.0
C0160,5.0,4.0,2.0,3.0,5.0,5.0,2.0,6.0,0.0,7.0,1.0,11.0,13.0,6.0,9.0,1.0,1.0,5.0,0.0,0.0,1.0,1.0,0.0,14.0
C0161,2.0,2.0,11.0,0.0,1.0,0.0,4.0,1.0,0.0,1.0,1.0,6.0,8.0,0.0,3.0,4.0,4.0,2.0,8.0,1.0,4.0,6.0,3.0,6.0
C0162,0.0,0.0,2.0,0.0,0.0,2.0,8.0,0.0,0.0,2.0,4.0,1.0,4.0,1.0,0.0,3.0,8.0,0.0,0.0,11.0,3.0,6.0,3.0,4.0
C0163,6.0,3.0,0.0,0.0,0.0,6.0,2.0,2.0,4.0,5.0,2.0,2.0,8.0,4.0,3.0,3.0,2.0,10.0,0.0,3.0,9.0,1.0,3.0,6.0
C0164,2.0,4.0,1.0,5.0,1.0,2.0,4.0,3.0,1.0,8.0,0.0,0.0,0.0,1.0,15.0,1.0,5.0,6.0,1.0,7.0,5.0,0.0,0.0,7.0
C0165,5.0,1.0,8.0,0.0,0.0,12.0,4.0,7.0,0.0,0.0,4.0,5.0,9.0,1.0,1.0,3.0,4.0,8.0,12.0,11.0,4.0,0.0,4.0,6.0
C0166,7.0,5.0,0.0,8.0,6.0,3.0,1.0,5.0,3.0,1.0,1.0,5.0,4.0,2.0,8.0,3.0,8.0,0.0,11.0,8.0,3.0,5.0,0.0,0.0
C0167,4.0,9.0,2.0,0.0,6.0,5.0,4.0,5.0,4.0,0.0,0.0,4.0,3.0,3.0,2.0,8.0,0.0,0.0,13.0,13.0,1.0,0.0,8.0,3.0
C0168,5.0,10.0,12.0,3.0,4.0,0.0,2.0,1.0,7.0,7.0,0.0,4.0,8.0,15.0,2.0,1.0,4.0,4.0,0.0,3.0,2.0,0.0,2.0,2.0
C0169,1.0,7.0,2.0,0.0,5.0,1.0,8.0,3.0,0.0,1.0,7.0,3.0,7.0,4.0,3.0,1.0,4.0,4.0,4.0,0.0,2.0,1.0,11.0,4.0
C0170,2.0,1.0,3.0,0.0,8.0,0.0,3.0,2.0,9.0,7.0,14.0,6.0,7.0,6.0,6.0,1.0,4.0,2.0,0.0,6.0,1.0,4.0,7.0,3.0
C0171,2.0,7.0,3.0,7.0,3.0,3.0,3.0,2.0,8.0,3.0,3.0,7.0,0.0,0.0,4.0,3.0,2.0,1.0,5.0,8.0,3.0,10.0,3.0,7.0
C0172,3.0,1.0,3.0,5.0,7.0,2.0,3.0,0.0,3.0,1.0,0.0,11.0,1.0,0.0,0.0,0.0,3.0,6.0,0.0,5.0,9.0,0.0,5.0,6.0
C0173,9.0,9.0,0.0,2.0,2.0,6.0,6.0,3.0,0.0,3.0,0.0,3.0,6.0,3.0,6.0,4.0,5.0,0.0,1.0,3.0,2.0,2.0,1.0,7.0
C0174,12.0,6.0,0.0,1.0,2.0,5.0,6.0,4.0,0.0,0.0,4.0,0.0,4.0,0.0,5.0,3.0,7.0,3.0,5.0,5.0,6.0,1.0,0.0,0.0
C0175,8.0,1.0,0.0,0.0,12.0,9.0,17.0,5.0,0.0,3.0,0.0,5.0,3.0,7.0,12.0,3.0,9.0,6.0,1.0,6.0,7.0,6.0,0.0,6.0
C0176,6.0,0.0,5.0,2.0,6.0,0.0,3.0,6.0,8.0,3.0,0.0,0.0,10.0,3.0,6.0,0.0,8.0,0.0,12.0,0.0,2.0,1.0,0.0,5.0
C0177,10.0,3.0,3.0,1.0,3.0,9.0,4.0,7.0,19.0,5.0,0.0,3.0,4.0,3.0,2.0,7.0,3.0,1.0,7.0,0.0,2.0,0.0,3.0,1.0
C0178,10.0,0.0,8.0,4.0,10.0,3.0,0.0,6.0,5.0,4.0,6.0,0.0,5.0,2.0,7.0,0.0,0.0,0.0,0.0,10.0,3.0,4.0,2.0,6.0
C0179,1.0,5.0,0.0,6.0,6.0,4.0,4.0,0.0,11.0,1.0,2.0,0.0,6.0,1.0,8.0,1.0,5.0,1.0,1.0,11.0,4.0,1.0,4.0,9.0
C0180,20.0,2.0,2.0,5.0,0.0,9.0,5.0,3.0,5.0,12.0,0.0,4.0,7.0,0.0,5.0,3.0,3.0,2.0,4.0,4.0,4.0,4.0,0.0,5.0
C0181,2.0,2.0,3.0,11.0,8.0,4.0,8.0,2.0,2.0,4.0,1.0,2.0,1.0,5.0,7.0,5.0,3.0,0.0,0.0,3.0,3.0,0.0,2.0,7.0
C0182,10.0,0.0,0.0,10.0,0.0,2.0,6.0,6.0,0.0,4.0,2.0,7.0,2.0,7.0,13.0,4.0,5.0,1.0,6.0,3.0,0.0,2.0,5.0,8.0
C0183,4.0,1.0,4.0,7.0,3.0,0.0,0.0,9.0,5.0,0.0,1.0,4.0,12.0,0.0,5.0,2.0,4.0,10.0,0.0,2.0,2.0,2.0,7.0,3.0
C0184,1.0,0.0,1.0,1.0,20.0,4.0,1.0,7.0,2.0,0.0,0.0,1.0,1.0,4.0,0.0,8.0,2.0,3.0,8.0,5.0,13.0,2.0,1.0,3.0
C0185,0.0,0.0,3.0,1.0,1.0,1.0,7.0,15.0,7.0,4.0,6.0,8.0,11.0,0.0,6.0,4.0,0.0,4.0,1.0,6.0,2.0,12.0,0.0,13.0
C0186,2.0,0.0,5.0,8.0,11.0,7.0,5.0,11.0,1.0,5.0,1.0,0.0,3.0,1.0,1.0,1.0,0.0,0.0,0.0,6.0,0.0,2.0,2.0,0.0
C0187,4.0,0.0,0.0,0.0,6.0,8.0,10.0,8.0,1.0,9.0,7.0,7.0,3.0,1.0,3.0,4.0,5.0,0.0,11.0,5.0,3.0,6.0,4.0,5.0
C0188,9.0,4.0,5.0,5.0,5.0,0.0,12.0,0.0,4.0,14.0,5.0,3.0,2.0,2.0,1.0,1.0,0.0,2.0,3.0,0.0,9.0,0.0,0.0,4.0
C0189,14.0,6.0,1.0,0.0,3.0,0.0,8.0,3.0,7.0,6.0,3.0,12.0,5.0,4.0,1.0,4.0,8.0,1.0,6.0,0.0,12.0,0.0,5.0,6.0
C0190,1.0,3.0,0.0,8.0,2.0,8.0,0.0,0.0,6.0,6.0,5.0,0.0,5.0,3.0,10.0,0.0,4.0,0.0,3.0,3.0,0.0,2.0,0.0,5.0
C0191,11.0,2.0,1.0,1.0,3.0,1.0,4.0,2.0,4.0,9.0,5.0,2.0,8.0,4.0,23.0,7.0,1.0,0.0,5.0,0.0,6.0,3.0,5.0,5.0
C0192,11.0,7.0,0.0,5.0,1.0,1.0,2.0,8.0,0.0,3.0,1.0,3.0,10.0,7.0,6.0,4.0,0.0,5.0,0.0,0.0,10.0,1.0,3.0,12.0
C0193,6.0,4.0,1.0,5.0,8.0,10.0,0.0,7.0,5.0,2.0,1.0,5.0,10.0,4.0,3.0,6.0,4.0,0.0,3.0,4.0,0.0,8.0,1.0,5.0
C0194,12.0,4.0,0.0,7.0,4.0,5.0,13.0,9.0,0.0,2.0,3.0,0.0,0.0,3.0,4.0,8.0,1.0,0.0,3.0,1.0,0.0,0.0,3.0,10.0
C0195,5.0,1.0,3.0,5.0,0.0,2.0,9.0,0.0,2.0,5.0,0.0,3.0,3.0,2.0,6.0,2.0,0.0,0.0,0.0,3.0,5.0,7.0,8.0,6.0
C0196,4.0,5.0,0.0,3.0,1.0,9.0,1.0,0.0,0.0,0.0,2.0,2.0,6.0,3.0,2.0,7.0,8.0,5.0,0.0,2.0,5.0,3.0,4.0,11.0
C0197,10.0,3.0,15.0,1.0,9.0,1.0,2.0,3.0,5.0,0.0,2.0,2.0,1.0,8.0,6.0,7.0,4.0,0.0,4.0,4.0,6.0,0.0,0.0,5.0
C0198,12.0,7.0,5.0,0.0,4.0,4.0,2.0,7.0,12.0,2.0,3.0,9.0,4.0,7.0,4.0,21.0,0.0,0.0,3.0,6.0,3.0,0.0,2.0,2.0
C0199,2.0,1.0,0.0,7.0,1.0,4.0,5.0,1.0,3.0,6.0,2.0,3.0,5.0,0.0,0.0,9.0,3.0,7.0,5.0,4.0,4.0,7.0,0.0,5.0
C0200,7.0,0.0,5.0,2.0,2.0,8.0,4.0,6.0,6.0,8.0,5.0,1.0,6.0,0.0,4.0,3.0,0.0,0.0,5.0,4.0,6.0,13.0,2.0,1.0
C0201,15.0,2.0,8.0,0.0,0.0,7.0,17.0,8.0,16.0,3.0,1.0,0.0,10.0,0.0,0.0,2.0,0.0,0.0,10.0,4.0,12.0,0.0,1.0,4.0
C0202,7.0,0.0,5.0,5.0,2.0,0.0,2.0,9.0,0.0,9.0,2.0,2.0,18.0,2.0,0.0,2.0,6.0,12.0,0.0,5.0,9.0,6.0,2.0,3.0
C0203,11.0,2.0,1.0,6.0,6.0,7.0,4.0,4.0,10.0,9.0,2.0,0.0,0.0,10.0,5.0,0.0,6.0,5.0,6.0,1.0,0.0,2.0,4.0,4.0
C0204,6.0,11.0,2.0,0.0,3.0,5.0,6.0,7.0,4.0,4.0,1.0,0.0,11.0,0.0,9.0,3.0,2.0,2.0,8.0,3.0,3.0,3.0,4.0,10.0
C0205,4.0,6.0,10.0,10.0,9.0,3.0,1.0,13.0,0.0,1.0,1.0,4.0,0.0,2.0,2.0,6.0,2.0,0.0,4.0,0.0,0.0,1.0,10.0,9.0
C0206,2.0,0.0,6.0,5.0,6.0,4.0,9.0,0.0,0.0,0.0,2.0,3.0,12.0,0.0,5.0,4.0,0.0,0.0,5.0,4.0,4.0,4.0,8.0,8.0
C0207,3.0,2.0,0.0,2.0,6.0,3.0,4.0,6.0,0.0,1.0,3.0,4.0,8.0,0.0,4.0,3.0,2.0,2.0,0.0,9.0,8.0,3.0,2.0,0.0
C0208,5.0,1.0,3.0,1.0,3.0,13.0,3.0,0.0,0.0,1.0,0.0,0.0,4.0,6.0,4.0,1.0,4.0,7.0,7.0,5.0,0.0,0.0,3.0,8.0
C0209,3.0,4.0,2.0,0.0,8.0,11.0,23.0,1.0,1.0,1.0,0.0,2.0,11.0,13.0,7.0,1.0,2.0,5.0,2.0,5.0,10.0,0.0,0.0,0.0
C0210,8.0,0.0,0.0,0.0,2.0,18.0,3.0,4.0,4.0,1.0,0.0,4.0,11.0,0.0,10.0,3.0,0.0,0.0,21.0,2.0,1.0,1.0,2.0,8.0
C0211,9.0,1.0,7.0,1.0,6.0,8.0,9.0,4.0,0.0,1.0,0.0,0.0,2.0,3.0,1.0,3.0,3.0,4.0,10.0,1.0,6.0,5.0,0.0,5.0
C0212,6.0,6.0,2.0,1.0,0.0,10.0,5.0,2.0,3.0,0.0,1.0,7.0,10.0,4.0,9.0,1.0,7.0,6.0,7.0,2.0,1.0,2.0,0.0,10.0
C0213,2.0,2.0,3.0,5.0,0.0,11.0,11.0,7.0,5.0,6.0,0.0,1.0,3.0,3.0,0.0,4.0,3.0,3.0,4.0,0.0,6.0,3.0,0.0,7.0
C0214,7.0,4.0,11.0,7.0,3.0,12.0,9.0,1.0,0.0,2.0,5.0,8.0,9.0,6.0,14.0,4.0,0.0,1.0,0.0,2.0,0.0,3.0,0.0,3.0
C0215,11.0,6.0,2.0,6.0,7.0,10.0,5.0,1.0,3.0,8.0,0.0,0.0,3.0,4.0,3.0,3.0,14.0,0.0,4.0,0.0,8.0,0.0,0.0,5.0
C0216,7.0,0.0,2.0,3.0,2.0,0.0,2.0,3.0,0.0,4.0,1.0,14.0,4.0,5.0,7.0,0.0,11.0,0.0,6.0,1.0,0.0,0.0,0.0,7.0
C0217,6.0,0.0,0.0,5.0,0.0,0.0,3.0,0.0,3.0,1.0,0.0,1.0,2.0,4.0,7.0,1.0,5.0,3.0,1.0,5.0,2.0,5.0,10.0,12.0
C0218,13.0,4.0,7.0,9.0,4.0,6.0,3.0,11.0,0.0,4.0,5.0,10.0,2.0,8.0,0.0,3.0,6.0,6.0,5.0,2.0,1.0,0.0,7.0,13.0
C0219,2.0,0.0,4.0,0.0,1.0,4.0,1.0,3.0,0.0,10.0,0.0,0.0,6.0,5.0,2.0,1.0,5.0,0.0,2.0,2.0,5.0,3.0,4.0,0.0
C0220,4.0,8.0,8.0,12.0,7.0,5.0,3.0,4.0,0.0,0.0,4.0,8.0,10.0,4.0,9.0,0.0,0.0,4.0,1.0,6.0,0.0,6.0,10.0,4.0
C0221,2.0,0.0,2.0,0.0,1.0,7.0,2.0,5.0,3.0,12.0,4.0,1.0,13.0,4.0,2.0,4.0,6.0,3.0,8.0,3.0,10.0,5.0,7.0,4.0
C0222,0.0,3.0,0.0,1.0,7.0,6.0,6.0,0.0,4.0,8.0,5.0,0.0,4.0,4.0,3.0,2.0,8.0,0.0,5.0,1.0,4.0,7.0,6.0,10.0
C0223,4.0,6.0,6.0,1.0,8.0,0.0,7.0,6.0,6.0,6.0,0.0,2.0,7.0,3.0,9.0,4.0,7.0,1.0,3.0,4.0,3.0,4.0,8.0,12.0
C0224,2.0,0.0,8.0,2.0,13.0,4.0,3.0,3.0,11.0,1.0,2.0,7.0,5.0,4.0,10.0,6.0,4.0,4.0,2.0,3.0,4.0,3.0,0.0,6.0
C0225,10.0,4.0,0.0,4.0,1.0,3.0,0.0,5.0,10.0,2.0,2.0,2.0,11.0,0.0,7.0,3.0,1.0,1.0,1.0,1.0,2.0,3.0,6.0,4.0
C0226,9.0,5.0,6.0,9.0,1.0,15.0,0.0,3.0,3.0,2.0,0.0,9.0,3.0,7.0,3.0,11.0,2.0,2.0,0.0,13.0,12.0,0.0,1.0,2.0
C0227,10.0,0.0,10.0,1.0,4.0,4.0,4.0,0.0,4.0,3.0,0.0,0.0,5.0,4.0,3.0,4.0,6.0,1.0,0.0,4.0,4.0,2.0,6.0,3.0
C0228,13.0,5.0,4.0,7.0,0.0,2.0,8.0,0.0,0.0,3.0,0.0,2.0,1.0,3.0,3.0,1.0,2.0,5.0,0.0,5.0,3.0,2.0,1.0,3.0
C0229,3.0,0.0,15.0,10.0,0.0,6.0,0.0,0.0,6.0,4.0,2.0,1.0,16.0,7.0,0.0,4.0,1.0,0.0,7.0,0.0,7.0,6.0,6.0,6.0
C0230,1.0,7.0,7.0,2.0,8.0,3.0,0.0,12.0,2.0,0.0,2.0,9.0,1.0,1.0,1.0,3.0,2.0,5.0,12.0,7.0,0.0,7.0,0.0,2.0
C0231,0.0,9.0,6.0,0.0,0.0,2.0,3.0,8.0,3.0,2.0,3.0,3.0,5.0,3.0,5.0,0.0,4.0,2.0,1.0,5.0,1.0,7.0,0.0,5.0
C0232,6.0,0.0,1.0,6.0,0.0,1.0,2.0,1.0,6.0,0.0,2.0,8.0,22.0,5.0,5.0,7.0,2.0,0.0,2.0,9.0,7.0,1.0,0.0,5.0
C0233,7.0,4.0,2.0,2.0,4.0,9.0,2.0,6.0,5.0,7.0,0.0,8.0,5.0,0.0,7.0,0.0,1.0,0.0,1.0,2.0,0.0,4.0,8.0,7.0
C0234,1.0,0.0,2.0,7.0,9.0,2.0,4.0,2.0,0.0,2.0,6.0,5.0,0.0,7.0,9.0,0.0,2.0,7.0,8.0,0.0,7.0,0.0,2.0,3.0
C0235,5.0,0.0,12.0,2.0,4.0,4.0,7.0,3.0,6.0,4.0,0.0,1.0,2.0,0.0,6.0,2.0,0.0,4.0,0.0,1.0,4.0,4.0,12.0,1.0
C0236,3.0,5.0,1.0,2.0,1.0,3.0,3.0,6.0,3.0,5.0,1.0,6.0,5.0,2.0,3.0,2.0,7.0,2.0,1.0,4.0,1.0,8.0,1.0,8.0
C0237,10.0,8.0,3.0,0.0,13.0,1.0,2.0,9.0,0.0,2.0,0.0,6.0,12.0,8.0,7.0,2.0,6.0,4.0,10.0,10.0,0.0,5.0,11.0,6.0
C0238,2.0,3.0,0.0,1.0,2.0,6.0,6.0,6.0,4.0,8.0,0.0,9.0,0.0,0.0,5.0,11.0,0.0,13.0,5.0,0.0,1.0,2.0,0.0,3.0
C0239,6.0,2.0,7.0,0.0,0.0,3.0,2.0,3.0,3.0,4.0,3.0,0.0,2.0,0.0,8.0,8.0,4.0,3.0,0.0,0.0,3.0,7.0,5.0,7.0
C0240,8.0,5.0,5.0,3.0,6.0,2.0,9.0,3.0,7.0,5.0,8.0,5.0,6.0,2.0,4.0,2.0,2.0,1.0,0.0,0.0,1.0,5.0,7.0,4.0
C0241,2.0,7.0,1.0,6.0,1.0,8.0,7.0,2.0,7.0,0.0,5.0,4.0,7.0,0.0,6.0,4.0,2.0,5.0,10.0,3.0,7.0,3.0,2.0,7.0
C0242,5.0,2.0,6.0,4.0,0.0,5.0,2.0,8.0,10.0,2.0,8.0,13.0,0.0,0.0,2.0,1.0,0.0,1.0,4.0,2.0,2.0,5.0,5.0,12.0
C0243,1.0,1.0,2.0,4.0,4.0,3.0,10.0,2.0,5.0,5.0,0.0,3.0,4.0,3.0,0.0,0.0,6.0,0.0,10.0,4.0,7.0,6.0,2.0,5.0
C0244,10.0,6.0,5.0,0.0,3.0,6.0,1.0,2.0,6.0,0.0,10.0,0.0,4.0,0.0,7.0,4.0,0.0,3.0,1.0,6.0,11.0,11.0,0.0,1.0
C0245,2.0,3.0,9.0,2.0,14.0,6.0,0.0,0.0,4.0,2.0,0.0,1.0,6.0,3.0,8.0,0.0,0.0,1.0,3.0,0.0,1.0,5.0,9.0,2.0
C0246,1.0,0.0,6.0,11.0,7.0,10.0,0.0,0.0,5.0,0.0,0.0,4.0,10.0,0.0,6.0,6.0,8.0,0.0,5.0,0.0,6.0,1.0,0.0,6.0
C0247,3.0,1.0,3.0,1.0,15.0,5.0,0.0,4.0,6.0,2.0,0.0,6.0,1.0,0.0,5.0,0.0,0.0,3.0,2.0,4.0,4.0,0.0,13.0,0.0
C0248,9.0,1.0,4.0,5.0,2.0,10.0,6.0,0.0,5.0,4.0,0.0,1.0,9.0,2.0,1.0,6.0,4.0,1.0,4.0,0.0,5.0,3.0,4.0,12.0
C0249,11.0,3.0,3.0,0.0,2.0,7.0,5.0,4.0,3.0,5.0,2.0,6.0,3.0,6.0,10.0,0.0,0.0,6.0,4.0,5.0,4.0,0.0,3.0,16.0
C0250,5.0,0.0,1.0,3.0,1.0,2.0,7.0,3.0,1.0,0.0,0.0,0.0,2.0,0.0,1.0,7.0,2.0,4.0,11.0,4.0,3.0,2.0,0.0,9.0
C0251,3.0,7.0,1.0,2.0,8.0,10.0,2.0,6.0,12.0,7.0,1.0,8.0,2.0,4.0,3.0,1.0,3.0,0.0,7.0,8.0,0.0,1.0,3.0,8.0
C0252,6.0,1.0,7.0,3.0,11.0,0.0,7.0,5.0,0.0,2.0,0.0,3.0,0.0,0.0,1.0,4.0,0.0,2.0,0.0,2.0,3.0,3.0,3.0,6.0
C0253,5.0,4.0,4.0,7.0,11.0,4.0,1.0,0.0,1.0,1.0,1.0,1.0,7.0,8.0,2.0,0.0,4.0,4.0,0.0,7.0,3.0,1.0,8.0,4.0
C0254,6.0,3.0,7.0,5.0,2.0,8.0,13.0,4.0,0.0,7.0,4.0,4.0,3.0,0.0,4.0,6.0,5.0,3.0,3.0,3.0,4.0,6.0,3.0,2.0
C0255,6.0,0.0,1.0,0.0,6.0,8.0,0.0,3.0,1.0,3.0,6.0,2.0,6.0,11.0,5.0,6.0,5.0,5.0,4.0,4.0,6.0,5.0,4.0,9.0
C0256,13.0,2.0,0.0,0.0,4.0,0.0,4.0,0.0,1.0,4.0,3.0,3.0,5.0,14.0,4.0,4.0,8.0,2.0,8.0,6.0,3.0,2.0,3.0,0.0
C0257,3.0,6.0,0.0,3.0,5.0,13.0,2.0,0.0,6.0,6.0,1.0,4.0,14.0,1.0,7.0,2.0,8.0,3.0,12.0,2.0,6.0,6.0,1.0,2.0
C0258,2.0,0.0,7.0,3.0,1.0,4.0,0.0,5.0,3.0,4.0,2.0,3.0,1.0,2.0,0.0,1.0,2.0,2.0,3.0,6.0,12.0,2.0,0.0,6.0
C0259,0.0,0.0,7.0,0.0,9.0,2.0,0.0,3.0,0.0,7.0,5.0,2.0,8.0,0.0,0.0,0.0,3.0,0.0,6.0,11.0,9.0,1.0,0.0,0.0
C0260,7.0,1.0,9.0,0.0,4.0,11.0,3.0,2.0,9.0,8.0,3.0,8.0,4.0,0.0,6.0,1.0,5.0,1.0,5.0,6.0,0.0,4.0,4.0,14.0
C0261,4.0,0.0,3.0,0.0,7.0,12.0,3.0,3.0,0.0,2.0,0.0,0.0,9.0,4.0,15.0,3.0,4.0,0.0,0.0,0.0,8.0,1.0,2.0,1.0
C0262,14.0,3.0,1.0,3.0,2.0,2.0,12.0,4.0,6.0,2.0,1.0,5.0,7.0,6.0,0.0,2.0,5.0,0.0,1.0,2.0,7.0,6.0,1.0,1.0
C0263,0.0,1.0,0.0,1.0,3.0,2.0,2.0,7.0,0.0,0.0,4.0,9.0,2.0,1.0,9.0,3.0,0.0,0.0,0.0,7.0,4.0,5.0,0.0,11.0
C0264,12.0,1.0,0.0,7.0,2.0,4.0,2.0,4.0,3.0,4.0,0.0,3.0,2.0,4.0,3.0,3.0,2.0,1.0,5.0,1.0,3.0,4.0,0.0,3.0
C0265,1.0,3.0,6.0,8.0,1.0,0.0,3.0,4.0,5.0,0.0,13.0,0.0,6.0,0.0,7.0,4.0,6.0,5.0,1.0,3.0,0.0,7.0,6.0,5.0
C0266,9.0,0.0,1.0,6.0,10.0,1.0,5.0,2.0,7.0,1.0,2.0,1.0,3.0,2.0,3.0,0.0,1.0,4.0,7.0,2.0,3.0,3.0,1.0,4.0
C0267,12.0,5.0,1.0,8.0,1.0,5.0,9.0,0.0,1.0,9.0,0.0,0.0,4.0,5.0,5.0,0.0,0.0,0.0,1.0,3.0,1.0,6.0,5.0,11.0
C0268,2.0,12.0,2.0,0.0,3.0,13.0,2.0,3.0,5.0,4.0,1.0,1.0,7.0,1.0,5.0,7.0,1.0,8.0,2.0,3.0,8.0,5.0,3.0,12.0
C0269,0.0,2.0,5.0,2.0,4.0,2.0,7.0,1.0,2.0,1.0,0.0,7.0,1.0,1.0,6.0,2.0,2.0,3.0,0.0,1.0,12.0,0.0,7.0,4.0
C0270,5.0,5.0,0.0,2.0,0.0,5.0,0.0,4.0,1.0,1.0,4.0,6.0,3.0,2.0,2.0,3.0,0.0,6.0,7.0,0.0,3.0,0.0,0.0,19.0
C0271,13.0,2.0,2.0,5.0,3.0,2.0,2.0,3.0,6.0,1.0,0.0,1.0,8.0,3.0,2.0,0.0,3.0,7.0,2.0,5.0,5.0,4.0,0.0,20.0
C0272,4.0,3.0,5.0,0.0,3.0,4.0,5.0,9.0,4.0,0.0,3.0,9.0,5.0,4.0,3.0,3.0,5.0,1.0,0.0,2.0,9.0,3.0,0.0,11.0
C0273,7.0,0.0,6.0,3.0,1.0,6.0,2.0,2.0,0.0,1.0,8.0,2.0,3.0,6.0,0.0,0.0,4.0,6.0,5.0,2.0,3.0,6.0,3.0,5.0
C0274,0.0,0.0,2.0,6.0,4.0,0.0,0.0,3.0,1.0,5.0,1.0,3.0,5.0,0.0,6.0,5.0,3.0,0.0,0.0,3.0,3.0,6.0,0.0,0.0
C0275,2.0,4.0,2.0,0.0,0.0,7.0,1.0,1.0,1.0,5.0,0.0,0.0,0.0,10.0,2.0,0.0,0.0,1.0,5.0,1.0,4.0,0.0,7.0,14.0
C0276,5.0,3.0,0.0,3.0,8.0,8.0,7.0,3.0,6.0,3.0,1.0,6.0,2.0,5.0,2.0,8.0,4.0,4.0,4.0,0.0,5.0,2.0,6.0,7.0
C0277,8.0,8.0,2.0,4.0,0.0,4.0,8.0,6.0,1.0,3.0,2.0,10.0,7.0,6.0,4.0,6.0,16.0,0.0,3.0,0.0,12.0,4.0,4.0,2.0
C0278,4.0,6.0,2.0,5.0,2.0,0.0,8.0,7.0,6.0,0.0,4.0,1.0,5.0,1.0,7.0,0.0,0.0,0.0,6.0,8.0,2.0,1.0,4.0,7.0
C0279,15.0,1.0,8.0,0.0,0.0,6.0,3.0,2.0,3.0,2.0,0.0,6.0,13.0,1.0,0.0,9.0,7.0,0.0,2.0,2.0,4.0,0.0,0.0,9.0
C0280,5.0,4.0,6.0,0.0,6.0,1.0,1.0,2.0,0.0,6.0,0.0,6.0,7.0,4.0,3.0,2.0,6.0,5.0,6.0,4.0,3.0,6.0,3.0,9.0
C0281,4.0,3.0,3.0,0.0,1.0,0.0,10.0,3.0,0.0,0.0,1.0,0.0,8.0,4.0,0.0,7.0,3.0,2.0,5.0,12.0,4.0,0.0,2.0,8.0
C0282,2.0,7.0,11.0,2.0,8.0,3.0,4.0,2.0,1.0,6.0,4.0,2.0,0.0,8.0,3.0,3.0,7.0,0.0,6.0,3.0,5.0,5.0,5.0,4.0
C0283,9.0,0.0,1.0,11.0,5.0,4.0,4.0,1.0,9.0,7.0,0.0,17.0,4.0,0.0,7.0,0.0,14.0,10.0,5.0,2.0,2.0,2.0,1.0,8.0
C0284,3.0,4.0,0.0,0.0,6.0,5.0,7.0,9.0,2.0,3.0,5.0,3.0,5.0,1.0,8.0,3.0,9.0,1.0,10.0,1.0,10.0,9.0,7.0,7.0
C0285,5.0,2.0,1.0,0.0,7.0,8.0,7.0,9.0,6.0,6.0,6.0,3.0,0.0,8.0,0.0,17.0,0.0,5.0,0.0,3.0,9.0,5.0,0.0,6.0
C0286,12.0,2.0,0.0,1.0,5.0,4.0,5.0,1.0,3.0,6.0,3.0,9.0,3.0,5.0,2.0,3.0,5.0,0.0,5.0,0.0,1.0,6.0,9.0,1.0
C0287,4.0,0.0,0.0,0.0,7.0,8.0,8.0,0.0,5.0,1.0,2.0,1.0,10.0,4.0,8.0,1.0,6.0,0.0,0.0,6.0,10.0,1.0,1.0,9.0
C0288,13.0,1.0,10.0,0.0,8.0,7.0,3.0,1.0,3.0,3.0,0.0,8.0,2.0,1.0,1.0,3.0,1.0,0.0,0.0,2.0,6.0,6.0,2.0,4.0
C0289,5.0,0.0,3.0,3.0,10.0,3.0,0.0,0.0,7.0,6.0,0.0,2.0,9.0,2.0,0.0,0.0,5.0,2.0,5.0,2.0,3.0,1.0,2.0,11.0
C0290,2.0,4.0,4.0,4.0,6.0,6.0,6.0,0.0,1.0,4.0,4.0,6.0,1.0,1.0,0.0,0.0,1.0,6.0,1.0,8.0,21.0,2.0,3.0,0.0
C0291,10.0,0.0,0.0,13.0,5.0,3.0,2.0,3.0,0.0,5.0,3.0,0.0,12.0,2.0,5.0,1.0,12.0,1.0,7.0,1.0,5.0,10.0,0.0,11.0
C0292,7.0,6.0,2.0,5.0,6.0,0.0,10.0,2.0,2.0,4.0,0.0,7.0,0.0,4.0,2.0,6.0,8.0,0.0,0.0,2.0,6.0,6.0,8.0,4.0
C0293,0.0,12.0,2.0,1.0,6.0,2.0,0.0,2.0,4.0,14.0,3.0,0.0,9.0,0.0,2.0,3.0,1.0,0.0,7.0,3.0,2.0,0.0,5.0,7.0
C0294,3.0,5.0,1.0,1.0,8.0,7.0,10.0,9.0,12.0,0.0,4.0,0.0,3.0,0.0,11.0,0.0,3.0,8.0,1.0,0.0,3.0,1.0,0.0,0.0
C0295,0.0,5.0,11.0,3.0,1.0,2.0,4.0,3.0,1.0,3.0,3.0,2.0,4.0,0.0,11.0,5.0,2.0,0.0,8.0,0.0,3.0,19.0,1.0,5.0
C0296,2.0,1.0,0.0,7.0,7.0,6.0,3.0,4.0,4.0,2.0,2.0,0.0,12.0,1.0,0.0,0.0,1.0,4.0,5.0,7.0,0.0,1.0,0.0,0.0
C0297,8.0,3.0,8.0,7.0,5.0,5.0,3.0,2.0,6.0,2.0,0.0,3.0,5.0,0.0,11.0,0.0,7.0,0.0,11.0,4.0,2.0,0.0,4.0,2.0
C0298,3.0,2.0,9.0,14.0,1.0,4.0,2.0,0.0,3.0,7.0,7.0,8.0,6.0,6.0,5.0,0.0,10.0,0.0,0.0,6.0,6.0,2.0,3.0,5.0
C0299,5.0,1.0,0.0,0.0,3.0,8.0,5.0,2.0,1.0,1.0,2.0,3.0,7.0,0.0,8.0,0.0,3.0,2.0,2.0,0.0,14.0,2.0,3.0,8.0
C0300,11.0,4.0,10.0,5.0,9.0,8.0,3.0,6.0,9.0,4.0,8.0,1.0,10.0,4.0,7.0,0.0,1.0,4.0,14.0,0.0,2.0,0.0,6.0,9.0
