itemsets,support
Wireless Mouse,0.06316666666666666
Ballpoint Pen Pack,0.0595
Notebook,0.05725
Coffee Beans,0.05558333333333333
USB-C Hub,0.04958333333333333
Cotton T-Shirt,0.0495
Printer Paper,0.0495
Hand Soap,0.04425
Cleaning Spray,0.043083333333333335
LED Bulb Pack,0.042
Tea Assortment,0.03966666666666667
Running Socks,0.03916666666666667
Bluetooth Speaker,0.03866666666666667
Canvas Tote Bag,0.03716666666666667
Desk Organizer,0.03691666666666667
Watering Can,0.03691666666666667
Garden Gloves,0.03575
Storage Basket,0.03575
Reusable Water Bottle,0.034333333333333334
Plant Pot,0.03325
Baseball Cap,0.03308333333333333
Webcam,0.03166666666666667
Snack Box,0.0275
Hand Trowel,0.02675
