y,profit,quantity,order_id,ds,y_lag1,y_lag2,y_lag3,y_lag12,y_roll3,y_roll6,month,quarter,year
14236.895,2450.1907,284,32,2014-01-01,,,,,,,1,1,2014
4519.892,862.3084,159,28,2014-02-01,14236.895,,,,,,2,1,2014
55691.009,498.7299,585,71,2014-03-01,4519.892,14236.895,,,,,3,1,2014
28295.345,3488.8352,536,66,2014-04-01,55691.009,4519.892,14236.895,,24815.932,,4,2,2014
23648.287,2738.7096,466,69,2014-05-01,28295.345,55691.009,4519.892,,29502.081999999995,,5,2,2014
34595.1276,4976.5244,521,66,2014-06-01,23648.287,28295.345,55691.009,,35878.21366666667,,6,2,2014
33946.393,-841.4826000000002,550,65,2014-07-01,34595.1276,23648.287,28295.345,,28846.253199999996,26831.0926,7,3,2014
27909.4685,5318.105,609,72,2014-08-01,33946.393,34595.1276,23648.287,,30729.935866666663,30116.00893333333,8,3,2014
81777.3508,8328.0994,1000,130,2014-09-01,27909.4685,33946.393,34595.1276,,32150.3297,34014.27168333333,9,3,2014
31453.393,3448.2573,573,78,2014-10-01,81777.3508,27909.4685,33946.393,,47877.73743333333,38361.99531666667,10,4,2014
78628.7167,9292.1269,1219,151,2014-11-01,31453.393,81777.3508,27909.4685,,47046.73743333333,38888.33665,11,4,2014
69545.6205,8983.5699,1079,141,2014-12-01,78628.7167,31453.393,81777.3508,,63953.15349999999,48051.7416,12,4,2014
18174.0756,-3281.007,236,29,2015-01-01,69545.6205,78628.7167,31453.393,14236.895,59875.91006666666,53876.82375,1,1,2015
11951.411,2813.8508,239,36,2015-02-01,18174.0756,69545.6205,78628.7167,4519.892,55449.47093333333,51248.10418333334,2,1,2015
38726.252,9732.0978,515,79,2015-03-01,11951.411,18174.0756,69545.6205,55691.009,33223.702366666665,48588.427933333325,3,1,2015
34195.2085,4187.4962,543,72,2015-04-01,38726.252,11951.411,18174.0756,28295.345,22950.579533333326,41413.24479999999,4,2,2015
30131.6865,4667.869,575,74,2015-05-01,34195.2085,38726.252,11951.411,23648.287,28290.95716666666,41870.214049999995,5,2,2015
24797.292,3335.5572,486,68,2015-06-01,30131.6865,34195.2085,38726.252,34595.1276,34351.04899999999,33787.37568333333,6,2,2015
28765.325,3288.6483,557,66,2015-07-01,24797.292,30131.6865,34195.2085,33946.393,29708.06233333333,26329.320933333333,7,3,2015
36898.3322,5355.8084,598,68,2015-08-01,28765.325,24797.292,30131.6865,27909.4685,27898.10116666666,28094.529166666664,8,3,2015
64595.918,8209.1627,1086,140,2015-09-01,36898.3322,28765.325,24797.292,81777.3508,30153.64973333333,32252.349366666665,9,3,2015
31404.9235,2817.366,631,87,2015-10-01,64595.918,36898.3322,28765.325,31453.393,43419.8584,36563.960366666666,10,4,2015
75972.5635,12474.7884,1310,158,2015-11-01,31404.9235,64595.918,36898.3322,78628.7167,44299.724566666664,36098.91286666666,11,4,2015
74919.5212,8016.9659,1203,161,2015-12-01,75972.5635,31404.9235,64595.918,69545.6205,57324.46833333332,43739.05903333333,12,4,2015
18542.490999999998,2824.8233,358,48,2016-01-01,74919.5212,75972.5635,31404.9235,18174.0756,60765.66939999999,52092.7639,1,1,2016
22978.815,5004.5795,306,45,2016-02-01,18542.490999999998,74919.5212,75972.5635,11951.411,56478.1919,50388.95823333333,2,1,2016
51715.875,3611.9680000000003,579,86,2016-03-01,22978.815,18542.490999999998,74919.5212,38726.252,38813.609066666664,48069.0387,3,1,2016
38750.039000000004,2977.8149,635,89,2016-04-01,51715.875,22978.815,18542.490999999998,34195.2085,31079.060333333327,45922.36486666667,4,2,2016
56987.728,8662.1464,863,108,2016-05-01,38750.039000000004,51715.875,22978.815,30131.6865,37814.90966666667,47146.55078333333,5,2,2016
40344.534,4750.3781,742,97,2016-06-01,56987.728,38750.039000000004,51715.875,24797.292,49151.214,43982.41153333333,6,2,2016
39261.963,4432.8778999999995,758,96,2016-07-01,40344.534,56987.728,38750.039000000004,28765.325,45360.76699999999,38219.91366666667,7,3,2016
31115.3743,2062.0693,693,90,2016-08-01,39261.963,40344.534,56987.728,36898.3322,45531.408333333326,41673.15899999999,8,3,2016
73410.0249,9328.6576,1316,192,2016-09-01,31115.3743,39261.963,40344.534,64595.918,36907.29043333333,43029.25221666667,9,3,2016
59687.745,16243.142500000002,767,105,2016-10-01,73410.0249,31115.3743,39261.963,31404.9235,47929.12073333332,46644.94386666666,10,4,2016
79411.9658,4011.4075,1406,183,2016-11-01,59687.745,73410.0249,31115.3743,75972.5635,54737.71473333333,50134.56153333333,11,4,2016
96999.043,17885.3093,1414,176,2016-12-01,79411.9658,59687.745,73410.0249,74919.5212,70836.57856666666,53871.934499999996,12,4,2016
43971.374,7140.4391,597,69,2017-01-01,96999.043,79411.9658,59687.745,18542.490999999998,78699.5846,63314.35266666667,1,1,2017
20301.1334,1613.8719999999998,363,53,2017-02-01,43971.374,96999.043,79411.9658,22978.815,73460.79426666666,64099.2545,2,1,2017
58872.3528,14751.891500000002,885,118,2017-03-01,20301.1334,43971.374,96999.043,51715.875,53757.18346666666,62296.88101666667,3,1,2017
36521.5361,933.2899999999998,733,116,2017-04-01,58872.3528,20301.1334,43971.374,38750.039000000004,41048.28673333332,59873.935666666664,4,2,2017
44261.1102,6342.5828,887,118,2017-05-01,36521.5361,58872.3528,20301.1334,56987.728,38565.00743333332,56012.90085,5,2,2017
52981.7257,8223.3357,931,133,2017-06-01,44261.1102,36521.5361,58872.3528,40344.534,46551.66636666665,50154.42491666666,6,2,2017
45264.416,6952.6212,840,111,2017-07-01,52981.7257,44261.1102,36521.5361,39261.963,44588.12399999999,42818.20536666666,7,3,2017
63120.888,9040.9557,884,111,2017-08-01,45264.416,52981.7257,44261.1102,31115.3743,47502.417299999994,43033.71236666666,8,3,2017
87866.652,10991.5556,1660,226,2017-09-01,63120.888,45264.416,52981.7257,73410.0249,53789.00989999998,50170.33813333333,9,3,2017
77776.9232,9275.2755,1133,147,2017-10-01,87866.652,63120.888,45264.416,59687.745,65417.31866666665,55002.72133333333,10,4,2017
118447.825,9690.1037,1840,261,2017-11-01,77776.9232,87866.652,63120.888,79411.9658,76254.82106666666,61878.61918333333,11,4,2017
83829.3188,8483.346800000001,1723,224,2017-12-01,118447.825,77776.9232,87866.652,96999.043,94697.13339999999,74243.07165,12,4,2017
