date,sales_quantity,revenue,transaction_count,day_of_week,month,is_weekend
2023-01-01,25,299.5,10,6,1,True
2023-01-02,31,520.36,12,0,1,False
2023-01-03,23,384.02,10,1,1,False
2023-01-04,18,431.02,10,2,1,False
2023-01-05,29,489.73,7,3,1,False
2023-01-06,31,690.05,11,4,1,False
2023-01-07,27,537.12,14,5,1,True
2023-01-08,22,326.52,12,6,1,True
2023-01-09,16,195.24,7,0,1,False
2023-01-10,15,217.38,4,1,1,False
2023-01-11,19,257.33,10,2,1,False
2023-01-12,26,568.73,13,3,1,False
2023-01-13,20,352.24,10,4,1,False
2023-01-14,35,775.85,15,5,1,True
2023-01-15,21,409.56,11,6,1,True
2023-01-16,35,541.84,12,0,1,False
2023-01-17,28,364.19,9,1,1,False
2023-01-18,5,84.56,4,2,1,False
2023-01-19,22,347.28000000000003,10,3,1,False
2023-01-20,19,249.85000000000002,8,4,1,False
2023-01-21,14,278.23,9,5,1,True
2023-01-22,18,383.33,9,6,1,True
2023-01-23,15,157.59,5,0,1,False
2023-01-24,21,320.33,11,1,1,False
2023-01-25,26,676.3199999999999,13,2,1,False
2023-01-26,40,488.24,15,3,1,False
2023-01-27,33,452.23,14,4,1,False
2023-01-28,36,611.79,16,5,1,True
2023-01-29,26,346.07000000000005,10,6,1,True
2023-01-30,33,590.22,13,0,1,False
2023-01-31,18,221.77,8,1,1,False
2023-02-01,20,391.19,7,2,2,False
2023-02-02,30,603.23,13,3,2,False
2023-02-03,38,548.83,16,4,2,False
2023-02-04,25,384.28999999999996,10,5,2,True
2023-02-05,31,489.09999999999997,13,6,2,True
2023-02-06,27,335.82,11,0,2,False
2023-02-07,17,260.83,9,1,2,False
2023-02-08,16,284.77,9,2,2,False
2023-02-09,22,300.74,14,3,2,False
2023-02-10,17,244.38,9,4,2,False
2023-02-11,27,392.36,11,5,2,True
2023-02-12,29,518.35,11,6,2,True
2023-02-13,26,504.03000000000003,9,0,2,False
2023-02-14,26,335.78,9,1,2,False
2023-02-15,30,431.45,11,2,2,False
2023-02-16,32,512.8199999999999,12,3,2,False
2023-02-17,11,105.07,4,4,2,False
2023-02-18,20,317.02,8,5,2,True
2023-02-19,25,320.94,11,6,2,True
2023-02-20,18,266.0,8,0,2,False
2023-02-21,27,435.42,7,1,2,False
2023-02-22,38,487.44,16,2,2,False
2023-02-23,20,379.15999999999997,9,3,2,False
2023-02-24,32,363.05,12,4,2,False
2023-02-25,17,245.09,10,5,2,True
2023-02-26,44,901.02,15,6,2,True
2023-02-27,20,276.9,10,0,2,False
2023-02-28,28,447.88,10,1,2,False
2023-03-01,8,206.37,4,2,3,False
2023-03-02,21,292.8,10,3,3,False
2023-03-03,23,313.38,10,4,3,False
2023-03-04,31,715.4499999999999,12,5,3,True
2023-03-05,19,289.05,9,6,3,True
2023-03-06,30,414.72,11,0,3,False
2023-03-07,16,258.15,7,1,3,False
2023-03-08,36,612.15,15,2,3,False
2023-03-09,30,594.06,13,3,3,False
2023-03-10,17,216.93,9,4,3,False
2023-03-11,39,719.24,15,5,3,True
2023-03-12,40,946.67,15,6,3,True
2023-03-13,44,841.08,16,0,3,False
2023-03-14,28,641.69,12,1,3,False
2023-03-15,26,380.15999999999997,11,2,3,False
2023-03-16,20,436.49,9,3,3,False
2023-03-17,41,614.3,18,4,3,False
2023-03-18,27,278.1,11,5,3,True
2023-03-19,29,488.81,14,6,3,True
2023-03-20,12,208.8,8,0,3,False
2023-03-21,40,496.12,16,1,3,False
2023-03-22,26,477.36,13,2,3,False
2023-03-23,24,361.67,13,3,3,False
2023-03-24,33,362.55,16,4,3,False
2023-03-25,28,539.27,13,5,3,True
2023-03-26,41,553.48,15,6,3,True
2023-03-27,39,673.24,14,0,3,False
2023-03-28,30,571.3299999999999,11,1,3,False
2023-03-29,17,180.72000000000003,5,2,3,False
2023-03-30,31,700.98,13,3,3,False
2023-03-31,18,273.81,11,4,3,False
2023-04-01,29,373.0,10,5,4,True
2023-04-02,41,646.49,17,6,4,True
2023-04-03,16,320.97,8,0,4,False
2023-04-04,19,301.85,9,1,4,False
2023-04-05,30,477.63,14,2,4,False
2023-04-06,31,413.97,12,3,4,False
2023-04-07,13,300.08,6,4,4,False
2023-04-08,35,657.24,10,5,4,True
2023-04-09,29,641.42,13,6,4,True
2023-04-10,23,591.35,8,0,4,False
2023-04-11,18,373.6,7,1,4,False
2023-04-12,26,435.8,10,2,4,False
2023-04-13,20,404.43,13,3,4,False
2023-04-14,42,614.29,13,4,4,False
2023-04-15,31,405.65999999999997,15,5,4,True
2023-04-16,26,309.21,11,6,4,True
2023-04-17,15,249.88,5,0,4,False
2023-04-18,23,268.48,11,1,4,False
2023-04-19,25,449.65999999999997,14,2,4,False
2023-04-20,19,278.13,9,3,4,False
2023-04-21,32,713.3100000000001,12,4,4,False
2023-04-22,30,562.24,13,5,4,True
2023-04-23,42,603.74,15,6,4,True
2023-04-24,32,563.0600000000001,13,0,4,False
2023-04-25,27,521.4499999999999,11,1,4,False
2023-04-26,21,366.15,10,2,4,False
2023-04-27,23,335.51,9,3,4,False
2023-04-28,36,722.02,14,4,4,False
2023-04-29,20,306.53999999999996,7,5,4,True
2023-04-30,27,373.41,13,6,4,True
2023-05-01,27,327.43,8,0,5,False
2023-05-02,19,506.78,9,1,5,False
2023-05-03,26,434.57,12,2,5,False
2023-05-04,17,167.93,8,3,5,False
2023-05-05,27,403.53,12,4,5,False
2023-05-06,9,300.33,7,5,5,True
2023-05-07,32,448.58000000000004,11,6,5,True
2023-05-08,23,272.2,10,0,5,False
2023-05-09,27,328.72,13,1,5,False
2023-05-10,30,357.19,13,2,5,False
2023-05-11,15,311.71,5,3,5,False
2023-05-12,26,443.35,9,4,5,False
2023-05-13,35,458.24,15,5,5,True
2023-05-14,28,494.84999999999997,12,6,5,True
2023-05-15,24,483.11,12,0,5,False
2023-05-16,26,351.74,11,1,5,False
2023-05-17,16,243.55,7,2,5,False
2023-05-18,25,314.7,9,3,5,False
2023-05-19,21,403.78000000000003,12,4,5,False
2023-05-20,27,366.13,10,5,5,True
2023-05-21,32,441.37,13,6,5,True
2023-05-22,23,453.18,10,0,5,False
2023-05-23,21,286.26,10,1,5,False
2023-05-24,21,242.69,11,2,5,False
2023-05-25,17,245.04,9,3,5,False
2023-05-26,29,381.46000000000004,9,4,5,False
2023-05-27,45,834.5600000000001,16,5,5,True
2023-05-28,36,538.5600000000001,14,6,5,True
2023-05-29,36,457.39,14,0,5,False
2023-05-30,28,544.73,11,1,5,False
2023-05-31,27,359.24,11,2,5,False
2023-06-01,15,224.79,9,3,6,False
2023-06-02,21,432.13,9,4,6,False
2023-06-03,32,388.24,12,5,6,True
2023-06-04,41,568.55,19,6,6,True
2023-06-05,19,240.95999999999998,10,0,6,False
2023-06-06,20,185.69,8,1,6,False
2023-06-07,26,416.0,11,2,6,False
2023-06-08,17,300.69,6,3,6,False
2023-06-09,22,383.56,7,4,6,False
2023-06-10,24,512.0899999999999,9,5,6,True
2023-06-11,28,596.1400000000001,12,6,6,True
2023-06-12,30,590.0999999999999,11,0,6,False
2023-06-13,19,147.63,9,1,6,False
2023-06-14,21,280.74,11,2,6,False
2023-06-15,22,294.07,11,3,6,False
2023-06-16,11,165.97,7,4,6,False
2023-06-17,29,428.19,14,5,6,True
2023-06-18,33,381.58,17,6,6,True
2023-06-19,20,221.56,7,0,6,False
2023-06-20,24,172.15,12,1,6,False
2023-06-21,24,237.94,10,2,6,False
2023-06-22,23,445.84999999999997,10,3,6,False
2023-06-23,18,355.9,8,4,6,False
2023-06-24,57,1083.23,22,5,6,True
2023-06-25,25,441.99,10,6,6,True
2023-06-26,17,279.12,8,0,6,False
2023-06-27,12,225.88,4,1,6,False
2023-06-28,31,291.59,10,2,6,False
2023-06-29,42,747.89,17,3,6,False
2023-06-30,21,244.6,10,4,6,False
2023-07-01,26,305.37,10,5,7,True
2023-07-02,39,718.12,18,6,7,True
2023-07-03,24,337.40000000000003,10,0,7,False
2023-07-04,35,602.77,14,1,7,False
2023-07-05,20,456.84999999999997,12,2,7,False
2023-07-06,25,558.15,11,3,7,False
2023-07-07,23,433.65,8,4,7,False
2023-07-08,23,337.22,13,5,7,True
2023-07-09,22,330.46999999999997,8,6,7,True
2023-07-10,20,240.98000000000002,7,0,7,False
2023-07-11,29,684.16,12,1,7,False
2023-07-12,18,423.46,9,2,7,False
2023-07-13,32,478.12,12,3,7,False
2023-07-14,21,533.78,10,4,7,False
2023-07-15,49,904.02,21,5,7,True
2023-07-16,26,347.02,9,6,7,True
2023-07-17,18,343.37,6,0,7,False
2023-07-18,13,179.10999999999999,5,1,7,False
2023-07-19,40,647.21,13,2,7,False
2023-07-20,23,452.33,10,3,7,False
2023-07-21,13,169.29,6,4,7,False
2023-07-22,24,444.68,11,5,7,True
2023-07-23,37,453.97,16,6,7,True
2023-07-24,17,248.17,9,0,7,False
2023-07-25,34,583.99,13,1,7,False
2023-07-26,21,372.49,10,2,7,False
2023-07-27,28,382.06,12,3,7,False
2023-07-28,17,212.93,10,4,7,False
2023-07-29,28,579.93,12,5,7,True
2023-07-30,36,422.78,13,6,7,True
2023-07-31,24,465.73,8,0,7,False
2023-08-01,20,260.06,9,1,8,False
2023-08-02,24,334.40999999999997,13,2,8,False
2023-08-03,12,162.65,7,3,8,False
2023-08-04,16,408.06,8,4,8,False
2023-08-05,36,478.8,15,5,8,True
2023-08-06,31,284.81,14,6,8,True
2023-08-07,29,782.36,9,0,8,False
2023-08-08,10,176.91,5,1,8,False
2023-08-09,27,479.39,12,2,8,False
2023-08-10,33,798.27,11,3,8,False
2023-08-11,31,339.44,13,4,8,False
2023-08-12,27,370.52,9,5,8,True
2023-08-13,26,393.39,8,6,8,True
2023-08-14,30,452.21000000000004,12,0,8,False
2023-08-15,27,554.55,11,1,8,False
2023-08-16,19,369.65,10,2,8,False
2023-08-17,29,509.42,16,3,8,False
2023-08-18,30,685.52,14,4,8,False
2023-08-19,30,569.5899999999999,11,5,8,True
2023-08-20,30,484.47,12,6,8,True
2023-08-21,22,754.59,8,0,8,False
2023-08-22,21,321.98,8,1,8,False
2023-08-23,21,286.84000000000003,8,2,8,False
2023-08-24,22,346.2,11,3,8,False
2023-08-25,25,419.39000000000004,10,4,8,False
2023-08-26,22,465.15000000000003,10,5,8,True
2023-08-27,20,277.14,10,6,8,True
2023-08-28,22,351.13,11,0,8,False
2023-08-29,19,494.66,8,1,8,False
2023-08-30,31,456.28,15,2,8,False
2023-08-31,26,493.8,12,3,8,False
2023-09-01,21,250.53,10,4,9,False
2023-09-02,16,411.47,7,5,9,True
2023-09-03,27,515.85,12,6,9,True
2023-09-04,14,250.83,8,0,9,False
2023-09-05,15,401.65,6,1,9,False
2023-09-06,17,235.96,10,2,9,False
2023-09-07,31,802.61,12,3,9,False
2023-09-08,34,601.5,12,4,9,False
2023-09-09,28,544.92,13,5,9,True
2023-09-10,43,684.33,16,6,9,True
2023-09-11,29,342.85,11,0,9,False
2023-09-12,26,377.03,10,1,9,False
2023-09-13,23,274.77,9,2,9,False
2023-09-14,20,414.7,9,3,9,False
2023-09-15,15,411.58,8,4,9,False
2023-09-16,28,336.97,14,5,9,True
2023-09-17,21,490.65,9,6,9,True
2023-09-18,17,172.82,10,0,9,False
2023-09-19,27,417.66,12,1,9,False
2023-09-20,18,329.89,11,2,9,False
2023-09-21,36,614.5,14,3,9,False
2023-09-22,27,494.4,11,4,9,False
2023-09-23,32,466.94,13,5,9,True
2023-09-24,21,401.84,9,6,9,True
2023-09-25,20,280.07,10,0,9,False
2023-09-26,19,496.78,10,1,9,False
2023-09-27,14,304.23,8,2,9,False
2023-09-28,29,927.51,11,3,9,False
2023-09-29,30,602.66,13,4,9,False
2023-09-30,28,670.38,11,5,9,True
2023-10-01,26,534.52,11,6,10,True
2023-10-02,34,743.68,17,0,10,False
2023-10-03,25,369.64,11,1,10,False
2023-10-04,30,690.88,13,2,10,False
2023-10-05,45,834.63,17,3,10,False
2023-10-06,35,603.26,16,4,10,False
2023-10-07,33,667.78,13,5,10,True
2023-10-08,21,333.27,9,6,10,True
2023-10-09,19,549.73,10,0,10,False
2023-10-10,47,616.74,23,1,10,False
2023-10-11,13,167.46,5,2,10,False
2023-10-12,28,478.32,10,3,10,False
2023-10-13,16,168.75,9,4,10,False
2023-10-14,24,312.53,10,5,10,True
2023-10-15,13,155.97,9,6,10,True
2023-10-16,33,471.83000000000004,13,0,10,False
2023-10-17,25,314.36,8,1,10,False
2023-10-18,37,497.4,15,2,10,False
2023-10-19,26,464.6,12,3,10,False
2023-10-20,16,198.45999999999998,6,4,10,False
2023-10-21,23,676.14,10,5,10,True
2023-10-22,51,815.72,16,6,10,True
2023-10-23,20,341.36,9,0,10,False
2023-10-24,29,582.66,12,1,10,False
2023-10-25,30,655.65,13,2,10,False
2023-10-26,22,427.42,10,3,10,False
2023-10-27,20,351.03000000000003,10,4,10,False
2023-10-28,37,477.40999999999997,12,5,10,True
2023-10-29,33,915.47,14,6,10,True
2023-10-30,24,600.34,12,0,10,False
2023-10-31,36,476.29,14,1,10,False
2023-11-01,28,683.8,12,2,11,False
2023-11-02,34,384.33,12,3,11,False
2023-11-03,30,444.68,12,4,11,False
2023-11-04,31,619.4,11,5,11,True
2023-11-05,28,796.41,11,6,11,True
2023-11-06,20,303.13,9,0,11,False
2023-11-07,18,302.51,8,1,11,False
2023-11-08,17,404.67,10,2,11,False
2023-11-09,25,446.17,13,3,11,False
2023-11-10,29,583.79,16,4,11,False
2023-11-11,20,468.12,9,5,11,True
2023-11-12,27,331.27,10,6,11,True
2023-11-13,25,706.11,10,0,11,False
2023-11-14,36,689.09,15,1,11,False
2023-11-15,35,435.82,12,2,11,False
2023-11-16,45,1096.1000000000001,17,3,11,False
2023-11-17,17,248.3,9,4,11,False
2023-11-18,31,462.97,15,5,11,True
2023-11-19,8,130.06,5,6,11,True
2023-11-20,11,112.03,6,0,11,False
2023-11-21,35,501.40999999999997,12,1,11,False
2023-11-22,17,263.4,10,2,11,False
2023-11-23,46,604.16,16,3,11,False
2023-11-24,14,300.72,5,4,11,False
2023-11-25,13,166.72,5,5,11,True
2023-11-26,30,407.0,13,6,11,True
2023-11-27,22,388.17999999999995,11,0,11,False
2023-11-28,37,683.86,13,1,11,False
2023-11-29,29,585.02,8,2,11,False
2023-11-30,21,345.7,10,3,11,False
2023-12-01,40,678.44,14,4,12,False
2023-12-02,25,338.34,11,5,12,True
2023-12-03,18,396.3,10,6,12,True
2023-12-04,22,338.78,10,0,12,False
2023-12-05,20,322.15,7,1,12,False
2023-12-06,15,254.0,11,2,12,False
2023-12-07,30,392.28999999999996,12,3,12,False
2023-12-08,16,356.92,8,4,12,False
2023-12-09,24,666.07,11,5,12,True
2023-12-10,34,844.3100000000001,13,6,12,True
2023-12-11,26,368.14,11,0,12,False
2023-12-12,17,370.32,10,1,12,False
2023-12-13,35,671.18,15,2,12,False
2023-12-14,21,307.52,12,3,12,False
2023-12-15,17,205.66,8,4,12,False
2023-12-16,7,100.42999999999999,3,5,12,True
2023-12-17,43,815.5699999999999,17,6,12,True
2023-12-18,11,111.35,5,0,12,False
2023-12-19,43,587.41,13,1,12,False
2023-12-20,44,756.3,20,2,12,False
2023-12-21,39,728.7900000000001,15,3,12,False
2023-12-22,24,267.39,11,4,12,False
2023-12-23,40,841.37,17,5,12,True
2023-12-24,25,396.74,10,6,12,True
2023-12-25,43,622.28,16,0,12,False
2023-12-26,15,230.87,7,1,12,False
2023-12-27,18,287.09,9,2,12,False
2023-12-28,30,438.51,12,3,12,False
2023-12-29,42,768.92,20,4,12,False
2023-12-30,28,448.16,12,5,12,True
2023-12-31,19,291.34000000000003,7,6,12,True
2024-01-01,27,608.23,9,0,1,False
2024-01-02,29,580.75,12,1,1,False
2024-01-03,14,304.24,7,2,1,False
2024-01-04,27,471.21000000000004,12,3,1,False
2024-01-05,23,477.58,9,4,1,False
2024-01-06,37,727.31,16,5,1,True
2024-01-07,40,485.15,14,6,1,True
2024-01-08,18,234.49,10,0,1,False
2024-01-09,17,179.51,8,1,1,False
2024-01-10,19,288.71000000000004,9,2,1,False
2024-01-11,48,818.23,18,3,1,False
2024-01-12,12,239.55,8,4,1,False
2024-01-13,40,526.16,19,5,1,True
2024-01-14,16,495.09999999999997,9,6,1,True
2024-01-15,23,552.45,9,0,1,False
2024-01-16,20,328.54,8,1,1,False
2024-01-17,34,654.97,14,2,1,False
2024-01-18,23,366.63,9,3,1,False
2024-01-19,23,308.21,11,4,1,False
2024-01-20,23,300.54,9,5,1,True
2024-01-21,26,418.19,12,6,1,True
2024-01-22,30,596.03,11,0,1,False
2024-01-23,12,296.57,5,1,1,False
2024-01-24,12,223.65,6,2,1,False
2024-01-25,24,388.79,11,3,1,False
2024-01-26,41,673.42,16,4,1,False
2024-01-27,14,195.64,6,5,1,True
2024-01-28,38,1097.57,15,6,1,True
2024-01-29,11,194.2,5,0,1,False
2024-01-30,27,499.39000000000004,13,1,1,False
2024-01-31,33,676.96,11,2,1,False
2024-02-01,12,130.27,6,3,2,False
2024-02-02,28,494.28,11,4,2,False
2024-02-03,24,328.3,11,5,2,True
2024-02-04,37,704.6899999999999,18,6,2,True
2024-02-05,26,250.31,8,0,2,False
2024-02-06,23,401.93,9,1,2,False
2024-02-07,19,308.44,9,2,2,False
2024-02-08,19,220.83,8,3,2,False
2024-02-09,23,313.71000000000004,12,4,2,False
2024-02-10,33,599.45,15,5,2,True
2024-02-11,30,920.89,14,6,2,True
2024-02-12,20,289.94,9,0,2,False
2024-02-13,26,609.59,12,1,2,False
2024-02-14,17,380.5,7,2,2,False
2024-02-15,23,264.68,11,3,2,False
2024-02-16,27,341.84,12,4,2,False
2024-02-17,15,186.02,5,5,2,True
2024-02-18,44,705.52,19,6,2,True
2024-02-19,23,391.89,11,0,2,False
2024-02-20,7,101.69,4,1,2,False
2024-02-21,25,438.90000000000003,11,2,2,False
2024-02-22,16,194.81,8,3,2,False
2024-02-23,36,540.62,13,4,2,False
2024-02-24,30,444.2,11,5,2,True
2024-02-25,16,471.04999999999995,7,6,2,True
2024-02-26,11,275.1,6,0,2,False
2024-02-27,19,323.81,10,1,2,False
2024-02-28,43,1047.91,17,2,2,False
2024-02-29,17,283.82,6,3,2,False
2024-03-01,24,539.6400000000001,11,4,3,False
2024-03-02,27,541.55,12,5,3,True
2024-03-03,29,501.22,14,6,3,True
2024-03-04,20,289.21000000000004,8,0,3,False
2024-03-05,34,500.32,12,1,3,False
2024-03-06,10,255.76,5,2,3,False
2024-03-07,13,143.38,5,3,3,False
2024-03-08,24,328.42,9,4,3,False
2024-03-09,25,578.23,9,5,3,True
2024-03-10,35,978.49,15,6,3,True
2024-03-11,26,412.85,11,0,3,False
2024-03-12,14,212.45999999999998,9,1,3,False
2024-03-13,16,542.87,5,2,3,False
2024-03-14,17,272.04,8,3,3,False
2024-03-15,27,548.09,12,4,3,False
2024-03-16,17,284.77,8,5,3,True
2024-03-17,43,525.53,16,6,3,True
2024-03-18,22,273.38,11,0,3,False
2024-03-19,11,148.75,6,1,3,False
2024-03-20,28,462.18,10,2,3,False
2024-03-21,36,701.04,11,3,3,False
2024-03-22,11,116.97,5,4,3,False
2024-03-23,40,518.06,15,5,3,True
2024-03-24,33,543.6800000000001,14,6,3,True
2024-03-25,20,593.64,8,0,3,False
2024-03-26,27,373.32,10,1,3,False
2024-03-27,7,125.19,4,2,3,False
2024-03-28,30,546.15,9,3,3,False
2024-03-29,25,379.25,12,4,3,False
2024-03-30,40,543.25,17,5,3,True
2024-03-31,19,345.21,9,6,3,True
2024-04-01,20,350.33,9,0,4,False
2024-04-02,18,278.53999999999996,8,1,4,False
2024-04-03,25,433.68,7,2,4,False
2024-04-04,11,127.94999999999999,5,3,4,False
2024-04-05,25,337.43,9,4,4,False
2024-04-06,28,417.18,8,5,4,True
2024-04-07,30,630.41,13,6,4,True
2024-04-08,30,440.94,12,0,4,False
2024-04-09,37,415.42,13,1,4,False
2024-04-10,21,350.92999999999995,7,2,4,False
2024-04-11,26,294.73,10,3,4,False
2024-04-12,44,731.0,13,4,4,False
2024-04-13,17,139.9,8,5,4,True
2024-04-14,23,339.27,10,6,4,True
2024-04-15,18,387.28,8,0,4,False
2024-04-16,35,469.8,12,1,4,False
2024-04-17,23,394.7,9,2,4,False
2024-04-18,13,163.84,6,3,4,False
2024-04-19,30,515.28,14,4,4,False
2024-04-20,35,628.33,15,5,4,True
2024-04-21,25,335.17,13,6,4,True
2024-04-22,28,643.02,10,0,4,False
2024-04-23,34,828.75,14,1,4,False
2024-04-24,34,452.76,13,2,4,False
2024-04-25,22,497.12,9,3,4,False
2024-04-26,23,286.61,11,4,4,False
2024-04-27,23,329.0,8,5,4,True
2024-04-28,46,630.64,16,6,4,True
2024-04-29,18,250.45000000000002,9,0,4,False
2024-04-30,25,361.49,9,1,4,False
2024-05-01,21,310.65999999999997,8,2,5,False
2024-05-02,31,498.96000000000004,12,3,5,False
2024-05-03,26,464.42,9,4,5,False
2024-05-04,17,337.55,7,5,5,True
2024-05-05,31,435.44,12,6,5,True
2024-05-06,18,379.53999999999996,7,0,5,False
2024-05-07,24,395.15,10,1,5,False
2024-05-08,28,353.41,11,2,5,False
2024-05-09,9,163.54,5,3,5,False
2024-05-10,17,396.78999999999996,7,4,5,False
2024-05-11,30,503.01,15,5,5,True
2024-05-12,20,286.01,11,6,5,True
2024-05-13,34,477.36,14,0,5,False
2024-05-14,10,157.37,6,1,5,False
2024-05-15,23,571.56,8,2,5,False
2024-05-16,8,99.31,5,3,5,False
2024-05-17,22,374.81,9,4,5,False
2024-05-18,35,593.16,15,5,5,True
2024-05-19,30,374.81,10,6,5,True
2024-05-20,22,249.97,12,0,5,False
2024-05-21,48,656.27,16,1,5,False
2024-05-22,28,467.45,12,2,5,False
2024-05-23,18,146.62,7,3,5,False
2024-05-24,30,375.72,12,4,5,False
2024-05-25,34,445.61,15,5,5,True
2024-05-26,24,669.91,11,6,5,True
2024-05-27,15,174.93,7,0,5,False
2024-05-28,47,873.6,16,1,5,False
2024-05-29,22,495.04999999999995,12,2,5,False
2024-05-30,21,325.92,9,3,5,False
2024-05-31,29,414.43,13,4,5,False
2024-06-01,37,731.71,17,5,6,True
2024-06-02,22,276.5,9,6,6,True
2024-06-03,28,518.09,13,0,6,False
2024-06-04,35,637.27,12,1,6,False
2024-06-05,21,413.41,10,2,6,False
2024-06-06,27,452.06,9,3,6,False
2024-06-07,18,272.19,8,4,6,False
2024-06-08,12,131.35,7,5,6,True
2024-06-09,22,490.87000000000006,9,6,6,True
2024-06-10,20,448.37,8,0,6,False
2024-06-11,46,699.54,19,1,6,False
2024-06-12,24,492.5,8,2,6,False
2024-06-13,18,394.95,8,3,6,False
2024-06-14,29,427.14000000000004,13,4,6,False
2024-06-15,23,419.13,12,5,6,True
2024-06-16,29,442.17,10,6,6,True
2024-06-17,11,84.82,6,0,6,False
2024-06-18,18,241.64,9,1,6,False
2024-06-19,21,668.87,8,2,6,False
2024-06-20,15,404.72,5,3,6,False
2024-06-21,21,416.43,9,4,6,False
2024-06-22,31,596.63,13,5,6,True
2024-06-23,20,382.46,9,6,6,True
2024-06-24,16,553.47,9,0,6,False
2024-06-25,24,606.46,10,1,6,False
2024-06-26,12,300.74,6,2,6,False
2024-06-27,23,338.13,10,3,6,False
2024-06-28,31,298.36,11,4,6,False
2024-06-29,37,843.63,14,5,6,True
2024-06-30,43,705.8,16,6,6,True
2024-07-01,28,354.57,10,0,7,False
2024-07-02,19,316.78,6,1,7,False
2024-07-03,18,217.1,10,2,7,False
2024-07-04,16,189.92000000000002,7,3,7,False
2024-07-05,33,923.86,11,4,7,False
2024-07-06,36,637.33,14,5,7,True
2024-07-07,52,815.58,19,6,7,True
2024-07-08,27,505.97,11,0,7,False
2024-07-09,18,313.88,7,1,7,False
2024-07-10,13,235.92,5,2,7,False
2024-07-11,17,351.51,9,3,7,False
2024-07-12,29,497.27,12,4,7,False
2024-07-13,29,409.8,16,5,7,True
2024-07-14,22,239.2,7,6,7,True
2024-07-15,26,401.19,9,0,7,False
2024-07-16,30,383.23,15,1,7,False
2024-07-17,19,234.35,7,2,7,False
2024-07-18,31,747.42,13,3,7,False
2024-07-19,34,662.0999999999999,13,4,7,False
2024-07-20,37,499.55,17,5,7,True
2024-07-21,15,324.86,9,6,7,True
2024-07-22,29,760.3299999999999,13,0,7,False
2024-07-23,21,629.23,10,1,7,False
2024-07-24,17,200.84,7,2,7,False
2024-07-25,27,461.12,10,3,7,False
2024-07-26,36,410.26,15,4,7,False
2024-07-27,15,410.47999999999996,7,5,7,True
2024-07-28,11,199.04,6,6,7,True
2024-07-29,36,743.1899999999999,12,0,7,False
2024-07-30,24,578.32,8,1,7,False
2024-07-31,41,625.98,14,2,7,False
2024-08-01,20,320.77,6,3,8,False
2024-08-02,32,899.84,14,4,8,False
2024-08-03,30,506.8,12,5,8,True
2024-08-04,21,679.9300000000001,8,6,8,True
2024-08-05,24,646.37,11,0,8,False
2024-08-06,22,493.92,11,1,8,False
2024-08-07,25,437.83,11,2,8,False
2024-08-08,32,467.97999999999996,18,3,8,False
2024-08-09,34,593.88,13,4,8,False
2024-08-10,25,418.33000000000004,12,5,8,True
2024-08-11,44,521.08,14,6,8,True
2024-08-12,24,404.83,10,0,8,False
2024-08-13,9,93.88,7,1,8,False
2024-08-14,35,652.48,13,2,8,False
2024-08-15,33,585.36,14,3,8,False
2024-08-16,21,337.56,10,4,8,False
2024-08-17,22,276.93,12,5,8,True
2024-08-18,37,565.92,15,6,8,True
2024-08-19,23,392.16999999999996,11,0,8,False
2024-08-20,27,524.47,13,1,8,False
2024-08-21,29,629.8299999999999,12,2,8,False
2024-08-22,5,58.53,3,3,8,False
2024-08-23,35,574.0,14,4,8,False
2024-08-24,37,932.9,16,5,8,True
2024-08-25,18,285.90000000000003,8,6,8,True
2024-08-26,34,689.1099999999999,15,0,8,False
2024-08-27,22,315.47,10,1,8,False
2024-08-28,21,375.02,11,2,8,False
2024-08-29,11,214.98,7,3,8,False
2024-08-30,30,460.04,11,4,8,False
2024-08-31,40,493.73,18,5,8,True
2024-09-01,36,576.34,15,6,9,True
2024-09-02,34,564.01,17,0,9,False
2024-09-03,40,698.65,18,1,9,False
2024-09-04,33,340.11,11,2,9,False
2024-09-05,15,400.33,8,3,9,False
2024-09-06,15,205.68,7,4,9,False
2024-09-07,16,214.29,9,5,9,True
2024-09-08,31,391.19,14,6,9,True
2024-09-09,24,475.57,10,0,9,False
2024-09-10,42,762.51,14,1,9,False
2024-09-11,22,278.39,7,2,9,False
2024-09-12,26,323.66,10,3,9,False
2024-09-13,29,464.29,11,4,9,False
2024-09-14,30,646.02,10,5,9,True
2024-09-15,29,379.64,13,6,9,True
2024-09-16,19,449.61,8,0,9,False
2024-09-17,27,285.97,12,1,9,False
2024-09-18,18,328.25,9,2,9,False
2024-09-19,21,713.5699999999999,11,3,9,False
2024-09-20,25,398.55,12,4,9,False
2024-09-21,25,531.9,12,5,9,True
2024-09-22,30,528.27,11,6,9,True
2024-09-23,18,380.53000000000003,8,0,9,False
2024-09-24,30,853.03,11,1,9,False
2024-09-25,29,509.63,14,2,9,False
2024-09-26,11,229.44,8,3,9,False
2024-09-27,30,451.94,12,4,9,False
2024-09-28,39,444.74,14,5,9,True
2024-09-29,22,332.56,10,6,9,True
2024-09-30,16,278.83,10,0,9,False
2024-10-01,26,231.22,8,1,10,False
2024-10-02,28,287.94,10,2,10,False
2024-10-03,27,436.87,10,3,10,False
2024-10-04,24,313.94,10,4,10,False
2024-10-05,25,456.38,14,5,10,True
2024-10-06,28,390.03999999999996,10,6,10,True
2024-10-07,19,300.1,11,0,10,False
2024-10-08,17,236.08,8,1,10,False
2024-10-09,11,208.68,5,2,10,False
2024-10-10,24,384.49,13,3,10,False
2024-10-11,30,694.64,15,4,10,False
2024-10-12,36,530.79,14,5,10,True
2024-10-13,24,384.34,12,6,10,True
2024-10-14,24,551.8100000000001,10,0,10,False
2024-10-15,19,291.76,10,1,10,False
2024-10-16,26,381.68,11,2,10,False
2024-10-17,19,335.43,11,3,10,False
2024-10-18,30,461.71000000000004,12,4,10,False
2024-10-19,23,433.53999999999996,9,5,10,True
2024-10-20,25,362.93,14,6,10,True
2024-10-21,18,224.14,8,0,10,False
2024-10-22,24,457.71,11,1,10,False
2024-10-23,25,423.58,11,2,10,False
2024-10-24,27,484.99,12,3,10,False
2024-10-25,20,329.83,13,4,10,False
2024-10-26,31,432.45,13,5,10,True
2024-10-27,29,440.15999999999997,14,6,10,True
2024-10-28,14,285.28000000000003,8,0,10,False
2024-10-29,21,176.91,8,1,10,False
2024-10-30,8,99.42,4,2,10,False
2024-10-31,41,623.14,11,3,10,False
2024-11-01,20,244.39000000000001,11,4,11,False
2024-11-02,58,1296.65,25,5,11,True
2024-11-03,27,477.36,15,6,11,True
2024-11-04,19,410.12,10,0,11,False
2024-11-05,31,458.63,16,1,11,False
2024-11-06,7,137.82999999999998,5,2,11,False
2024-11-07,30,427.69,15,3,11,False
2024-11-08,31,396.4,13,4,11,False
2024-11-09,19,221.39,8,5,11,True
2024-11-10,20,409.34000000000003,12,6,11,True
2024-11-11,27,659.0400000000001,9,0,11,False
2024-11-12,15,424.18,5,1,11,False
2024-11-13,44,718.65,18,2,11,False
2024-11-14,17,401.19,9,3,11,False
2024-11-15,41,629.92,17,4,11,False
2024-11-16,32,497.59000000000003,12,5,11,True
2024-11-17,35,364.51,14,6,11,True
2024-11-18,28,676.72,11,0,11,False
2024-11-19,23,343.8,11,1,11,False
2024-11-20,33,599.6999999999999,13,2,11,False
2024-11-21,28,410.3,12,3,11,False
2024-11-22,28,337.19,12,4,11,False
2024-11-23,23,195.98000000000002,11,5,11,True
2024-11-24,25,335.63,10,6,11,True
2024-11-25,22,331.77,9,0,11,False
2024-11-26,21,416.17,9,1,11,False
2024-11-27,33,520.58,15,2,11,False
2024-11-28,24,454.45,12,3,11,False
2024-11-29,28,303.21000000000004,12,4,11,False
2024-11-30,31,666.07,13,5,11,True
2024-12-01,33,756.89,12,6,12,True
2024-12-02,9,162.08,4,0,12,False
2024-12-03,41,762.44,18,1,12,False
2024-12-04,11,219.98000000000002,6,2,12,False
2024-12-05,27,271.16,12,3,12,False
2024-12-06,17,206.15,10,4,12,False
2024-12-07,38,568.96,14,5,12,True
2024-12-08,21,274.27,11,6,12,True
2024-12-09,24,400.61,9,0,12,False
2024-12-10,33,431.59000000000003,15,1,12,False
2024-12-11,21,493.48,9,2,12,False
2024-12-12,19,588.56,7,3,12,False
2024-12-13,20,266.21000000000004,7,4,12,False
2024-12-14,30,421.26,13,5,12,True
2024-12-15,19,307.93,9,6,12,True
2024-12-16,37,780.49,11,0,12,False
2024-12-17,17,316.90999999999997,8,1,12,False
2024-12-18,29,440.78999999999996,16,2,12,False
2024-12-19,30,550.5,10,3,12,False
2024-12-20,31,704.28,17,4,12,False
2024-12-21,25,426.82,14,5,12,True
2024-12-22,25,381.06,9,6,12,True
2024-12-23,21,428.8,8,0,12,False
2024-12-24,8,102.17,6,1,12,False
2024-12-25,46,837.25,17,2,12,False
2024-12-26,30,772.9499999999999,11,3,12,False
2024-12-27,23,427.15,10,4,12,False
2024-12-28,44,815.14,19,5,12,True
2024-12-29,23,373.81,11,6,12,True
2024-12-30,25,229.73,10,0,12,False
2024-12-31,19,665.69,9,1,12,False
2025-01-01,17,162.62,6,2,1,False
2025-01-02,34,579.62,12,3,1,False
2025-01-03,14,234.92000000000002,5,4,1,False
2025-01-04,32,535.21,13,5,1,True
2025-01-05,18,242.89,7,6,1,True
2025-01-06,11,247.32999999999998,8,0,1,False
2025-01-07,14,530.21,7,1,1,False
2025-01-08,32,317.32,12,2,1,False
2025-01-09,26,331.97999999999996,9,3,1,False
2025-01-10,19,220.07999999999998,7,4,1,False
2025-01-11,22,284.13,10,5,1,True
2025-01-12,29,597.65,11,6,1,True
2025-01-13,20,347.63,9,0,1,False
2025-01-14,20,398.11,9,1,1,False
2025-01-15,28,330.25,14,2,1,False
2025-01-16,21,388.36,11,3,1,False
2025-01-17,23,281.29,9,4,1,False
2025-01-18,29,507.83,14,5,1,True
2025-01-19,29,421.89,12,6,1,True
2025-01-20,38,712.4,15,0,1,False
2025-01-21,15,263.96000000000004,7,1,1,False
2025-01-22,17,317.51,8,2,1,False
2025-01-23,41,762.74,14,3,1,False
2025-01-24,8,156.49,5,4,1,False
2025-01-25,35,340.6,11,5,1,True
2025-01-26,32,401.89,17,6,1,True
2025-01-27,28,470.62,10,0,1,False
2025-01-28,35,514.21,15,1,1,False
2025-01-29,13,179.24,8,2,1,False
2025-01-30,40,687.2,16,3,1,False
2025-01-31,29,501.93,11,4,1,False
2025-02-01,32,642.82,15,5,2,True
2025-02-02,29,553.47,10,6,2,True
2025-02-03,20,367.99,8,0,2,False
2025-02-04,25,307.69,10,1,2,False
2025-02-05,15,194.83,8,2,2,False
2025-02-06,16,163.83,6,3,2,False
2025-02-07,20,239.72,10,4,2,False
2025-02-08,47,696.97,18,5,2,True
2025-02-09,33,718.3100000000001,16,6,2,True
2025-02-10,24,295.97,11,0,2,False
2025-02-11,30,517.6800000000001,12,1,2,False
2025-02-12,27,393.34000000000003,12,2,2,False
2025-02-13,21,335.52,12,3,2,False
2025-02-14,23,561.86,11,4,2,False
2025-02-15,39,576.91,20,5,2,True
2025-02-16,36,536.49,15,6,2,True
2025-02-17,33,860.13,12,0,2,False
2025-02-18,24,458.78,15,1,2,False
2025-02-19,22,523.3,9,2,2,False
2025-02-20,28,576.1800000000001,12,3,2,False
2025-02-21,29,511.01,12,4,2,False
2025-02-22,21,394.24,12,5,2,True
2025-02-23,36,728.36,12,6,2,True
2025-02-24,26,638.1800000000001,12,0,2,False
2025-02-25,23,398.66999999999996,8,1,2,False
2025-02-26,26,370.76,12,2,2,False
2025-02-27,35,519.18,15,3,2,False
2025-02-28,30,672.37,11,4,2,False
2025-03-01,34,752.3199999999999,13,5,3,True
2025-03-02,33,446.1,15,6,3,True
2025-03-03,25,332.43,10,0,3,False
2025-03-04,21,377.01,11,1,3,False
2025-03-05,23,302.39,8,2,3,False
2025-03-06,22,320.96,10,3,3,False
2025-03-07,21,355.71,12,4,3,False
2025-03-08,19,431.53000000000003,8,5,3,True
2025-03-09,21,532.45,10,6,3,True
2025-03-10,18,214.38,12,0,3,False
2025-03-11,36,709.78,11,1,3,False
2025-03-12,10,121.56,6,2,3,False
2025-03-13,13,181.36,5,3,3,False
2025-03-14,12,212.15,5,4,3,False
2025-03-15,23,400.22,11,5,3,True
2025-03-16,36,503.03000000000003,16,6,3,True
2025-03-17,27,763.5899999999999,11,0,3,False
2025-03-18,22,437.2,11,1,3,False
2025-03-19,22,316.44,10,2,3,False
2025-03-20,12,319.26,5,3,3,False
2025-03-21,30,538.24,9,4,3,False
2025-03-22,19,378.91,8,5,3,True
2025-03-23,16,432.87,7,6,3,True
2025-03-24,38,558.92,15,0,3,False
2025-03-25,27,625.4,13,1,3,False
2025-03-26,24,312.38,12,2,3,False
2025-03-27,32,400.59,13,3,3,False
2025-03-28,25,501.34000000000003,11,4,3,False
2025-03-29,25,529.5699999999999,9,5,3,True
2025-03-30,12,191.45,5,6,3,True
2025-03-31,21,311.18,7,0,3,False
2025-04-01,22,343.36,8,1,4,False
2025-04-02,23,280.48,13,2,4,False
2025-04-03,31,513.51,13,3,4,False
2025-04-04,26,454.46,10,4,4,False
2025-04-05,24,345.04,10,5,4,True
2025-04-06,23,426.21,10,6,4,True
2025-04-07,12,174.18,7,0,4,False
2025-04-08,30,748.22,12,1,4,False
2025-04-09,22,340.16,13,2,4,False
2025-04-10,23,462.72999999999996,10,3,4,False
2025-04-11,25,348.34,10,4,4,False
2025-04-12,26,452.37,11,5,4,True
2025-04-13,28,531.0,11,6,4,True
2025-04-14,43,819.82,20,0,4,False
2025-04-15,30,288.84,10,1,4,False
2025-04-16,12,185.1,6,2,4,False
2025-04-17,31,551.44,15,3,4,False
2025-04-18,21,521.28,12,4,4,False
2025-04-19,20,397.41,8,5,4,True
2025-04-20,39,610.35,15,6,4,True
2025-04-21,33,556.98,14,0,4,False
2025-04-22,32,535.47,17,1,4,False
2025-04-23,19,229.89000000000001,9,2,4,False
2025-04-24,23,291.73,10,3,4,False
2025-04-25,26,530.83,9,4,4,False
2025-04-26,38,876.79,19,5,4,True
2025-04-27,19,269.72,10,6,4,True
2025-04-28,31,525.74,10,0,4,False
2025-04-29,22,284.3,9,1,4,False
2025-04-30,14,185.39,7,2,4,False
2025-05-01,24,443.06,8,3,5,False
2025-05-02,22,354.48,12,4,5,False
2025-05-03,25,492.27,13,5,5,True
2025-05-04,20,264.69,10,6,5,True
2025-05-05,29,592.76,11,0,5,False
2025-05-06,14,298.67,8,1,5,False
2025-05-07,20,376.75,10,2,5,False
2025-05-08,11,210.04,6,3,5,False
2025-05-09,21,286.79,12,4,5,False
2025-05-10,54,900.47,21,5,5,True
2025-05-11,30,407.88,12,6,5,True
2025-05-12,13,142.72,7,0,5,False
2025-05-13,31,464.89,12,1,5,False
2025-05-14,15,510.37,7,2,5,False
2025-05-15,17,351.91,7,3,5,False
2025-05-16,24,447.78000000000003,12,4,5,False
2025-05-17,30,627.95,16,5,5,True
2025-05-18,25,369.46999999999997,12,6,5,True
2025-05-19,32,473.49,12,0,5,False
2025-05-20,12,180.66,6,1,5,False
2025-05-21,25,506.51,12,2,5,False
2025-05-22,12,350.23,6,3,5,False
2025-05-23,23,613.21,13,4,5,False
2025-05-24,31,409.99,12,5,5,True
2025-05-25,28,330.76,12,6,5,True
2025-05-26,11,137.17,4,0,5,False
2025-05-27,11,263.85,5,1,5,False
2025-05-28,23,404.41999999999996,13,2,5,False
2025-05-29,22,400.63,11,3,5,False
2025-05-30,12,183.12,9,4,5,False
2025-05-31,29,445.29,10,5,5,True
2025-06-01,18,269.2,8,6,6,True
2025-06-02,6,92.44,4,0,6,False
2025-06-03,24,421.11,10,1,6,False
2025-06-04,23,478.71999999999997,10,2,6,False
2025-06-05,12,138.32,4,3,6,False
2025-06-06,17,216.2,10,4,6,False
2025-06-07,30,384.35,16,5,6,True
2025-06-08,23,326.90999999999997,10,6,6,True
2025-06-09,34,563.96,14,0,6,False
2025-06-10,17,228.51,9,1,6,False
2025-06-11,35,665.85,11,2,6,False
2025-06-12,18,274.13,11,3,6,False
2025-06-13,40,952.74,13,4,6,False
2025-06-14,17,264.67,9,5,6,True
2025-06-15,33,597.16,12,6,6,True
2025-06-16,22,255.73000000000002,8,0,6,False
2025-06-17,15,313.11,9,1,6,False
2025-06-18,36,650.45,16,2,6,False
2025-06-19,33,459.54,13,3,6,False
2025-06-20,34,521.26,11,4,6,False
2025-06-21,19,275.05,8,5,6,True
2025-06-22,29,510.48,10,6,6,True
2025-06-23,27,502.79,12,0,6,False
2025-06-24,19,488.40000000000003,9,1,6,False
2025-06-25,32,391.2,11,2,6,False
2025-06-26,46,834.49,15,3,6,False
2025-06-27,42,943.5,16,4,6,False
2025-06-28,28,601.4,13,5,6,True
2025-06-29,26,451.17,10,6,6,True
2025-06-30,15,360.64,9,0,6,False
2025-07-01,32,441.68,13,1,7,False
2025-07-02,15,184.0,4,2,7,False
2025-07-03,46,668.44,16,3,7,False
2025-07-04,27,395.85,13,4,7,False
2025-07-05,28,447.74,11,5,7,True
2025-07-06,10,139.97,4,6,7,True
2025-07-07,39,732.52,15,0,7,False
2025-07-08,20,292.82,10,1,7,False
2025-07-09,25,429.74,11,2,7,False
2025-07-10,25,378.58,11,3,7,False
2025-07-11,36,468.95,12,4,7,False
2025-07-12,16,292.27,10,5,7,True
2025-07-13,31,717.4300000000001,15,6,7,True
2025-07-14,23,251.18,11,0,7,False
2025-07-15,15,301.26,8,1,7,False
2025-07-16,19,262.7,6,2,7,False
2025-07-17,35,548.1,16,3,7,False
2025-07-18,25,338.49,14,4,7,False
2025-07-19,24,252.36,8,5,7,True
2025-07-20,28,374.09000000000003,12,6,7,True
2025-07-21,44,979.58,19,0,7,False
2025-07-22,21,265.56,8,1,7,False
2025-07-23,32,556.63,11,2,7,False
2025-07-24,22,484.96999999999997,13,3,7,False
2025-07-25,29,436.78,10,4,7,False
2025-07-26,17,381.61,8,5,7,True
2025-07-27,14,178.88,6,6,7,True
2025-07-28,29,627.28,9,0,7,False
2025-07-29,18,372.38,9,1,7,False
2025-07-30,27,473.35,14,2,7,False
2025-07-31,27,425.12,12,3,7,False
2025-08-01,30,601.92,11,4,8,False
2025-08-02,27,720.4499999999999,11,5,8,True
2025-08-03,29,460.12,12,6,8,True
2025-08-04,13,178.46,8,0,8,False
2025-08-05,30,507.57,13,1,8,False
2025-08-06,24,335.51,14,2,8,False
2025-08-07,34,416.15999999999997,14,3,8,False
2025-08-08,19,242.76999999999998,10,4,8,False
2025-08-09,56,764.9,19,5,8,True
2025-08-10,26,630.6,12,6,8,True
2025-08-11,31,766.12,10,0,8,False
2025-08-12,27,281.85,12,1,8,False
2025-08-13,24,349.84,10,2,8,False
2025-08-14,35,592.08,14,3,8,False
2025-08-15,21,396.22,11,4,8,False
2025-08-16,22,230.15,9,5,8,True
2025-08-17,36,682.03,14,6,8,True
2025-08-18,24,308.8,10,0,8,False
2025-08-19,28,548.03,12,1,8,False
2025-08-20,24,313.05,9,2,8,False
2025-08-21,41,720.54,16,3,8,False
2025-08-22,27,447.94,12,4,8,False
2025-08-23,33,478.17999999999995,14,5,8,True
2025-08-24,20,395.91,9,6,8,True
2025-08-25,32,726.81,16,0,8,False
2025-08-26,30,433.24,10,1,8,False
2025-08-27,33,389.39,10,2,8,False
2025-08-28,13,267.05,7,3,8,False
2025-08-29,17,377.57,9,4,8,False
2025-08-30,22,499.26,11,5,8,True
2025-08-31,21,271.29,9,6,8,True
2025-09-01,30,675.76,12,0,9,False
2025-09-02,35,394.17,10,1,9,False
2025-09-03,25,568.86,9,2,9,False
2025-09-04,26,349.08000000000004,11,3,9,False
2025-09-05,19,257.77,7,4,9,False
2025-09-06,33,521.23,15,5,9,True
2025-09-07,33,711.27,16,6,9,True
2025-09-08,27,309.45,12,0,9,False
2025-09-09,17,384.47999999999996,5,1,9,False
2025-09-10,16,250.16,6,2,9,False
2025-09-11,20,349.61,7,3,9,False
2025-09-12,24,328.57,7,4,9,False
2025-09-13,17,190.12,7,5,9,True
2025-09-14,43,675.35,17,6,9,True
2025-09-15,32,584.4,10,0,9,False
2025-09-16,19,234.29000000000002,11,1,9,False
2025-09-17,35,540.05,15,2,9,False
2025-09-18,21,365.2,9,3,9,False
2025-09-19,9,241.83,6,4,9,False
2025-09-20,40,729.42,13,5,9,True
2025-09-21,27,505.73,11,6,9,True
2025-09-22,15,206.78,7,0,9,False
2025-09-23,31,427.49,15,1,9,False
2025-09-24,32,604.6,13,2,9,False
2025-09-25,25,311.53,10,3,9,False
2025-09-26,53,795.31,23,4,9,False
2025-09-27,34,506.62,15,5,9,True
2025-09-28,13,304.63,7,6,9,True
2025-09-29,24,264.64,9,0,9,False
2025-09-30,21,327.92,8,1,9,False
2025-10-01,38,574.41,14,2,10,False
2025-10-02,19,142.32,6,3,10,False
2025-10-03,34,565.8,12,4,10,False
2025-10-04,16,200.35,9,5,10,True
2025-10-05,15,414.79999999999995,8,6,10,True
2025-10-06,8,244.8,5,0,10,False
2025-10-07,17,227.0,8,1,10,False
2025-10-08,26,327.13,9,2,10,False
2025-10-09,38,1135.6,15,3,10,False
2025-10-10,25,633.33,11,4,10,False
2025-10-11,25,487.28,11,5,10,True
2025-10-12,42,645.7,13,6,10,True
2025-10-13,21,409.74,10,0,10,False
2025-10-14,24,378.01,10,1,10,False
2025-10-15,30,454.40000000000003,16,2,10,False
2025-10-16,16,274.12,9,3,10,False
2025-10-17,44,821.87,17,4,10,False
2025-10-18,34,777.09,16,5,10,True
2025-10-19,20,351.85,11,6,10,True
2025-10-20,30,572.3199999999999,12,0,10,False
2025-10-21,16,244.77,8,1,10,False
2025-10-22,14,236.05,7,2,10,False
2025-10-23,33,657.28,16,3,10,False
2025-10-24,27,488.14,12,4,10,False
2025-10-25,14,215.87,6,5,10,True
2025-10-26,49,1062.6599999999999,20,6,10,True
2025-10-27,28,383.42,9,0,10,False
2025-10-28,50,883.11,21,1,10,False
2025-10-29,21,472.42999999999995,7,2,10,False
2025-10-30,20,372.41,8,3,10,False
2025-10-31,38,859.25,14,4,10,False
2025-11-01,29,536.27,16,5,11,True
2025-11-02,24,546.8,9,6,11,True
2025-11-03,32,909.95,11,0,11,False
2025-11-04,32,537.87,12,1,11,False
2025-11-05,20,449.01,9,2,11,False
2025-11-06,30,616.44,12,3,11,False
2025-11-07,9,345.39,6,4,11,False
2025-11-08,37,820.19,13,5,11,True
2025-11-09,32,556.57,11,6,11,True
2025-11-10,20,488.93,10,0,11,False
2025-11-11,21,434.14,9,1,11,False
2025-11-12,27,415.02,14,2,11,False
2025-11-13,43,639.56,15,3,11,False
2025-11-14,31,525.59,12,4,11,False
2025-11-15,37,677.1800000000001,16,5,11,True
2025-11-16,18,202.53,11,6,11,True
2025-11-17,30,347.37,14,0,11,False
2025-11-18,22,328.65,10,1,11,False
2025-11-19,27,453.53,10,2,11,False
2025-11-20,31,339.25,12,3,11,False
2025-11-21,19,416.71000000000004,9,4,11,False
2025-11-22,46,711.22,19,5,11,True
2025-11-23,46,772.52,22,6,11,True
2025-11-24,28,504.34,10,0,11,False
2025-11-25,34,559.97,14,1,11,False
2025-11-26,39,645.23,13,2,11,False
2025-11-27,24,250.97,7,3,11,False
2025-11-28,23,361.34999999999997,8,4,11,False
2025-11-29,41,565.47,14,5,11,True
2025-11-30,11,123.76,4,6,11,True
2025-12-01,35,533.54,15,0,12,False
2025-12-02,21,292.33,9,1,12,False
2025-12-03,37,628.95,14,2,12,False
2025-12-04,27,484.72,12,3,12,False
2025-12-05,26,372.99,11,4,12,False
2025-12-06,46,687.22,19,5,12,True
2025-12-07,41,941.14,20,6,12,True
2025-12-08,26,380.7,12,0,12,False
2025-12-09,23,304.51,11,1,12,False
2025-12-10,18,323.92,8,2,12,False
2025-12-11,34,470.79,15,3,12,False
2025-12-12,26,357.05,12,4,12,False
2025-12-13,30,725.69,15,5,12,True
2025-12-14,17,307.40999999999997,9,6,12,True
2025-12-15,16,269.24,7,0,12,False
2025-12-16,23,430.58,10,1,12,False
2025-12-17,27,418.62,14,2,12,False
2025-12-18,12,188.58,6,3,12,False
2025-12-19,24,317.52,12,4,12,False
2025-12-20,37,476.2,14,5,12,True
2025-12-21,38,668.35,16,6,12,True
2025-12-22,24,370.02,10,0,12,False
2025-12-23,33,536.41,13,1,12,False
2025-12-24,33,487.68,12,2,12,False
2025-12-25,28,388.83,14,3,12,False
2025-12-26,26,671.1500000000001,10,4,12,False
2025-12-27,23,330.72,12,5,12,True
2025-12-28,22,423.75,10,6,12,True
2025-12-29,40,643.88,18,0,12,False
2025-12-30,25,298.22,14,1,12,False
2025-12-31,22,231.92,9,2,12,False
