date,metric,model,forecast
2026-01-01,revenue,Random Forest,425.11
2026-01-01,sales_quantity,Prophet,25.95
2026-01-02,revenue,Random Forest,398.33
2026-01-02,sales_quantity,Prophet,26.08
2026-01-03,revenue,Random Forest,464.47
2026-01-03,sales_quantity,Prophet,29.33
2026-01-04,revenue,Random Forest,530.24
2026-01-04,sales_quantity,Prophet,28.32
2026-01-05,revenue,Random Forest,355.34
2026-01-05,sales_quantity,Prophet,24.01
2026-01-06,revenue,Random Forest,347.35
2026-01-06,sales_quantity,Prophet,24.12
2026-01-07,revenue,Random Forest,347.7
2026-01-07,sales_quantity,Prophet,23.28
2026-01-08,revenue,Random Forest,366.57
2026-01-08,sales_quantity,Prophet,24.2
2026-01-09,revenue,Random Forest,356.5
2026-01-09,sales_quantity,Prophet,24.31
2026-01-10,revenue,Random Forest,475.97
2026-01-10,sales_quantity,Prophet,27.57
2026-01-11,revenue,Random Forest,454.14
2026-01-11,sales_quantity,Prophet,26.62
2026-01-12,revenue,Random Forest,354.35
2026-01-12,sales_quantity,Prophet,22.41
2026-01-13,revenue,Random Forest,365.5
2026-01-13,sales_quantity,Prophet,22.64
2026-01-14,revenue,Random Forest,377.49
2026-01-14,sales_quantity,Prophet,21.96
2026-01-15,revenue,Random Forest,341.69
2026-01-15,sales_quantity,Prophet,23.07
2026-01-16,revenue,Random Forest,359.51
2026-01-16,sales_quantity,Prophet,23.39
2026-01-17,revenue,Random Forest,448.58
2026-01-17,sales_quantity,Prophet,26.89
2026-01-18,revenue,Random Forest,475.01
2026-01-18,sales_quantity,Prophet,26.19
2026-01-19,revenue,Random Forest,375.47
2026-01-19,sales_quantity,Prophet,22.23
2026-01-20,revenue,Random Forest,403.43
2026-01-20,sales_quantity,Prophet,22.72
2026-01-21,revenue,Random Forest,401.5
2026-01-21,sales_quantity,Prophet,22.31
2026-01-22,revenue,Random Forest,369.23
2026-01-22,sales_quantity,Prophet,23.67
2026-01-23,revenue,Random Forest,443.99
2026-01-23,sales_quantity,Prophet,24.23
2026-01-24,revenue,Random Forest,434.43
2026-01-24,sales_quantity,Prophet,27.94
2026-01-25,revenue,Random Forest,442.31
2026-01-25,sales_quantity,Prophet,27.43
2026-01-26,revenue,Random Forest,439.09
2026-01-26,sales_quantity,Prophet,23.64
2026-01-27,revenue,Random Forest,355.71
2026-01-27,sales_quantity,Prophet,24.26
2026-01-28,revenue,Random Forest,343.86
2026-01-28,sales_quantity,Prophet,23.94
2026-01-29,revenue,Random Forest,375.29
2026-01-29,sales_quantity,Prophet,25.35
2026-01-30,revenue,Random Forest,388.27
2026-01-30,sales_quantity,Prophet,25.93
