customer_id,customer_name,email,city,registration_date
CUST0001,Customer 1,customer1@example.com,Delhi,2025-01-13
CUST0002,Customer 2,customer2@example.com,Ahmedabad,2025-05-06
CUST0003,Customer 3,customer3@example.com,Pune,2025-03-13
CUST0004,Customer 4,customer4@example.com,Delhi,2025-10-07
CUST0005,Customer 5,customer5@example.com,Delhi,2025-08-05
CUST0006,Customer 6,customer6@example.com,Jaipur,2025-01-16
CUST0007,Customer 7,customer7@example.com,Delhi,2025-04-22
CUST0008,Customer 8,customer8@example.com,Pune,2025-09-16
CUST0009,Customer 9,customer9@example.com,Jaipur,2025-10-15
CUST0010,Customer 10,customer10@example.com,Pune,2025-10-07
CUST0011,Customer 11,customer11@example.com,Hyderabad,2025-04-23
CUST0012,Customer 12,customer12@example.com,Chennai,2025-05-23
CUST0013,Customer 13,customer13@example.com,Jaipur,2025-03-23
CUST0014,Customer 14,customer14@example.com,Hyderabad,2025-06-24
CUST0015,Customer 15,customer15@example.com,Ahmedabad,2025-03-21
CUST0016,Customer 16,customer16@example.com,Pune,2025-06-22
CUST0017,Customer 17,customer17@example.com,Delhi,2025-02-17
CUST0018,Customer 18,customer18@example.com,Hyderabad,2025-02-19
CUST0019,Customer 19,customer19@example.com,Bangalore,2025-06-26
CUST0020,Customer 20,customer20@example.com,Ahmedabad,2025-01-23
CUST0021,Customer 21,customer21@example.com,Chennai,2025-10-02
CUST0022,Customer 22,customer22@example.com,Delhi,2025-07-13
CUST0023,Customer 23,customer23@example.com,Delhi,2025-10-10
CUST0024,Customer 24,customer24@example.com,Ahmedabad,2025-07-05
CUST0025,Customer 25,customer25@example.com,Pune,2025-02-05
CUST0026,Customer 26,customer26@example.com,Jaipur,2025-04-27
CUST0027,Customer 27,customer27@example.com,Ahmedabad,2025-02-10
CUST0028,Customer 28,customer28@example.com,Pune,2025-02-21
CUST0029,Customer 29,customer29@example.com,Hyderabad,2025-05-23
CUST0030,Customer 30,customer30@example.com,Chennai,2025-07-06
CUST0031,Customer 31,customer31@example.com,Mumbai,2025-07-09
CUST0032,Customer 32,customer32@example.com,Bangalore,2025-04-18
CUST0033,Customer 33,customer33@example.com,Ahmedabad,2025-02-06
CUST0034,Customer 34,customer34@example.com,Mumbai,2025-10-01
CUST0035,Customer 35,customer35@example.com,Pune,2025-03-25
CUST0036,Customer 36,customer36@example.com,Chennai,2025-07-14
CUST0037,Customer 37,customer37@example.com,Ahmedabad,2025-10-13
CUST0038,Customer 38,customer38@example.com,Pune,2025-06-16
CUST0039,Customer 39,customer39@example.com,Jaipur,2025-04-28
CUST0040,Customer 40,customer40@example.com,Jaipur,2025-06-11
CUST0041,Customer 41,customer41@example.com,Hyderabad,2025-05-18
CUST0042,Customer 42,customer42@example.com,Delhi,2025-04-19
CUST0043,Customer 43,customer43@example.com,Bangalore,2025-04-19
CUST0044,Customer 44,customer44@example.com,Chennai,2025-07-22
CUST0045,Customer 45,customer45@example.com,Chennai,2025-03-15
CUST0046,Customer 46,customer46@example.com,Ahmedabad,2025-03-13
CUST0047,Customer 47,customer47@example.com,Pune,2025-10-15
CUST0048,Customer 48,customer48@example.com,Ahmedabad,2025-10-27
CUST0049,Customer 49,customer49@example.com,Hyderabad,2025-10-26
CUST0050,Customer 50,customer50@example.com,Hyderabad,2025-07-05
CUST0051,Customer 51,customer51@example.com,Pune,2025-03-12
CUST0052,Customer 52,customer52@example.com,Chennai,2025-02-16
CUST0053,Customer 53,customer53@example.com,Jaipur,2025-02-26
CUST0054,Customer 54,customer54@example.com,Mumbai,2025-03-23
CUST0055,Customer 55,customer55@example.com,Hyderabad,2025-02-02
CUST0056,Customer 56,customer56@example.com,Hyderabad,2025-07-15
CUST0057,Customer 57,customer57@example.com,Chennai,2025-09-28
CUST0058,Customer 58,customer58@example.com,Ahmedabad,2025-10-11
CUST0059,Customer 59,customer59@example.com,Jaipur,2025-02-28
CUST0060,Customer 60,customer60@example.com,Ahmedabad,2025-06-24
CUST0061,Customer 61,customer61@example.com,Delhi,2025-05-31
CUST0062,Customer 62,customer62@example.com,Hyderabad,2025-03-22
CUST0063,Customer 63,customer63@example.com,Chennai,2025-01-02
CUST0064,Customer 64,customer64@example.com,Ahmedabad,2025-09-14
CUST0065,Customer 65,customer65@example.com,Mumbai,2025-09-17
CUST0066,Customer 66,customer66@example.com,Delhi,2025-06-02
CUST0067,Customer 67,customer67@example.com,Pune,2025-03-20
CUST0068,Customer 68,customer68@example.com,Bangalore,2025-03-24
CUST0069,Customer 69,customer69@example.com,Jaipur,2025-06-15
CUST0070,Customer 70,customer70@example.com,Chennai,2025-01-10
CUST0071,Customer 71,customer71@example.com,Delhi,2025-07-05
CUST0072,Customer 72,customer72@example.com,Ahmedabad,2025-05-03
CUST0073,Customer 73,customer73@example.com,Jaipur,2025-05-04
CUST0074,Customer 74,customer74@example.com,Delhi,2025-02-13
CUST0075,Customer 75,customer75@example.com,Chennai,2025-02-05
CUST0076,Customer 76,customer76@example.com,Mumbai,2025-03-07
CUST0077,Customer 77,customer77@example.com,Chennai,2025-10-09
CUST0078,Customer 78,customer78@example.com,Mumbai,2025-05-16
CUST0079,Customer 79,customer79@example.com,Hyderabad,2025-04-19
CUST0080,Customer 80,customer80@example.com,Pune,2025-06-09
CUST0081,Customer 81,customer81@example.com,Hyderabad,2025-07-11
CUST0082,Customer 82,customer82@example.com,Chennai,2025-09-22
CUST0083,Customer 83,customer83@example.com,Chennai,2025-03-03
CUST0084,Customer 84,customer84@example.com,Pune,2025-04-26
CUST0085,Customer 85,customer85@example.com,Delhi,2025-06-23
CUST0086,Customer 86,customer86@example.com,Jaipur,2025-10-11
CUST0087,Customer 87,customer87@example.com,Pune,2025-04-23
CUST0088,Customer 88,customer88@example.com,Jaipur,2025-02-06
CUST0089,Customer 89,customer89@example.com,Jaipur,2025-04-28
CUST0090,Customer 90,customer90@example.com,Delhi,2025-01-17
CUST0091,Customer 91,customer91@example.com,Bangalore,2025-02-06
CUST0092,Customer 92,customer92@example.com,Pune,2025-05-23
CUST0093,Customer 93,customer93@example.com,Chennai,2025-04-20
CUST0094,Customer 94,customer94@example.com,Mumbai,2025-10-20
CUST0095,Customer 95,customer95@example.com,Chennai,2025-05-05
CUST0096,Customer 96,customer96@example.com,Chennai,2025-07-28
CUST0097,Customer 97,customer97@example.com,Pune,2025-02-18
CUST0098,Customer 98,customer98@example.com,Delhi,2025-08-09
CUST0099,Customer 99,customer99@example.com,Bangalore,2025-08-05
CUST0100,Customer 100,customer100@example.com,Hyderabad,2025-08-28
CUST0011,Customer 11,customer11@example.com,Hyderabad,2025-04-23
