customer_id,name,email,gender,age,city,registration_date
C0001,Diya Singh,customer0001@example.com,Male,59,Hyderabad,2024-05-06
C0002,Tara Sharma,customer0002@example.com,Male,59,Chennai,2022-06-27
C0003,Vikram Reddy,customer0003@example.com,Female,70,Delhi,2024-01-31
C0004,Rohan Nair,customer0004@example.com,Male,70,Hyderabad,2022-08-03
C0005,Rahul Mehta,customer0005@example.com,Female,52,Delhi,2023-09-12
C0006,Rohan Reddy,customer0006@example.com,Female,36,Chennai,2024-08-12
C0007,Diya Sharma,customer0007@example.com,Male,24,Bengaluru,2022-11-13
C0008,Ananya Singh,customer0008@example.com,Female,33,Mumbai,2023-09-06
C0009,Rohan Iyer,customer0009@example.com,Female,35,Delhi,2024-09-03
C0010,Kavya Sharma,customer0010@example.com,Male,63,Bengaluru,2023-02-17
C0011,Ananya Joshi,customer0011@example.com,Male,52,Delhi,2022-04-20
C0012,Neha Mehta,customer0012@example.com,Male,58,Pune,2023-04-07
C0013,Ishaan Nair,customer0013@example.com,Female,41,Hyderabad,2023-09-17
C0014,Vikram Pillai,customer0014@example.com,Male,18,Delhi,2022-07-01
C0015,Ananya Joshi,customer0015@example.com,Male,67,Bengaluru,2023-12-04
C0016,Saanvi Patel,customer0016@example.com,Male,20,Delhi,2024-10-06
C0017,Diya Patel,customer0017@example.com,Male,18,Mumbai,2022-10-31
C0018,Kavya Mehta,customer0018@example.com,Male,34,Mumbai,2022-01-05
C0019,Diya Khan,customer0019@example.com,Male,34,Kolkata,2023-12-11
C0020,Diya Pillai,customer0020@example.com,Female,62,Hyderabad,2021-09-24
C0021,Ishaan Patel,customer0021@example.com,Female,42,Mumbai,2023-03-15
C0022,Ananya Iyer,customer0022@example.com,Female,32,Hyderabad,2022-08-10
C0023,Ishaan Mehta,customer0023@example.com,Female,55,Delhi,2021-04-03
C0024,Ishaan Das,customer0024@example.com,Female,48,Hyderabad,2022-01-24
C0025,Arjun Mehta,customer0025@example.com,Female,35,Chennai,2023-06-16
C0026,Ananya Sharma,customer0026@example.com,Male,70,Delhi,2021-05-24
C0027,Aarav Gupta,customer0027@example.com,Female,43,Chennai,2022-07-14
C0028,Neha Mehta,customer0028@example.com,Female,45,Hyderabad,2023-06-09
C0029,Aarav Iyer,customer0029@example.com,Male,37,Mumbai,2023-09-16
C0030,Meera Mehta,customer0030@example.com,Male,63,Delhi,2024-02-29
C0031,Neha Pillai,customer0031@example.com,Male,19,Delhi,2024-03-11
C0032,Aditya Singh,customer0032@example.com,Male,42,Kolkata,2023-04-18
C0033,Aarav Das,customer0033@example.com,Male,51,Kolkata,2024-11-08
C0034,Ananya Nair,customer0034@example.com,Female,27,Pune,2024-01-21
C0035,Arjun Pillai,customer0035@example.com,Female,57,Hyderabad,2024-07-23
C0036,Diya Reddy,customer0036@example.com,Male,25,Bengaluru,2022-12-04
C0037,Tara Joshi,customer0037@example.com,Male,60,Bengaluru,2023-12-28
C0038,Meera Nair,customer0038@example.com,Female,45,Kolkata,2023-01-17
C0039,Ishaan Patel,customer0039@example.com,Female,26,Delhi,2023-03-24
C0040,Rahul Mehta,customer0040@example.com,Male,61,Bengaluru,2023-06-01
C0041,Neha Singh,customer0041@example.com,Male,26,Mumbai,2024-07-25
C0042,Diya Pillai,customer0042@example.com,Male,60,Kolkata,2021-02-08
C0043,Ananya Sharma,customer0043@example.com,Male,18,Kolkata,2021-11-07
C0044,Aditya Iyer,customer0044@example.com,Male,24,Delhi,2021-06-08
C0045,Ishaan Pillai,customer0045@example.com,Male,41,Pune,2022-12-23
C0046,Saanvi Gupta,customer0046@example.com,Female,37,Kolkata,2024-07-03
C0047,Tara Khan,customer0047@example.com,Male,29,Bengaluru,2024-08-25
C0048,Diya Singh,customer0048@example.com,Female,21,Chennai,2022-12-03
C0049,Arjun Nair,customer0049@example.com,Female,39,Pune,2023-04-14
C0050,Ananya Patel,customer0050@example.com,Male,53,Chennai,2024-03-10
C0051,Aarav Pillai,customer0051@example.com,Female,30,Kolkata,2021-09-26
C0052,Vikram Nair,customer0052@example.com,Female,21,Bengaluru,2021-03-22
C0053,Ishaan Mehta,customer0053@example.com,Male,49,Delhi,2021-11-22
C0054,Aditya Reddy,customer0054@example.com,Male,28,Chennai,2021-06-13
C0055,Rahul Joshi,customer0055@example.com,Female,54,Delhi,2022-05-22
C0056,Kavya Singh,customer0056@example.com,Male,19,Mumbai,2024-01-27
C0057,Ananya Patel,customer0057@example.com,Male,25,Delhi,2023-10-13
C0058,Saanvi Khan,customer0058@example.com,Female,50,Chennai,2024-07-04
C0059,Nisha Joshi,customer0059@example.com,Male,27,Kolkata,2023-01-12
C0060,Rohan Patel,customer0060@example.com,Female,27,Chennai,2022-02-20
C0061,Diya Reddy,customer0061@example.com,Male,44,Delhi,2023-10-28
C0062,Diya Patel,customer0062@example.com,Female,47,Mumbai,2022-02-24
C0063,Rahul Singh,customer0063@example.com,Female,27,Mumbai,2022-11-08
C0064,Ananya Gupta,customer0064@example.com,Male,47,Hyderabad,2021-03-10
C0065,Rahul Khan,customer0065@example.com,Female,40,Mumbai,2021-07-03
C0066,Rahul Joshi,customer0066@example.com,Male,61,Delhi,2022-06-30
C0067,Arjun Das,customer0067@example.com,Male,69,Delhi,2022-03-21
C0068,Meera Iyer,customer0068@example.com,Male,39,Delhi,2023-04-16
C0069,Rahul Patel,customer0069@example.com,Male,51,Chennai,2022-09-16
C0070,Diya Sharma,customer0070@example.com,Male,65,Chennai,2022-03-15
C0071,Ananya Khan,customer0071@example.com,Female,33,Mumbai,2023-09-15
C0072,Aarav Khan,customer0072@example.com,Male,35,Bengaluru,2024-05-24
C0073,Rahul Pillai,customer0073@example.com,Male,66,Mumbai,2023-11-14
C0074,Diya Singh,customer0074@example.com,Male,68,Bengaluru,2021-10-14
C0075,Aditya Joshi,customer0075@example.com,Female,67,Mumbai,2021-10-06
C0076,Ishaan Mehta,customer0076@example.com,Female,60,Hyderabad,2023-05-12
C0077,Kavya Iyer,customer0077@example.com,Female,51,Pune,2024-06-20
C0078,Ananya Das,customer0078@example.com,Female,43,Mumbai,2024-05-08
C0079,Meera Singh,customer0079@example.com,Female,47,Delhi,2022-09-19
C0080,Vikram Nair,customer0080@example.com,Female,53,Chennai,2024-07-07
C0081,Rohan Patel,customer0081@example.com,Male,48,Hyderabad,2023-08-13
C0082,Meera Iyer,customer0082@example.com,Male,52,Delhi,2022-09-21
C0083,Vikram Pillai,customer0083@example.com,Female,56,Pune,2024-07-11
C0084,Ananya Pillai,customer0084@example.com,Male,27,Hyderabad,2022-04-18
C0085,Rohan Gupta,customer0085@example.com,Male,25,Hyderabad,2023-05-27
C0086,Tara Reddy,customer0086@example.com,Female,53,Kolkata,2021-03-03
C0087,Rohan Joshi,customer0087@example.com,Male,58,Delhi,2024-09-24
C0088,Vikram Reddy,customer0088@example.com,Male,64,Chennai,2021-10-18
C0089,Rahul Gupta,customer0089@example.com,Male,62,Pune,2024-04-26
C0090,Diya Nair,customer0090@example.com,Female,33,Delhi,2024-04-26
C0091,Arjun Nair,customer0091@example.com,Female,66,Mumbai,2022-08-25
C0092,Aarav Das,customer0092@example.com,Female,40,Kolkata,2023-01-12
C0093,Rohan Joshi,customer0093@example.com,Female,52,Chennai,2024-02-13
C0094,Aarav Reddy,customer0094@example.com,Male,35,Kolkata,2022-12-07
C0095,Ishaan Sharma,customer0095@example.com,Female,20,Pune,2022-06-19
C0096,Nisha Singh,customer0096@example.com,Female,27,Chennai,2023-06-16
C0097,Kavya Pillai,customer0097@example.com,Male,19,Chennai,2022-09-19
C0098,Diya Iyer,customer0098@example.com,Male,43,Mumbai,2021-10-14
C0099,Vikram Iyer,customer0099@example.com,Female,50,Chennai,2022-06-22
C0100,Arjun Patel,customer0100@example.com,Female,38,Hyderabad,2023-05-01
C0101,Nisha Joshi,customer0101@example.com,Male,44,Mumbai,2024-10-02
C0102,Vikram Gupta,customer0102@example.com,Male,30,Hyderabad,2024-03-19
C0103,Rahul Nair,customer0103@example.com,Female,24,Mumbai,2022-05-30
C0104,Arjun Nair,customer0104@example.com,Female,31,Mumbai,2021-03-30
C0105,Rohan Sharma,customer0105@example.com,Female,26,Hyderabad,2023-06-04
C0106,Arjun Sharma,customer0106@example.com,Non-binary,51,Kolkata,2024-11-09
C0107,Rahul Patel,customer0107@example.com,Non-binary,34,Pune,2022-07-31
C0108,Kavya Singh,customer0108@example.com,Male,70,Mumbai,2022-01-04
C0109,Meera Joshi,customer0109@example.com,Female,43,Chennai,2024-07-10
C0110,Rahul Patel,customer0110@example.com,Male,37,Kolkata,2021-08-12
C0111,Arjun Reddy,customer0111@example.com,Male,33,Delhi,2022-03-29
C0112,Aditya Sharma,customer0112@example.com,Male,29,Delhi,2022-07-23
C0113,Aditya Reddy,customer0113@example.com,Male,48,Hyderabad,2022-09-01
C0114,Vikram Patel,customer0114@example.com,Female,46,Bengaluru,2023-03-21
C0115,Aditya Khan,customer0115@example.com,Male,46,Bengaluru,2024-11-25
C0116,Meera Gupta,customer0116@example.com,Male,50,Kolkata,2022-09-04
C0117,Aarav Mehta,customer0117@example.com,Female,58,Bengaluru,2022-04-20
C0118,Neha Khan,customer0118@example.com,Female,31,Hyderabad,2022-03-24
C0119,Aarav Sharma,customer0119@example.com,Male,50,Bengaluru,2022-05-17
C0120,Saanvi Singh,customer0120@example.com,Female,37,Mumbai,2022-03-31
C0121,Aarav Pillai,customer0121@example.com,Female,38,Mumbai,2024-06-07
C0122,Kavya Mehta,customer0122@example.com,Male,27,Bengaluru,2021-09-01
C0123,Arjun Iyer,customer0123@example.com,Male,65,Delhi,2022-05-18
C0124,Tara Patel,customer0124@example.com,Female,33,Chennai,2024-06-30
C0125,Tara Gupta,customer0125@example.com,Male,61,Bengaluru,2024-12-30
C0126,Neha Mehta,customer0126@example.com,Male,23,Bengaluru,2021-09-09
C0127,Ishaan Sharma,customer0127@example.com,Male,51,Mumbai,2024-05-09
C0128,Rohan Patel,customer0128@example.com,Female,22,Pune,2021-07-07
C0129,Vikram Reddy,customer0129@example.com,Non-binary,36,Mumbai,2021-11-09
C0130,Neha Iyer,customer0130@example.com,Male,70,Chennai,2023-11-10
C0131,Tara Khan,customer0131@example.com,Non-binary,60,Pune,2023-05-14
C0132,Rahul Gupta,customer0132@example.com,Male,70,Pune,2023-06-09
C0133,Diya Pillai,customer0133@example.com,Male,44,Mumbai,2021-02-17
C0134,Aditya Das,customer0134@example.com,Female,18,Delhi,2024-08-13
C0135,Diya Nair,customer0135@example.com,Male,55,Chennai,2022-06-21
C0136,Ananya Sharma,customer0136@example.com,Male,27,Pune,2022-11-19
C0137,Rahul Iyer,customer0137@example.com,Female,40,Pune,2021-04-10
C0138,Rahul Pillai,customer0138@example.com,Male,69,Kolkata,2024-08-03
C0139,Rahul Das,customer0139@example.com,Male,28,Bengaluru,2024-08-18
C0140,Ishaan Das,customer0140@example.com,Male,33,Bengaluru,2024-05-10
C0141,Aarav Iyer,customer0141@example.com,Female,70,Kolkata,2021-11-04
C0142,Vikram Sharma,customer0142@example.com,Female,41,Chennai,2022-03-17
C0143,Saanvi Singh,customer0143@example.com,Male,54,Mumbai,2021-12-14
C0144,Ananya Singh,customer0144@example.com,Male,60,Chennai,2022-03-30
C0145,Neha Singh,customer0145@example.com,Male,34,Chennai,2024-05-09
C0146,Meera Gupta,customer0146@example.com,Non-binary,48,Kolkata,2023-05-22
C0147,Rahul Khan,customer0147@example.com,Non-binary,46,Hyderabad,2024-07-20
C0148,Aditya Nair,customer0148@example.com,Female,19,Kolkata,2022-01-04
C0149,Tara Gupta,customer0149@example.com,Male,42,Hyderabad,2024-09-23
C0150,Vikram Gupta,customer0150@example.com,Male,22,Hyderabad,2023-07-05
C0151,Rahul Gupta,customer0151@example.com,Non-binary,30,Pune,2024-06-14
C0152,Saanvi Mehta,customer0152@example.com,Male,45,Mumbai,2024-11-25
C0153,Arjun Sharma,customer0153@example.com,Male,20,Kolkata,2022-10-12
C0154,Nisha Mehta,customer0154@example.com,Female,30,Mumbai,2024-11-03
C0155,Ananya Pillai,customer0155@example.com,Male,28,Mumbai,2023-02-23
C0156,Aarav Sharma,customer0156@example.com,Male,65,Bengaluru,2022-05-08
C0157,Ananya Nair,customer0157@example.com,Male,39,Mumbai,2021-11-08
C0158,Rohan Sharma,customer0158@example.com,Male,37,Pune,2021-06-23
C0159,Kavya Iyer,customer0159@example.com,Male,26,Mumbai,2023-03-26
C0160,Rahul Nair,customer0160@example.com,Male,34,Bengaluru,2024-02-21
C0161,Diya Pillai,customer0161@example.com,Female,37,Pune,2021-06-19
C0162,Ishaan Mehta,customer0162@example.com,Male,63,Pune,2023-08-07
C0163,Vikram Joshi,customer0163@example.com,Male,19,Pune,2022-09-24
C0164,Aditya Reddy,customer0164@example.com,Female,27,Bengaluru,2024-04-02
C0165,Rohan Reddy,customer0165@example.com,Male,39,Pune,2022-03-21
C0166,Rahul Khan,customer0166@example.com,Female,47,Bengaluru,2022-10-18
C0167,Vikram Sharma,customer0167@example.com,Female,48,Delhi,2021-04-15
C0168,Aditya Gupta,customer0168@example.com,Male,61,Bengaluru,2024-05-24
C0169,Kavya Joshi,customer0169@example.com,Female,29,Mumbai,2021-01-30
C0170,Aditya Joshi,customer0170@example.com,Female,22,Pune,2021-06-28
C0171,Saanvi Singh,customer0171@example.com,Male,57,Mumbai,2024-09-03
C0172,Ishaan Nair,customer0172@example.com,Non-binary,49,Delhi,2023-01-22
C0173,Neha Singh,customer0173@example.com,Male,38,Mumbai,2021-09-23
C0174,Saanvi Khan,customer0174@example.com,Female,63,Chennai,2022-09-07
C0175,Neha Das,customer0175@example.com,Female,28,Kolkata,2022-07-12
C0176,Kavya Patel,customer0176@example.com,Male,61,Kolkata,2022-05-23
C0177,Arjun Khan,customer0177@example.com,Male,43,Mumbai,2023-04-05
C0178,Ishaan Das,customer0178@example.com,Male,30,Bengaluru,2023-07-08
C0179,Kavya Reddy,customer0179@example.com,Female,38,Kolkata,2024-12-05
C0180,Kavya Mehta,customer0180@example.com,Male,60,Bengaluru,2022-12-14
C0181,Ishaan Mehta,customer0181@example.com,Male,28,Delhi,2021-06-05
C0182,Saanvi Iyer,customer0182@example.com,Female,49,Bengaluru,2024-07-26
C0183,Meera Iyer,customer0183@example.com,Male,56,Bengaluru,2022-03-21
C0184,Vikram Pillai,customer0184@example.com,Male,42,Mumbai,2024-03-12
C0185,Saanvi Joshi,customer0185@example.com,Male,38,Bengaluru,2024-06-11
C0186,Nisha Mehta,customer0186@example.com,Female,37,Delhi,2022-04-09
C0187,Nisha Gupta,customer0187@example.com,Female,36,Pune,2023-06-12
C0188,Arjun Patel,customer0188@example.com,Male,60,Hyderabad,2023-09-05
C0189,Kavya Sharma,customer0189@example.com,Male,35,Bengaluru,2022-07-09
C0190,Meera Das,customer0190@example.com,Female,66,Kolkata,2021-01-01
C0191,Arjun Nair,customer0191@example.com,Male,61,Bengaluru,2023-02-06
C0192,Diya Pillai,customer0192@example.com,Female,30,Bengaluru,2022-02-01
C0193,Aditya Singh,customer0193@example.com,Male,65,Chennai,2022-12-31
C0194,Neha Khan,customer0194@example.com,Male,24,Chennai,2022-09-20
C0195,Neha Iyer,customer0195@example.com,Male,19,Bengaluru,2023-01-13
C0196,Aditya Singh,customer0196@example.com,Female,35,Bengaluru,2023-05-13
C0197,Aditya Reddy,customer0197@example.com,Male,25,Bengaluru,2021-06-01
C0198,Diya Das,customer0198@example.com,Female,49,Pune,2021-11-22
C0199,Neha Patel,customer0199@example.com,Female,47,Kolkata,2024-01-25
C0200,Nisha Das,customer0200@example.com,Female,36,Chennai,2024-09-14
C0201,Meera Joshi,customer0201@example.com,Female,49,Chennai,2021-08-05
C0202,Vikram Pillai,customer0202@example.com,Male,22,Hyderabad,2021-04-19
C0203,Diya Patel,customer0203@example.com,Non-binary,54,Bengaluru,2021-04-10
C0204,Vikram Singh,customer0204@example.com,Male,47,Bengaluru,2022-05-29
C0205,Ishaan Sharma,customer0205@example.com,Female,58,Bengaluru,2021-06-14
C0206,Rohan Singh,customer0206@example.com,Female,18,Hyderabad,2021-09-01
C0207,Ishaan Gupta,customer0207@example.com,Male,36,Bengaluru,2022-07-22
C0208,Vikram Mehta,customer0208@example.com,Male,40,Bengaluru,2023-10-11
C0209,Tara Das,customer0209@example.com,Female,38,Kolkata,2024-04-08
C0210,Kavya Mehta,customer0210@example.com,Male,39,Chennai,2021-08-01
C0211,Aditya Gupta,customer0211@example.com,Female,48,Delhi,2022-01-10
C0212,Vikram Patel,customer0212@example.com,Female,52,Kolkata,2021-06-15
C0213,Tara Iyer,customer0213@example.com,Male,64,Kolkata,2022-03-26
C0214,Ananya Nair,customer0214@example.com,Male,21,Bengaluru,2023-04-01
C0215,Aarav Gupta,customer0215@example.com,Female,38,Pune,2024-09-01
C0216,Tara Iyer,customer0216@example.com,Female,25,Hyderabad,2021-10-10
C0217,Ananya Gupta,customer0217@example.com,Female,20,Mumbai,2022-03-20
C0218,Aarav Iyer,customer0218@example.com,Non-binary,60,Bengaluru,2024-02-23
C0219,Tara Patel,customer0219@example.com,Female,57,Chennai,2023-12-01
C0220,Ananya Reddy,customer0220@example.com,Female,51,Kolkata,2023-11-23
C0221,Vikram Sharma,customer0221@example.com,Female,41,Pune,2024-11-23
C0222,Nisha Mehta,customer0222@example.com,Male,31,Hyderabad,2022-10-22
C0223,Diya Nair,customer0223@example.com,Male,34,Kolkata,2023-12-26
C0224,Kavya Pillai,customer0224@example.com,Female,38,Bengaluru,2022-03-24
C0225,Vikram Reddy,customer0225@example.com,Female,42,Mumbai,2024-04-23
C0226,Aditya Patel,customer0226@example.com,Male,63,Mumbai,2022-12-08
C0227,Ananya Patel,customer0227@example.com,Female,47,Delhi,2024-04-08
C0228,Aditya Khan,customer0228@example.com,Female,66,Pune,2021-01-11
C0229,Diya Reddy,customer0229@example.com,Female,33,Chennai,2021-05-17
C0230,Nisha Joshi,customer0230@example.com,Female,44,Pune,2024-09-24
C0231,Vikram Gupta,customer0231@example.com,Non-binary,46,Bengaluru,2022-08-19
C0232,Meera Pillai,customer0232@example.com,Female,45,Bengaluru,2022-10-28
C0233,Rahul Singh,customer0233@example.com,Male,65,Chennai,2021-01-06
C0234,Aarav Reddy,customer0234@example.com,Female,55,Delhi,2021-04-25
C0235,Ananya Singh,customer0235@example.com,Non-binary,44,Chennai,2024-04-05
C0236,Diya Joshi,customer0236@example.com,Female,19,Pune,2024-07-15
C0237,Kavya Das,customer0237@example.com,Female,54,Mumbai,2021-01-27
C0238,Rohan Das,customer0238@example.com,Male,39,Hyderabad,2023-09-20
C0239,Rohan Pillai,customer0239@example.com,Male,47,Hyderabad,2023-08-17
C0240,Aditya Mehta,customer0240@example.com,Female,56,Mumbai,2024-07-17
C0241,Vikram Joshi,customer0241@example.com,Female,33,Bengaluru,2023-02-06
C0242,Saanvi Gupta,customer0242@example.com,Male,20,Delhi,2021-08-22
C0243,Ishaan Gupta,customer0243@example.com,Male,54,Mumbai,2021-04-29
C0244,Vikram Pillai,customer0244@example.com,Male,58,Chennai,2024-02-02
C0245,Tara Patel,customer0245@example.com,Male,57,Delhi,2021-09-23
C0246,Kavya Reddy,customer0246@example.com,Male,51,Mumbai,2021-10-09
C0247,Kavya Reddy,customer0247@example.com,Male,47,Mumbai,2022-02-09
C0248,Aditya Iyer,customer0248@example.com,Female,54,Hyderabad,2023-11-24
C0249,Aditya Joshi,customer0249@example.com,Female,70,Kolkata,2022-06-11
C0250,Rahul Khan,customer0250@example.com,Female,41,Bengaluru,2022-11-14
C0251,Meera Khan,customer0251@example.com,Female,23,Delhi,2022-04-12
C0252,Rahul Patel,customer0252@example.com,Female,18,Kolkata,2023-06-05
C0253,Aditya Singh,customer0253@example.com,Female,38,Chennai,2022-10-02
C0254,Ishaan Nair,customer0254@example.com,Male,67,Kolkata,2021-09-12
C0255,Kavya Patel,customer0255@example.com,Female,34,Hyderabad,2023-01-14
C0256,Vikram Iyer,customer0256@example.com,Male,58,Chennai,2022-01-17
C0257,Ananya Mehta,customer0257@example.com,Non-binary,59,Chennai,2024-12-18
C0258,Kavya Das,customer0258@example.com,Male,48,Bengaluru,2023-07-11
C0259,Nisha Sharma,customer0259@example.com,Male,68,Chennai,2022-07-18
C0260,Nisha Iyer,customer0260@example.com,Male,31,Kolkata,2024-06-26
C0261,Aditya Pillai,customer0261@example.com,Male,47,Mumbai,2022-06-03
C0262,Diya Patel,customer0262@example.com,Female,57,Hyderabad,2022-04-20
C0263,Ananya Singh,customer0263@example.com,Male,45,Kolkata,2021-03-04
C0264,Kavya Patel,customer0264@example.com,Male,68,Mumbai,2022-12-25
C0265,Rohan Sharma,customer0265@example.com,Male,55,Kolkata,2023-04-21
C0266,Neha Khan,customer0266@example.com,Female,62,Chennai,2022-07-29
C0267,Ananya Gupta,customer0267@example.com,Male,38,Hyderabad,2023-04-16
C0268,Neha Reddy,customer0268@example.com,Male,56,Hyderabad,2024-02-22
C0269,Ishaan Joshi,customer0269@example.com,Female,65,Kolkata,2022-07-28
C0270,Saanvi Singh,customer0270@example.com,Male,64,Delhi,2024-09-10
C0271,Nisha Das,customer0271@example.com,Female,33,Delhi,2024-04-03
C0272,Diya Joshi,customer0272@example.com,Female,26,Chennai,2022-04-01
C0273,Arjun Patel,customer0273@example.com,Male,59,Delhi,2024-06-03
C0274,Saanvi Sharma,customer0274@example.com,Male,43,Kolkata,2023-12-11
C0275,Rohan Pillai,customer0275@example.com,Male,20,Chennai,2021-08-16
C0276,Aarav Sharma,customer0276@example.com,Male,64,Mumbai,2023-10-05
C0277,Tara Mehta,customer0277@example.com,Male,51,Delhi,2023-04-18
C0278,Aditya Nair,customer0278@example.com,Female,28,Bengaluru,2021-06-20
C0279,Kavya Das,customer0279@example.com,Female,51,Bengaluru,2023-06-22
C0280,Rohan Singh,customer0280@example.com,Female,37,Bengaluru,2023-09-16
C0281,Diya Patel,customer0281@example.com,Male,34,Bengaluru,2021-09-26
C0282,Aditya Patel,customer0282@example.com,Female,49,Delhi,2023-02-12
C0283,Saanvi Nair,customer0283@example.com,Female,27,Mumbai,2022-11-11
C0284,Tara Gupta,customer0284@example.com,Male,29,Pune,2022-12-04
C0285,Aarav Khan,customer0285@example.com,Male,20,Bengaluru,2021-07-06
C0286,Arjun Reddy,customer0286@example.com,Male,40,Kolkata,2023-12-02
C0287,Ananya Joshi,customer0287@example.com,Female,69,Pune,2021-02-07
C0288,Tara Joshi,customer0288@example.com,Female,56,Delhi,2024-01-30
C0289,Rahul Patel,customer0289@example.com,Female,59,Hyderabad,2023-04-02
C0290,Rohan Khan,customer0290@example.com,Male,49,Kolkata,2024-08-17
C0291,Ananya Mehta,customer0291@example.com,Female,66,Hyderabad,2023-06-15
C0292,Nisha Pillai,customer0292@example.com,Male,62,Chennai,2023-01-11
C0293,Rahul Patel,customer0293@example.com,Male,42,Kolkata,2024-11-29
C0294,Arjun Khan,customer0294@example.com,Male,46,Delhi,2023-07-27
C0295,Neha Nair,customer0295@example.com,Non-binary,21,Bengaluru,2022-06-29
C0296,Vikram Reddy,customer0296@example.com,Male,26,Delhi,2024-10-24
C0297,Vikram Mehta,customer0297@example.com,Female,18,Mumbai,2022-12-16
C0298,Rohan Khan,customer0298@example.com,Female,39,Pune,2021-07-11
C0299,Meera Mehta,customer0299@example.com,Male,66,Hyderabad,2024-05-30
C0300,Kavya Singh,customer0300@example.com,Male,23,Hyderabad,2022-08-11
