ds,yhat,yhat_lower,yhat_upper,y,cutoff
2011-05-15,11788.703789598574,-5183.663066261673,28289.759147993245,9924.28,2011-05-13
2011-05-16,28956.349056741863,12495.775536555386,45138.28310806576,39456.28,2011-05-13
2011-05-17,29964.221268595305,12535.096378180862,45595.078004980955,54728.99,2011-05-13
2011-05-18,23370.611403279512,5419.97898844441,39940.550237501,34277.7,2011-05-13
2011-05-19,28991.818076041047,11807.040036299813,46089.69162632661,35591.85,2011-05-13
2011-05-20,20885.900069538613,3858.001984242304,37830.6588854692,26701.17,2011-05-13
2011-05-22,7748.725850903062,-8487.51503799131,24970.740008252735,24231.09,2011-05-13
2011-05-23,25554.080525858688,8054.815689916148,42748.02265481716,32883.95,2011-05-13
2011-05-24,27274.474985346602,10229.753514459777,43185.95096325538,37660.04,2011-05-13
2011-05-25,21447.097514936042,5199.177405371915,37302.63163096779,24328.92,2011-05-13
2011-05-26,27865.72732330885,11800.130855079282,43478.41541579137,33491.23,2011-05-13
2011-05-27,20565.15257096757,3429.4420375011327,36939.005724586634,28442.03,2011-05-13
2011-05-29,8969.692799382005,-7290.161560601202,25222.331896987904,7394.3,2011-05-13
2011-05-31,29800.736290755478,12801.749790800539,46027.490829693765,22714.06,2011-05-13
2011-06-01,24490.240313993836,7895.217161153684,41045.70071333469,20595.69,2011-05-13
2011-06-02,31315.412457895567,14100.319501428727,47002.74352040939,32793.74,2011-05-13
2011-06-03,24300.24937142921,8724.515982790754,40403.64030444282,16913.25,2011-05-13
2011-06-05,12887.432810369079,-3812.1412922081713,30181.6029010236,25639.54,2011-05-13
2011-06-06,31279.465156169557,13868.045553863467,47047.570277055274,17358.09,2011-05-13
2011-06-07,33380.785727280774,16773.27844495267,50766.517000253836,37676.28,2011-05-13
2011-06-08,27719.609763431625,10465.442603060726,44468.927363281124,42977.99,2011-05-13
2011-06-09,34087.1139900744,16747.422206052437,51613.16576111555,46389.1,2011-05-13
2011-06-10,26521.882478311374,10555.430494311893,43822.93771460963,22967.44,2011-05-13
2011-06-12,13802.533451321171,-3141.5594047674017,29706.229252191217,12517.06,2011-05-13
2011-08-12,28179.677800612044,13293.237222317266,44825.71586653693,32231.35,2011-08-11
2011-08-14,17555.330597500346,2245.6190622358117,33399.47239766048,5718.57,2011-08-11
2011-08-15,34913.927877858645,18781.1439263519,52398.879228549566,17243.97,2011-08-11
2011-08-16,37461.539765577254,21516.824067608326,53616.91653472808,19239.66,2011-08-11
2011-08-17,31737.55904072638,16601.975405118923,47876.06002498764,53499.96,2011-08-11
2011-08-18,38844.16758845283,21460.523255799097,54470.82546263669,54106.93,2011-08-11
2011-08-19,29223.316498977132,12662.612977477525,44895.66641777878,17349.59,2011-08-11
2011-08-21,17313.73430007032,1589.5743775815295,34748.27645205622,14576.86,2011-08-11
2011-08-22,33983.49701316702,16641.44363905768,49686.39617030099,29651.46,2011-08-11
2011-08-23,35837.73234369834,19692.505042355784,51783.90713677754,25978.68,2011-08-11
2011-08-24,29436.785369805642,13603.892819223247,45474.04527695656,49035.36,2011-08-11
2011-08-25,35904.08954949124,19703.697828622608,52108.81429061002,23827.46,2011-08-11
2011-08-26,25702.537972497314,10049.277888122344,41998.087784682975,25626.44,2011-08-11
2011-08-28,12885.943215585441,-3885.361485973407,28961.059239168007,10805.03,2011-08-11
2011-08-30,30954.640703432262,14518.547205373341,47121.784384275335,31866.31,2011-08-11
2011-08-31,24528.021729790016,8736.826794662475,40866.4587089801,25380.17,2011-08-11
2011-09-01,31115.36433492558,14411.463053374679,47809.11605697331,37370.15,2011-08-11
2011-09-02,21183.349675990303,5649.731760965192,37959.531548475614,42322.02,2011-08-11
2011-09-04,9350.24617704689,-7458.120847514398,25962.22199715609,17119.59,2011-08-11
2011-09-05,26430.846674232904,9204.825777885164,43415.09274644367,37157.14,2011-08-11
2011-09-06,28949.53208100208,12379.099209596885,45598.11011447898,27980.26,2011-08-11
2011-09-07,23462.49775337761,7025.822222446162,39882.81951835002,34413.53,2011-08-11
2011-09-08,31082.527291804217,14325.77810894477,47000.94155788702,27195.8,2011-08-11
2011-09-09,22255.528806949944,5541.641450767155,39239.97609030688,30075.62,2011-08-11
2011-11-10,62640.43141530074,45568.59885806944,78727.91805552371,70967.8,2011-11-09
2011-11-11,53820.33102577613,37959.17503933979,71007.00381371376,54777.37,2011-11-09
2011-11-13,42995.20306920794,26265.72273593191,58868.0213638574,33603.32,2011-11-09
2011-11-14,61885.75484932723,44570.71128073357,78709.36186484298,114419.89,2011-11-09
2011-11-15,64941.06225881432,47853.004227807956,81091.00886075912,59506.29,2011-11-09
2011-11-16,60860.70911285536,43601.24457575722,77061.23082599713,65958.17,2011-11-09
2011-11-17,69058.52791460388,52466.31626383591,86045.76165222032,60938.13,2011-11-09
2011-11-18,60623.056439938955,44964.53616881207,78755.9660756404,51203.39,2011-11-09
2011-11-20,50505.29591623343,34732.60386495786,68315.40558159295,35058.57,2011-11-09
2011-11-21,69680.07529088936,53807.6410060952,86675.7323446159,49805.72,2011-11-09
2011-11-22,72946.46414435124,56558.156017181645,89411.17639108041,64089.82,2011-11-09
2011-11-23,68983.97934712959,52487.65343769729,84912.55625859459,79646.98,2011-11-09
2011-11-24,77187.22652093643,60914.34197972104,94031.19029908502,48767.99,2011-11-09
2011-11-25,68627.01760342135,51857.33367276632,84301.808609387,50822.73,2011-11-09
2011-11-27,57809.69676653775,41499.11187673885,73372.32032438037,20611.08,2011-11-09
2011-11-28,76387.26556975873,59782.81752081198,93821.65135818561,56674.07,2011-11-09
2011-11-29,78882.51454734351,61997.91709713725,95836.67018435286,72595.93,2011-11-09
2011-11-30,73973.30088941875,57911.625118565826,89826.17814211478,60126.96,2011-11-09
2011-12-01,81056.9741231517,64169.84480731401,97510.19315192044,52197.25,2011-11-09
2011-12-02,71211.64839573277,55362.264900156384,87528.28525142718,57250.25,2011-11-09
2011-12-04,57379.525598880966,39788.3059380698,73276.78775224618,24621.43,2011-11-09
2011-12-05,74264.44816624942,58784.15539827154,91031.79175347491,88503.96,2011-11-09
2011-12-06,74975.01234881903,57114.73859276026,91210.06086699055,56713.21,2011-11-09
2011-12-07,68217.10143722565,51812.30247161074,84329.00218050412,75439.16,2011-11-09
2011-12-08,73418.96842650393,57939.587600279905,91003.03446221107,82495.0,2011-11-09
2011-12-09,61691.83884647038,44442.60444084709,78218.05747342823,32469.0,2011-11-09
