date,revenue,day_of_week,day_of_month,month,revenue_lag_1,revenue_lag_7,revenue_lag_14,revenue_rolling_7
2009-12-15,50340.24,1,15,12,73227.8,49517.23,54513.5,38538.20285714285
2009-12-16,52714.05,2,16,12,50340.24,40616.09,63352.51,38655.775714285715
2009-12-17,30436.22,3,17,12,52714.05,44433.61,74037.91,40384.055714285714
2009-12-18,41686.34,4,18,12,30436.22,39659.6,40732.92,38384.42857142857
2009-12-19,0.0,5,19,12,41686.34,0.0,9803.05,38673.962857142855
2009-12-20,11450.68,6,20,12,0.0,22313.09,24613.64,38673.962857142855
2009-12-21,16367.84,0,21,12,11450.68,73227.8,45078.4,37122.189999999995
2009-12-22,27932.33,1,22,12,16367.84,50340.24,49517.23,28999.338571428572
2009-12-23,10871.1,2,23,12,27932.33,52714.05,40616.09,25798.208571428575
2009-12-24,0.0,3,24,12,10871.1,30436.22,44433.61,19820.644285714283
2009-12-25,0.0,4,25,12,0.0,41686.34,39659.6,15472.612857142856
2009-12-26,0.0,5,26,12,0.0,0.0,0.0,9517.42142857143
2009-12-27,0.0,6,27,12,0.0,11450.68,22313.09,9517.42142857143
2009-12-28,0.0,0,28,12,0.0,16367.84,73227.8,7881.610000000001
2009-12-29,0.0,1,29,12,0.0,27932.33,50340.24,5543.347142857144
2009-12-30,0.0,2,30,12,0.0,10871.1,52714.05,1553.0142857142857
2009-12-31,0.0,3,31,12,0.0,0.0,30436.22,0.0
2010-01-01,0.0,4,1,1,0.0,0.0,41686.34,0.0
2010-01-02,0.0,5,2,1,0.0,0.0,0.0,0.0
2010-01-03,0.0,6,3,1,0.0,0.0,11450.68,0.0
2010-01-04,13481.25,0,4,1,0.0,0.0,16367.84,0.0
2010-01-05,19199.29,1,5,1,13481.25,0.0,27932.33,1925.892857142857
2010-01-06,8746.18,2,6,1,19199.29,0.0,10871.1,4668.648571428572
2010-01-07,73085.74,3,7,1,8746.18,0.0,0.0,5918.102857142857
2010-01-08,28758.01,4,8,1,73085.74,0.0,0.0,16358.922857142858
2010-01-09,0.0,5,9,1,28758.01,0.0,0.0,20467.21
2010-01-10,23688.6,6,10,1,0.0,0.0,0.0,20467.21
2010-01-11,37887.26,0,11,1,23688.6,13481.25,0.0,23851.295714285716
2010-01-12,40856.53,1,12,1,37887.26,19199.29,0.0,27337.868571428575
2010-01-13,21942.12,2,13,1,40856.53,8746.18,0.0,30431.760000000002
2010-01-14,31253.08,3,14,1,21942.12,73085.74,0.0,32316.894285714287
2010-01-15,13512.94,4,15,1,31253.08,28758.01,0.0,26340.8
2010-01-16,0.0,5,16,1,13512.94,0.0,0.0,24162.932857142856
2010-01-17,17063.43,6,17,1,0.0,23688.6,0.0,24162.932857142856
2010-01-18,21451.56,0,18,1,17063.43,37887.26,13481.25,23216.48
2010-01-19,33199.921,1,19,1,21451.56,40856.53,19199.29,20868.522857142856
2010-01-20,18383.31,2,20,1,33199.921,21942.12,8746.18,19774.721571428574
2010-01-21,27088.16,3,21,1,18383.31,31253.08,73085.74,19266.320142857145
2010-01-22,35409.44,4,22,1,27088.16,13512.94,28758.01,18671.331571428575
2010-01-23,0.0,5,23,1,35409.44,0.0,0.0,21799.403
2010-01-24,16053.8,6,24,1,0.0,17063.43,23688.6,21799.403
2010-01-25,23045.6,0,25,1,16053.8,21451.56,37887.26,21655.170142857147
2010-01-26,47243.84,1,26,1,23045.6,33199.921,40856.53,21882.890142857144
2010-01-27,28703.6,2,27,1,47243.84,18383.31,21942.12,23889.164285714283
2010-01-28,19865.67,3,28,1,28703.6,27088.16,31253.08,25363.49142857143
2010-01-29,19399.631,4,29,1,19865.67,35409.44,13512.94,24331.70714285714
2010-01-30,0.0,5,30,1,19399.631,0.0,0.0,22044.591571428573
2010-01-31,18704.68,6,31,1,0.0,16053.8,17063.43,22044.591571428573
2010-02-01,18283.161,0,1,2,18704.68,23045.6,21451.56,22423.288714285714
2010-02-02,21086.9,1,2,2,18283.161,47243.84,33199.921,21742.940285714285
2010-02-03,21450.191,2,3,2,21086.9,28703.6,18383.31,18006.23457142857
2010-02-04,22358.5,3,4,2,21450.191,19865.67,27088.16,16970.033285714286
2010-02-05,21828.2,4,5,2,22358.5,19399.631,35409.44,17326.151857142857
2010-02-06,0.0,5,6,2,21828.2,0.0,0.0,17673.090285714286
2010-02-07,17078.21,6,7,2,0.0,18704.68,16053.8,17673.090285714286
2010-02-08,17070.47,0,8,2,17078.21,18283.161,23045.6,17440.73742857143
2010-02-09,19666.54,1,9,2,17070.47,21086.9,47243.84,17267.495857142858
2010-02-10,9583.09,2,10,2,19666.54,21450.191,28703.6,17064.587285714286
2010-02-11,15114.4,3,11,2,9583.09,22358.5,19865.67,15369.287142857143
2010-02-12,11195.43,4,12,2,15114.4,21828.2,19399.631,14334.415714285715
2010-02-13,0.0,5,13,2,11195.43,0.0,0.0,12815.448571428571
2010-02-14,17252.2,6,14,2,0.0,17078.21,18704.68,12815.448571428571
2010-02-15,41186.431,0,15,2,17252.2,17070.47,18283.161,12840.304285714286
2010-02-16,31203.68,1,16,2,41186.431,19666.54,21086.9,16285.44157142857
2010-02-17,26616.23,2,17,2,31203.68,9583.09,21450.191,17933.604428571427
2010-02-18,35811.19,3,18,2,26616.23,15114.4,22358.5,20366.910142857145
2010-02-19,27214.54,4,19,2,35811.19,11195.43,21828.2,23323.59442857143
2010-02-20,0.0,5,20,2,27214.54,0.0,0.0,25612.038714285714
2010-02-21,11477.911,6,21,2,0.0,17252.2,17078.21,25612.038714285714
2010-02-22,26359.13,0,22,2,11477.911,41186.431,17070.47,24787.140285714286
2010-02-23,22450.85,1,23,2,26359.13,31203.68,19666.54,22668.95442857143
2010-02-24,33051.291,2,24,2,22450.85,26616.23,9583.09,21418.55014285714
2010-02-25,46452.02,3,25,2,33051.291,35811.19,15114.4,22337.844571428574
2010-02-26,16703.701,4,26,2,46452.02,27214.54,11195.43,23857.96314285714
2010-02-27,0.0,5,27,2,16703.701,0.0,0.0,22356.414714285715
2010-02-28,16917.02,6,28,2,0.0,11477.911,17252.2,22356.414714285715
2010-03-01,25831.21,0,1,3,16917.02,26359.13,41186.431,23133.430285714283
2010-03-02,26391.34,1,2,3,25831.21,22450.85,31203.68,23058.01314285714
2010-03-03,34114.91,2,3,3,26391.34,33051.291,26616.23,23620.940285714285
2010-03-04,31998.13,3,4,3,34114.91,46452.02,35811.19,23772.885857142857
2010-03-05,27684.73,4,5,3,31998.13,16703.701,27214.54,21708.044428571426
2010-03-06,0.0,5,6,3,27684.73,0.0,0.0,23276.762857142858
2010-03-07,20001.22,6,7,3,0.0,16917.02,11477.911,23276.762857142858
2010-03-08,37256.01,0,8,3,20001.22,25831.21,26359.13,23717.36285714286
2010-03-09,21851.67,1,9,3,37256.01,26391.34,22450.85,25349.477142857148
2010-03-10,27530.43,2,10,3,21851.67,34114.91,33051.291,24700.952857142856
2010-03-11,24591.91,3,11,3,27530.43,31998.13,46452.02,23760.312857142857
2010-03-12,21712.54,4,12,3,24591.91,27684.73,16703.701,22702.28142857143
2010-03-13,0.0,5,13,3,21712.54,0.0,0.0,21849.11142857143
2010-03-14,9032.7,6,14,3,0.0,20001.22,16917.02,21849.11142857143
2010-03-15,26742.821,0,15,3,9032.7,37256.01,25831.21,20282.18
2010-03-16,23670.54,1,16,3,26742.821,21851.67,26391.34,18780.295857142857
2010-03-17,30795.24,2,17,3,23670.54,27530.43,34114.91,19040.134428571433
2010-03-18,40270.65,3,18,3,30795.24,24591.91,31998.13,19506.535857142855
2010-03-19,38806.28,4,19,3,40270.65,21712.54,27684.73,21746.35585714286
2010-03-20,0.0,5,20,3,38806.28,0.0,0.0,24188.318714285713
2010-03-21,20873.23,6,21,3,0.0,9032.7,20001.22,24188.318714285713
2010-03-22,25614.49,0,22,3,20873.23,26742.821,37256.01,25879.823
2010-03-23,45535.23,1,23,3,25614.49,23670.54,21851.67,25718.632857142857
2010-03-24,29641.93,2,24,3,45535.23,30795.24,27530.43,28842.16
2010-03-25,38605.02,3,25,3,29641.93,40270.65,24591.91,28677.40142857143
2010-03-26,32546.05,4,26,3,38605.02,38806.28,21712.54,28439.454285714284
2010-03-27,0.0,5,27,3,32546.05,0.0,0.0,27545.135714285716
2010-03-28,22562.62,6,28,3,0.0,20873.23,9032.7,27545.135714285716
2010-03-29,59935.77,0,29,3,22562.62,25614.49,26742.821,27786.477142857144
2010-03-30,38531.01,1,30,3,59935.77,45535.23,23670.54,32689.51714285714
2010-03-31,29718.33,2,31,3,38531.01,29641.93,30795.24,31688.914285714283
2010-04-01,30808.15,3,1,4,29718.33,38605.02,40270.65,31699.82857142857
2010-04-02,0.0,4,2,4,30808.15,32546.05,38806.28,30585.989999999998
2010-04-03,0.0,5,3,4,0.0,0.0,0.0,25936.554285714286
2010-04-04,0.0,6,4,4,0.0,22562.62,20873.23,25936.554285714286
2010-04-05,0.0,0,5,4,0.0,59935.77,25614.49,22713.32285714286
2010-04-06,19150.57,1,6,4,0.0,38531.01,45535.23,14151.070000000003
2010-04-07,34590.91,2,7,4,19150.57,29718.33,29641.93,11382.435714285715
2010-04-08,47230.32,3,8,4,34590.91,30808.15,38605.02,12078.518571428573
2010-04-09,16988.42,4,9,4,47230.32,0.0,32546.05,14424.542857142858
2010-04-10,0.0,5,10,4,16988.42,0.0,0.0,16851.46
2010-04-11,19795.74,6,11,4,0.0,0.0,22562.62,16851.46
2010-04-12,26681.861,0,12,4,19795.74,0.0,59935.77,19679.422857142858
2010-04-13,26027.6,1,13,4,26681.861,19150.57,38531.01,23491.117285714285
2010-04-14,27061.44,2,14,4,26027.6,34590.91,29718.33,24473.55014285714
2010-04-15,29329.08,3,15,4,27061.44,47230.32,30808.15,23397.91157142857
2010-04-16,19281.45,4,16,4,29329.08,16988.42,0.0,20840.591571428573
2010-04-17,0.0,5,17,4,19281.45,0.0,0.0,21168.167285714288
2010-04-18,24096.88,6,18,4,0.0,19795.74,0.0,21168.167285714288
2010-04-19,45287.87,0,19,4,24096.88,26681.861,0.0,21782.615857142857
2010-04-20,29204.7,1,20,4,45287.87,26027.6,19150.57,24440.617142857143
2010-04-21,28594.62,2,21,4,29204.7,27061.44,34590.91,24894.488571428574
2010-04-22,43088.18,3,22,4,28594.62,29329.08,47230.32,25113.514285714286
2010-04-23,16737.31,4,23,4,43088.18,19281.45,16988.42,27079.100000000002
2010-04-24,0.0,5,24,4,16737.31,0.0,0.0,26715.65142857143
2010-04-25,16774.12,6,25,4,0.0,24096.88,19795.74,26715.65142857143
2010-04-26,36270.85,0,26,4,16774.12,45287.87,26681.861,25669.54285714286
2010-04-27,46378.58,1,27,4,36270.85,29204.7,26027.6,24381.39714285714
2010-04-28,32411.36,2,28,4,46378.58,28594.62,27061.44,26834.808571428573
2010-04-29,32848.171,3,29,4,32411.36,43088.18,29329.08,27380.057142857146
2010-04-30,29283.0,4,30,4,32848.171,16737.31,19281.45,25917.198714285714
2010-05-01,0.0,5,1,5,29283.0,0.0,0.0,27709.440142857144
2010-05-02,12367.83,6,2,5,0.0,16774.12,24096.88,27709.440142857144
2010-05-03,0.0,0,3,5,12367.83,36270.85,45287.87,27079.970142857142
2010-05-04,21349.7,1,4,5,0.0,46378.58,29204.7,21898.420142857143
2010-05-05,27952.93,2,5,5,21349.7,32411.36,28594.62,18322.865857142857
2010-05-06,54642.73,3,6,5,27952.93,32848.171,43088.18,17685.947285714286
2010-05-07,35769.25,4,7,5,54642.73,29283.0,16737.31,20799.455714285716
2010-05-08,0.0,5,8,5,35769.25,0.0,0.0,21726.062857142857
2010-05-09,23143.29,6,9,5,0.0,12367.83,16774.12,21726.062857142857
2010-05-10,32948.68,0,10,5,23143.29,0.0,36270.85,23265.41428571429
2010-05-11,28780.12,1,11,5,32948.68,21349.7,46378.58,27972.368571428575
2010-05-12,31407.31,2,12,5,28780.12,27952.93,32411.36,29033.85714285714
2010-05-13,28960.98,3,13,5,31407.31,54642.73,32848.171,29527.34
2010-05-14,18329.79,4,14,5,28960.98,35769.25,29283.0,25858.518571428573
2010-05-15,0.0,5,15,5,18329.79,0.0,0.0,23367.167142857146
2010-05-16,18478.89,6,16,5,0.0,23143.29,12367.83,23367.167142857146
2010-05-17,25562.62,0,17,5,18478.89,32948.68,0.0,22700.824285714283
2010-05-18,29021.78,1,18,5,25562.62,28780.12,21349.7,21645.672857142858
2010-05-19,17669.01,2,19,5,29021.78,31407.31,27952.93,21680.195714285714
2010-05-20,25782.58,3,20,5,17669.01,28960.98,54642.73,19717.58142857143
2010-05-21,27310.32,4,21,5,25782.58,18329.79,35769.25,19263.524285714284
2010-05-22,0.0,5,22,5,27310.32,0.0,0.0,20546.457142857143
2010-05-23,25457.97,6,23,5,0.0,18478.89,23143.29,20546.457142857143
2010-05-24,35707.08,0,24,5,25457.97,25562.62,32948.68,21543.46857142857
2010-05-25,22463.37,1,25,5,35707.08,29021.78,28780.12,22992.67714285714
2010-05-26,38438.24,2,26,5,22463.37,17669.01,31407.31,22055.76142857143
2010-05-27,30961.03,3,27,5,38438.24,25782.58,28960.98,25022.794285714284
2010-05-28,21829.7,4,28,5,30961.03,27310.32,18329.79,25762.57285714286
2010-05-29,0.0,5,29,5,21829.7,0.0,0.0,24979.627142857145
2010-05-30,10814.96,6,30,5,0.0,25457.97,18478.89,24979.627142857145
2010-05-31,0.0,0,31,5,10814.96,35707.08,25562.62,22887.768571428573
2010-06-01,15732.15,1,1,6,0.0,22463.37,29021.78,17786.757142857143
2010-06-02,16236.29,2,2,6,15732.15,38438.24,17669.01,16825.154285714285
2010-06-03,29651.8,3,3,6,16236.29,30961.03,25782.58,13653.447142857143
2010-06-04,21085.33,4,4,6,29651.8,21829.7,27310.32,13466.414285714285
2010-06-05,0.0,5,5,6,21085.33,0.0,0.0,13360.075714285715
2010-06-06,25686.0,6,6,6,0.0,10814.96,25457.97,13360.075714285715
2010-06-07,42538.94,0,7,6,25686.0,0.0,35707.08,15484.51
2010-06-08,53372.38,1,8,6,42538.94,15732.15,22463.37,21561.50142857143
2010-06-09,38414.69,2,9,6,53372.38,16236.29,38438.24,26938.67714285714
2010-06-10,18359.4,3,10,6,38414.69,29651.8,30961.03,30107.02
2010-06-11,37371.05,4,11,6,18359.4,21085.33,21829.7,28493.820000000003
2010-06-12,0.0,5,12,6,37371.05,0.0,0.0,30820.351428571426
2010-06-13,21616.44,6,13,6,0.0,25686.0,10814.96,30820.351428571426
2010-06-14,24375.41,0,14,6,21616.44,42538.94,0.0,30238.985714285714
2010-06-15,30542.48,1,15,6,24375.41,53372.38,15732.15,27644.195714285714
2010-06-16,31335.03,2,16,6,30542.48,38414.69,16236.29,24382.78142857143
2010-06-17,57868.81,3,17,6,31335.03,18359.4,29651.8,23371.401428571433
2010-06-18,18800.68,4,18,6,57868.81,37371.05,21085.33,29015.602857142854
2010-06-19,0.0,5,19,6,18800.68,0.0,0.0,26362.692857142858
2010-06-20,9113.43,6,20,6,0.0,21616.44,25686.0,26362.692857142858
2010-06-21,21159.71,0,21,6,9113.43,24375.41,42538.94,24576.54857142857
2010-06-22,14749.68,1,22,6,21159.71,30542.48,53372.38,24117.162857142856
2010-06-23,27848.74,2,23,6,14749.68,31335.03,38414.69,21861.048571428568
2010-06-24,26729.66,3,24,6,27848.74,57868.81,18359.4,21363.007142857143
2010-06-25,17719.42,4,25,6,26729.66,18800.68,37371.05,16914.557142857142
2010-06-26,0.0,5,26,6,17719.42,0.0,0.0,16760.09142857143
2010-06-27,18546.27,6,27,6,0.0,9113.43,21616.44,16760.09142857143
2010-06-28,44758.16,0,28,6,18546.27,21159.71,24375.41,18107.64
2010-06-29,34998.41,1,29,6,44758.16,14749.68,30542.48,21478.847142857143
2010-06-30,34700.14,2,30,6,34998.41,27848.74,31335.03,24371.522857142856
2010-07-01,29965.9,3,1,7,34700.14,26729.66,57868.81,25350.294285714284
2010-07-02,16791.27,4,2,7,29965.9,17719.42,18800.68,25812.614285714288
2010-07-03,0.0,5,3,7,16791.27,0.0,0.0,25680.02142857143
2010-07-04,10493.66,6,4,7,0.0,18546.27,9113.43,25680.02142857143
2010-07-05,32876.9,0,5,7,10493.66,44758.16,21159.71,24529.648571428574
2010-07-06,23503.99,1,6,7,32876.9,34998.41,14749.68,22832.325714285715
2010-07-07,32077.79,2,7,7,23503.99,34700.14,27848.74,21190.265714285717
2010-07-08,19586.61,3,8,7,32077.79,29965.9,26729.66,20815.644285714287
2010-07-09,34301.19,4,9,7,19586.61,16791.27,17719.42,19332.88857142857
2010-07-10,0.0,5,10,7,34301.19,0.0,0.0,21834.305714285718
2010-07-11,7856.43,6,11,7,0.0,10493.66,18546.27,21834.305714285718
2010-07-12,19864.9,0,12,7,7856.43,32876.9,44758.16,21457.558571428573
2010-07-13,19866.45,1,13,7,19864.9,23503.99,34998.41,19598.701428571432
2010-07-14,23765.91,2,14,7,19866.45,32077.79,34700.14,19079.052857142862
2010-07-15,56662.69,3,15,7,23765.91,19586.61,29965.9,17891.64142857143
2010-07-16,22603.54,4,16,7,56662.69,34301.19,16791.27,23188.22428571429
2010-07-17,0.0,5,17,7,22603.54,0.0,0.0,21517.13142857143
2010-07-18,15155.11,6,18,7,0.0,7856.43,10493.66,21517.13142857143
2010-07-19,30567.61,0,19,7,15155.11,19864.9,32876.9,22559.8
2010-07-20,24236.37,1,20,7,30567.61,19866.45,23503.99,24088.758571428574
2010-07-21,22396.05,2,21,7,24236.37,23765.91,32077.79,24713.032857142858
2010-07-22,25231.2,3,22,7,22396.05,56662.69,19586.61,24517.338571428572
2010-07-23,25904.96,4,23,7,25231.2,22603.54,34301.19,20027.125714285714
2010-07-24,0.0,5,24,7,25904.96,0.0,0.0,20498.757142857143
2010-07-25,17431.3,6,25,7,0.0,15155.11,7856.43,20498.757142857143
2010-07-26,25205.76,0,26,7,17431.3,30567.61,19864.9,20823.92714285714
2010-07-27,28490.87,1,27,7,25205.76,24236.37,19866.45,20057.94857142857
2010-07-28,22989.0,2,28,7,28490.87,22396.05,23765.91,20665.734285714283
2010-07-29,38174.64,3,29,7,22989.0,25231.2,56662.69,20750.441428571427
2010-07-30,16147.31,4,30,7,38174.64,25904.96,22603.54,22599.504285714287
2010-07-31,0.0,5,31,7,16147.31,0.0,0.0,21205.554285714286
2010-08-01,30629.29,6,1,8,0.0,17431.3,15155.11,21205.554285714286
2010-08-02,29175.51,0,2,8,30629.29,25205.76,30567.61,23090.981428571427
2010-08-03,26943.48,1,3,8,29175.51,28490.87,24236.37,23658.088571428572
2010-08-04,21090.26,2,4,8,26943.48,22989.0,22396.05,23437.032857142854
2010-08-05,23168.88,3,5,8,21090.26,38174.64,25231.2,23165.784285714286
2010-08-06,15219.6,4,6,8,23168.88,16147.31,25904.96,21022.104285714286
2010-08-07,0.0,5,7,8,15219.6,0.0,0.0,20889.574285714283
2010-08-08,14147.14,6,8,8,0.0,30629.29,17431.3,20889.574285714283
2010-08-09,19830.25,0,9,8,14147.14,29175.51,25205.76,18534.981428571427
2010-08-10,35820.32,1,10,8,19830.25,26943.48,28490.87,17199.944285714286
2010-08-11,23719.39,2,11,8,35820.32,21090.26,22989.0,18468.06428571429
2010-08-12,28828.13,3,12,8,23719.39,23168.88,38174.64,18843.654285714285
2010-08-13,37403.7,4,13,8,28828.13,15219.6,16147.31,19652.11857142857
2010-08-14,0.0,5,14,8,37403.7,0.0,0.0,22821.27571428571
2010-08-15,22356.69,6,15,8,0.0,14147.14,30629.29,22821.27571428571
2010-08-16,20880.2,0,16,8,22356.69,19830.25,29175.51,23994.06857142857
2010-08-17,30395.63,1,17,8,20880.2,35820.32,26943.48,24144.06142857143
2010-08-18,37239.15,2,18,8,30395.63,23719.39,21090.26,23369.105714285713
2010-08-19,33052.15,3,19,8,37239.15,28828.13,23168.88,25300.5
2010-08-20,25389.89,4,20,8,33052.15,37403.7,15219.6,25903.931428571428
2010-08-21,0.0,5,21,8,25389.89,0.0,0.0,24187.672857142858
2010-08-22,21116.57,6,22,8,0.0,22356.69,14147.14,24187.672857142858
2010-08-23,21884.25,0,23,8,21116.57,20880.2,19830.25,24010.512857142858
2010-08-24,27293.57,1,24,8,21884.25,30395.63,35820.32,24153.948571428573
2010-08-25,31715.03,2,25,8,27293.57,37239.15,23719.39,23710.797142857144
2010-08-26,35363.46,3,26,8,31715.03,33052.15,28828.13,22921.63714285714
2010-08-27,18173.14,4,27,8,35363.46,25389.89,37403.7,23251.824285714287
2010-08-28,0.0,5,28,8,18173.14,0.0,0.0,22220.859999999997
2010-08-29,14509.78,6,29,8,0.0,21116.57,22356.69,22220.859999999997
2010-08-30,0.0,0,30,8,14509.78,21884.25,20880.2,21277.032857142858
2010-08-31,34095.91,1,31,8,0.0,27293.57,30395.63,18150.711428571427
2010-09-01,23367.55,2,1,9,34095.91,31715.03,37239.15,19122.47428571429
2010-09-02,35186.12,3,2,9,23367.55,35363.46,33052.15,17929.977142857144
2010-09-03,37234.74,4,3,9,35186.12,18173.14,25389.89,17904.64285714286
2010-09-04,0.0,5,4,9,37234.74,0.0,0.0,20627.72857142857
2010-09-05,12389.65,6,5,9,0.0,14509.78,21116.57,20627.72857142857
2010-09-06,28785.63,0,6,9,12389.65,0.0,21884.25,20324.852857142858
2010-09-07,27498.31,1,7,9,28785.63,34095.91,27293.57,24437.085714285717
2010-09-08,17559.55,2,8,9,27498.31,23367.55,31715.03,23494.571428571428
2010-09-09,25542.51,3,9,9,17559.55,35186.12,35363.46,22664.85714285714
2010-09-10,17104.57,4,10,9,25542.51,37234.74,18173.14,21287.19857142857
2010-09-11,0.0,5,11,9,17104.57,0.0,0.0,18411.46
2010-09-12,15762.29,6,12,9,0.0,12389.65,14509.78,18411.46
2010-09-13,38443.68,0,13,9,15762.29,28785.63,0.0,18893.265714285713
2010-09-14,21261.08,1,14,9,38443.68,27498.31,34095.91,20272.98714285714
2010-09-15,34609.1,2,15,9,21261.08,17559.55,23367.55,19381.954285714284
2010-09-16,40432.691,3,16,9,34609.1,25542.51,35186.12,21817.604285714286
2010-09-17,21501.73,4,17,9,40432.691,17104.57,37234.74,23944.772999999997
2010-09-18,0.0,5,18,9,21501.73,0.0,0.0,24572.938714285712
2010-09-19,22289.12,6,19,9,0.0,15762.29,12389.65,24572.938714285712
2010-09-20,43949.12,0,20,9,22289.12,38443.68,28785.63,25505.343
2010-09-21,60815.63,1,21,9,43949.12,21261.08,27498.31,26291.83442857143
2010-09-22,30623.8,2,22,9,60815.63,34609.1,17559.55,31942.484428571428
2010-09-23,36242.77,3,23,9,30623.8,40432.691,25542.51,31373.155857142854
2010-09-24,49446.7,4,24,9,36242.77,21501.73,17104.57,30774.59571428571
2010-09-25,0.0,5,25,9,49446.7,0.0,0.0,34766.73428571429
2010-09-26,21667.87,6,26,9,0.0,22289.12,15762.29,34766.73428571429
2010-09-27,98124.6,0,27,9,21667.87,43949.12,38443.68,34677.98428571429
2010-09-28,46430.64,1,28,9,98124.6,60815.63,21261.08,42417.33857142857
2010-09-29,38306.83,2,29,9,46430.64,30623.8,34609.1,40362.340000000004
2010-09-30,51641.94,3,30,9,38306.83,36242.77,40432.691,41459.91571428572
2010-10-01,38701.58,4,1,10,51641.94,49446.7,21501.73,43659.79714285714
2010-10-02,0.0,5,2,10,38701.58,0.0,0.0,42124.780000000006
2010-10-03,36073.19,6,3,10,0.0,21667.87,22289.12,42124.780000000006
2010-10-04,39399.48,0,4,10,36073.19,98124.6,43949.12,44182.68285714286
2010-10-05,84879.59,1,5,10,39399.48,46430.64,60815.63,35793.38
2010-10-06,30927.6,2,6,10,84879.59,38306.83,30623.8,41286.08714285714
2010-10-07,54141.88,3,7,10,30927.6,51641.94,36242.77,40231.91142857143
2010-10-08,60156.02,4,8,10,54141.88,38701.58,49446.7,40589.04571428571
2010-10-09,0.0,5,9,10,60156.02,0.0,0.0,43653.96571428571
2010-10-10,23197.98,6,10,10,0.0,36073.19,21667.87,43653.96571428571
2010-10-11,43509.87,0,11,10,23197.98,39399.48,98124.6,41814.65
2010-10-12,49881.15,1,12,10,43509.87,84879.59,46430.64,42401.84857142857
2010-10-13,57949.72,2,13,10,49881.15,30927.6,38306.83,37402.07142857143
2010-10-14,82169.9,3,14,10,57949.72,54141.88,51641.94,41262.374285714286
2010-10-15,52551.34,4,15,10,82169.9,60156.02,38701.58,45266.37714285714
2010-10-16,0.0,5,16,10,52551.34,0.0,0.0,44179.99428571428
2010-10-17,33334.71,6,17,10,0.0,23197.98,36073.19,44179.99428571428
2010-10-18,41111.62,0,18,10,33334.71,43509.87,39399.48,45628.09857142857
2010-10-19,45174.38,1,19,10,41111.62,49881.15,84879.59,45285.491428571426
2010-10-20,44046.16,2,20,10,45174.38,57949.72,30927.6,44613.095714285715
2010-10-21,37973.91,3,21,10,44046.16,82169.9,54141.88,42626.87285714286
2010-10-22,41085.23,4,22,10,37973.91,52551.34,60156.02,36313.159999999996
2010-10-23,0.0,5,23,10,41085.23,0.0,0.0,34675.14428571429
2010-10-24,28877.25,6,24,10,0.0,33334.71,23197.98,34675.14428571429
2010-10-25,29491.9,0,25,10,28877.25,41111.62,43509.87,34038.36428571429
2010-10-26,46073.36,1,26,10,29491.9,45174.38,49881.15,32378.404285714285
2010-10-27,32986.1,2,27,10,46073.36,44046.16,57949.72,32506.830000000005
2010-10-28,28165.27,3,28,10,32986.1,37973.91,82169.9,30926.821428571428
2010-10-29,47055.35,4,29,10,28165.27,41085.23,52551.34,29525.587142857144
2010-10-30,0.0,5,30,10,47055.35,0.0,0.0,30378.461428571427
2010-10-31,30358.7,6,31,10,0.0,28877.25,33334.71,30378.461428571427
2010-11-01,29629.93,0,1,11,30358.7,29491.9,41111.62,30590.097142857143
2010-11-02,45082.39,1,2,11,29629.93,46073.36,45174.38,30609.815714285713
2010-11-03,45423.0,2,3,11,45082.39,32986.1,44046.16,30468.24857142857
2010-11-04,90041.44,3,4,11,45423.0,28165.27,37973.91,32244.948571428573
2010-11-05,46027.29,4,5,11,90041.44,47055.35,41085.23,41084.40142857143
2010-11-06,0.0,5,6,11,46027.29,0.0,0.0,40937.53571428572
2010-11-07,32024.41,6,7,11,0.0,30358.7,28877.25,40937.53571428572
2010-11-08,90901.911,0,8,11,32024.41,29629.93,29491.9,41175.49428571429
2010-11-09,66015.06,1,9,11,90901.911,45082.39,46073.36,49928.63442857143
2010-11-10,80244.63,2,10,11,66015.06,45423.0,32986.1,52919.015857142855
2010-11-11,63766.83,3,11,11,80244.63,90041.44,28165.27,57893.53442857142
2010-11-12,50851.12,4,12,11,63766.83,46027.29,47055.35,54140.01871428571
2010-11-13,0.0,5,13,11,50851.12,0.0,0.0,54829.137285714285
2010-11-14,29452.88,6,14,11,0.0,32024.41,30358.7,54829.137285714285
2010-11-15,105185.54,0,15,11,29452.88,90901.911,29629.93,54461.77585714286
2010-11-16,72298.96,1,16,11,105185.54,66015.06,45082.39,56502.294285714284
2010-11-17,51715.711,2,17,11,72298.96,80244.63,45423.0,57399.99428571429
2010-11-18,45066.24,3,18,11,51715.711,63766.83,90041.44,53324.43442857143
2010-11-19,46839.34,4,19,11,45066.24,50851.12,46027.29,50652.921571428575
2010-11-20,0.0,5,20,11,46839.34,0.0,0.0,50079.81014285714
2010-11-21,32448.6,6,21,11,0.0,29452.88,32024.41,50079.81014285714
2010-11-22,43278.66,0,22,11,32448.6,105185.54,90901.911,50507.770142857145
2010-11-23,55413.86,1,23,11,43278.66,72298.96,66015.06,41663.93014285714
2010-11-24,61517.52,2,24,11,55413.86,51715.711,80244.63,39251.773
2010-11-25,72443.7,3,25,11,61517.52,45066.24,63766.83,40652.03142857143
2010-11-26,40570.95,4,26,11,72443.7,46839.34,50851.12,44563.09714285714
2010-11-27,0.0,5,27,11,40570.95,0.0,0.0,43667.612857142856
2010-11-28,27594.86,6,28,11,0.0,32448.6,29452.88,43667.61285714286
2010-11-29,79264.06,0,29,11,27594.86,43278.66,105185.54,42974.22142857143
2010-11-30,60029.08,1,30,11,79264.06,55413.86,72298.96,48114.99285714285
2010-12-01,117921.58,2,1,12,60029.08,61517.52,51715.711,48774.31
2010-12-02,95436.76,3,2,12,117921.58,72443.7,45066.24,56832.032857142854
2010-12-03,93887.42,4,3,12,95436.76,40570.95,46839.34,60116.75571428572
2010-12-04,0.0,5,4,12,93887.42,0.0,0.0,67733.39428571428
2010-12-05,63215.5,6,5,12,0.0,27594.86,32448.6,67733.39428571428
2010-12-06,109358.52,0,6,12,63215.5,79264.06,43278.66,72822.05714285714
2010-12-07,199236.4,1,7,12,109358.52,60029.08,55413.86,77121.2657142857
2010-12-08,90779.96,2,8,12,199236.4,117921.58,61517.52,97008.0257142857
2010-12-09,107172.36,3,9,12,90779.96,95436.76,72443.7,93130.65142857142
2010-12-10,58046.6,4,10,12,107172.36,93887.42,40570.95,94807.16571428571
2010-12-11,0.0,5,11,12,58046.6,0.0,0.0,89687.04857142856
2010-12-12,17329.07,6,12,12,0.0,63215.5,27594.86,89687.04857142856
2010-12-13,37965.91,0,13,12,17329.07,109358.52,79264.06,83131.8442857143
2010-12-14,45177.33,1,14,12,37965.91,199236.4,60029.08,72932.9
2010-12-15,30241.82,2,15,12,45177.33,90779.96,117921.58,50924.46142857143
2010-12-16,40224.84,3,16,12,30241.82,107172.36,95436.76,42276.15571428571
2010-12-17,44176.9,4,17,12,40224.84,58046.6,93887.42,32712.22428571429
2010-12-18,0.0,5,18,12,44176.9,0.0,0.0,30730.838571428572
2010-12-19,7534.91,6,19,12,0.0,17329.07,63215.5,30730.838571428572
2010-12-20,26789.13,0,20,12,7534.91,37965.91,109358.52,29331.672857142858
2010-12-21,47304.09,1,21,12,26789.13,45177.33,199236.4,27734.989999999998
2010-12-22,6199.97,2,22,12,47304.09,30241.82,90779.96,28038.812857142857
2010-12-23,12076.11,3,23,12,6199.97,40224.84,107172.36,24604.262857142858
2010-12-24,0.0,4,24,12,12076.11,44176.9,58046.6,20583.015714285713
2010-12-25,0.0,5,25,12,0.0,0.0,0.0,14272.029999999999
2010-12-26,0.0,6,26,12,0.0,7534.91,17329.07,14272.029999999999
2010-12-27,0.0,0,27,12,0.0,26789.13,37965.91,13195.614285714284
2010-12-28,0.0,1,28,12,0.0,47304.09,45177.33,9368.595714285711
2010-12-29,0.0,2,29,12,0.0,6199.97,30241.82,2610.8685714285716
2010-12-30,0.0,3,30,12,0.0,12076.11,40224.84,1725.1585714285716
2010-12-31,0.0,4,31,12,0.0,0.0,44176.9,0.0
2011-01-01,0.0,5,1,1,0.0,0.0,0.0,0.0
2011-01-02,0.0,6,2,1,0.0,0.0,7534.91,0.0
2011-01-03,0.0,0,3,1,0.0,0.0,26789.13,0.0
2011-01-04,15936.08,1,4,1,0.0,0.0,47304.09,0.0
2011-01-05,32634.47,2,5,1,15936.08,0.0,6199.97,2276.582857142857
2011-01-06,38299.59,3,6,1,32634.47,0.0,12076.11,6938.650000000001
2011-01-07,28836.59,4,7,1,38299.59,0.0,0.0,12410.02
2011-01-08,0.0,5,8,1,28836.59,0.0,0.0,16529.532857142858
2011-01-09,15778.2,6,9,1,0.0,0.0,0.0,16529.532857142858
2011-01-10,24467.07,0,10,1,15778.2,0.0,0.0,18783.56142857143
2011-01-11,68533.46,1,11,1,24467.07,15936.08,0.0,22278.85714285714
2011-01-12,24693.78,2,12,1,68533.46,32634.47,0.0,29792.768571428573
2011-01-13,20624.64,3,13,1,24693.78,38299.59,0.0,28658.384285714284
2011-01-14,47531.9,4,14,1,20624.64,28836.59,0.0,26133.39142857143
2011-01-15,0.0,5,15,1,47531.9,0.0,0.0,28804.149999999998
2011-01-16,7242.06,6,16,1,0.0,15778.2,0.0,28804.149999999998
2011-01-17,29333.02,0,17,1,7242.06,24467.07,0.0,27584.70142857143
2011-01-18,18794.45,1,18,1,29333.02,68533.46,15936.08,28279.837142857144
2011-01-19,25934.57,2,19,1,18794.45,24693.78,32634.47,21174.264285714286
2011-01-20,21246.99,3,20,1,25934.57,20624.64,38299.59,21351.52
2011-01-21,32640.3,4,21,1,21246.99,47531.9,28836.59,21440.42714285714
2011-01-22,0.0,5,22,1,32640.3,0.0,0.0,19313.055714285718
2011-01-23,10400.25,6,23,1,0.0,7242.06,15778.2,19313.055714285718
2011-01-24,25733.79,0,24,1,10400.25,29333.02,24467.07,19764.225714285712
2011-01-25,29077.47,1,25,1,25733.79,18794.45,68533.46,19250.05
2011-01-26,19502.89,2,26,1,29077.47,25934.57,24693.78,20719.052857142855
2011-01-27,22014.99,3,27,1,19502.89,21246.99,20624.64,19800.24142857143
2011-01-28,20090.65,4,28,1,22014.99,32640.3,47531.9,19909.955714285716
2011-01-29,0.0,5,29,1,20090.65,0.0,0.0,18117.148571428574
2011-01-30,6615.75,6,30,1,0.0,10400.25,7242.06,18117.148571428574
2011-01-31,23625.61,0,31,1,6615.75,25733.79,29333.02,17576.505714285715
2011-02-01,29034.99,1,1,2,23625.61,29077.47,18794.45,17275.337142857144
2011-02-02,21216.2,2,2,2,29034.99,19502.89,25934.57,17269.268571428573
2011-02-03,23479.83,3,3,2,21216.2,22014.99,21246.99,17514.027142857143
2011-02-04,25116.62,4,4,2,23479.83,20090.65,32640.3,17723.29
2011-02-05,0.0,5,5,2,25116.62,0.0,0.0,18441.285714285717
2011-02-06,3457.11,6,6,2,0.0,6615.75,10400.25,18441.285714285714
2011-02-07,25887.06,0,7,2,3457.11,23625.61,25733.79,17990.051428571427
2011-02-08,20949.92,1,8,2,25887.06,29034.99,29077.47,18313.115714285716
2011-02-09,16692.58,2,9,2,20949.92,21216.2,19502.89,17158.105714285713
2011-02-10,14896.46,3,10,2,16692.58,23479.83,22014.99,16511.874285714286
2011-02-11,22873.1,4,11,2,14896.46,25116.62,20090.65,15285.67857142857
2011-02-12,0.0,5,12,2,22873.1,0.0,0.0,14965.175714285713
2011-02-13,5636.88,6,13,2,0.0,3457.11,6615.75,14965.175714285713
2011-02-14,26703.51,0,14,2,5636.88,25887.06,23625.61,15276.57142857143
2011-02-15,39875.74,1,15,2,26703.51,20949.92,29034.99,15393.207142857142
2011-02-16,24949.1,2,16,2,39875.74,16692.58,21216.2,18096.895714285714
2011-02-17,26372.67,3,17,2,24949.1,14896.46,23479.83,19276.39857142857
2011-02-18,16203.65,4,18,2,26372.67,22873.1,25116.62,20915.85714285714
2011-02-19,0.0,5,19,2,16203.65,0.0,0.0,19963.07857142857
2011-02-20,9624.69,6,20,2,0.0,5636.88,3457.11,19963.07857142857
2011-02-21,36068.06,0,21,2,9624.69,26703.51,25887.06,20532.765714285713
2011-02-22,32462.95,1,22,2,36068.06,39875.74,20949.92,21870.558571428566
2011-02-23,26891.6,2,23,2,32462.95,24949.1,16692.58,20811.588571428572
2011-02-24,22809.84,3,24,2,26891.6,26372.67,14896.46,21089.088571428572
2011-02-25,20595.74,4,25,2,22809.84,16203.65,22873.1,20580.112857142853
2011-02-26,0.0,5,26,2,20595.74,0.0,0.0,21207.554285714286
2011-02-27,9526.5,6,27,2,0.0,9624.69,5636.88,21207.554285714286
2011-02-28,21755.63,0,28,2,9526.5,36068.06,26703.51,21193.527142857143
2011-03-01,26354.96,1,1,3,21755.63,32462.95,39875.74,19148.894285714287
2011-03-02,18690.79,2,2,3,26354.96,26891.6,24949.1,18276.324285714287
2011-03-03,36404.0,3,3,3,18690.79,22809.84,26372.67,17104.78
2011-03-04,19489.25,4,4,3,36404.0,20595.74,16203.65,19046.802857142855
2011-03-05,0.0,5,5,3,19489.25,0.0,0.0,18888.73285714286
2011-03-06,10005.37,6,6,3,0.0,9526.5,9624.69,18888.73285714286
2011-03-07,32340.5,0,7,3,10005.37,21755.63,36068.06,18957.14285714286
2011-03-08,25081.62,1,8,3,32340.5,26354.96,32462.95,20469.26714285714
2011-03-09,22021.14,2,9,3,25081.62,18690.79,26891.6,20287.36142857143
2011-03-10,26115.97,3,10,3,22021.14,36404.0,22809.84,20763.125714285714
2011-03-11,24723.28,4,11,3,26115.97,19489.25,20595.74,19293.407142857144
2011-03-12,0.0,5,12,3,24723.28,0.0,0.0,20041.125714285714
2011-03-13,4148.12,6,13,3,0.0,10005.37,9526.5,20041.125714285714
2011-03-14,26019.55,0,14,3,4148.12,32340.5,21755.63,19204.375714285714
2011-03-15,23275.39,1,15,3,26019.55,25081.62,26354.96,18301.382857142857
2011-03-16,21227.76,2,16,3,23275.39,22021.14,18690.79,18043.35
2011-03-17,39784.61,3,17,3,21227.76,26115.97,36404.0,17930.010000000002
2011-03-18,28004.36,4,18,3,39784.61,24723.28,19489.25,19882.672857142858
2011-03-19,0.0,5,19,3,28004.36,0.0,0.0,20351.398571428574
2011-03-20,22153.49,6,20,3,0.0,4148.12,10005.37,20351.398571428574
2011-03-21,16115.52,0,21,3,22153.49,26019.55,32340.5,22923.594285714287
2011-03-22,31515.58,1,22,3,16115.52,23275.39,25081.62,21508.73285714286
2011-03-23,24070.42,2,23,3,31515.58,21227.76,22021.14,22685.902857142857
2011-03-24,36565.73,3,24,3,24070.42,39784.61,26115.97,23091.99714285714
2011-03-25,31394.21,4,25,3,36565.73,28004.36,24723.28,22632.157142857144
2011-03-26,0.0,5,26,3,31394.21,0.0,0.0,23116.42142857143
2011-03-27,9241.35,6,27,3,0.0,22153.49,4148.12,23116.42142857143
2011-03-28,23176.72,0,28,3,9241.35,16115.52,26019.55,21271.829999999998
2011-03-29,70711.92,1,29,3,23176.72,31515.58,23275.39,22280.572857142855
2011-03-30,31530.16,2,30,3,70711.92,24070.42,21227.76,27880.05
2011-03-31,33165.9,3,31,3,31530.16,36565.73,39784.61,28945.727142857144
2011-04-01,25667.51,4,1,4,33165.9,31394.21,28004.36,28460.037142857145
2011-04-02,0.0,5,2,4,25667.51,0.0,0.0,27641.937142857143
2011-04-03,6943.15,6,3,4,0.0,9241.35,22153.49,27641.937142857143
2011-04-04,26404.98,0,4,4,6943.15,23176.72,16115.52,27313.62285714286
2011-04-05,29008.47,1,5,4,26404.98,70711.92,31515.58,27774.802857142855
2011-04-06,17362.36,2,6,4,29008.47,31530.16,24070.42,21817.16714285714
2011-04-07,18512.89,3,7,4,17362.36,33165.9,36565.73,19793.195714285714
2011-04-08,25295.64,4,8,4,18512.89,25667.51,31394.21,17699.908571428572
2011-04-09,0.0,5,9,4,25295.64,0.0,0.0,17646.784285714286
2011-04-10,9913.98,6,10,4,0.0,6943.15,9241.35,17646.784285714286
2011-04-11,22353.27,0,11,4,9913.98,26404.98,23176.72,18071.18857142857
2011-04-12,25570.3,1,12,4,22353.27,29008.47,70711.92,17492.37285714286
2011-04-13,24484.42,2,13,4,25570.3,17362.36,31530.16,17001.205714285716
2011-04-14,35773.73,3,14,4,24484.42,18512.89,33165.9,18018.64285714286
2011-04-15,28334.121,4,15,4,35773.73,25295.64,25667.51,20484.477142857144
2011-04-16,0.0,5,16,4,28334.121,0.0,0.0,20918.545857142857
2011-04-17,12725.5,6,17,4,0.0,9913.98,6943.15,20918.545857142857
2011-04-18,55713.88,0,18,4,12725.5,22353.27,26404.98,21320.191571428568
2011-04-19,24338.7,1,19,4,55713.88,25570.3,29008.47,26085.993
2011-04-20,28388.17,2,20,4,24338.7,24484.42,17362.36,25910.05014285714
2011-04-21,32200.63,3,21,4,28388.17,35773.73,18512.89,26467.728714285713
2011-04-22,0.0,4,22,4,32200.63,28334.121,25295.64,25957.285857142855
2011-04-23,0.0,5,23,4,0.0,0.0,0.0,21909.554285714286
2011-04-24,0.0,6,24,4,0.0,12725.5,9913.98,21909.554285714286
2011-04-25,0.0,0,25,4,0.0,55713.88,22353.27,20091.625714285714
2011-04-26,31047.43,1,26,4,0.0,24338.7,25570.3,12132.5
2011-04-27,24299.94,2,27,4,31047.43,28388.17,24484.42,13090.89
2011-04-28,22501.55,3,28,4,24299.94,32200.63,35773.73,12506.857142857143
2011-04-29,0.0,4,29,4,22501.55,0.0,28334.121,11121.274285714286
2011-04-30,0.0,5,30,4,0.0,0.0,0.0,11121.274285714286
2011-05-01,6973.66,6,1,5,0.0,0.0,12725.5,11121.274285714286
2011-05-02,0.0,0,2,5,6973.66,0.0,55713.88,12117.511428571428
2011-05-03,35229.41,1,3,5,0.0,31047.43,24338.7,12117.511428571428
2011-05-04,27544.15,2,4,5,35229.41,24299.94,28388.17,12714.937142857143
2011-05-05,28867.57,3,5,5,27544.15,22501.55,32200.63,13178.395714285714
2011-05-06,35334.82,4,6,5,28867.57,0.0,0.0,14087.827142857144
2011-05-07,0.0,5,7,5,35334.82,0.0,0.0,19135.65857142857
2011-05-08,18867.4,6,8,5,0.0,6973.66,0.0,19135.65857142857
2011-05-09,27899.71,0,9,5,18867.4,0.0,0.0,20834.764285714286
2011-05-10,47290.27,1,10,5,27899.71,35229.41,31047.43,24820.437142857143
2011-05-11,33625.3,2,11,5,47290.27,27544.15,24299.94,26543.417142857146
2011-05-12,61345.37,3,12,5,33625.3,28867.57,22501.55,27412.152857142857
2011-05-13,30733.0,4,13,5,61345.37,35334.82,0.0,32051.838571428572
2011-05-14,0.0,5,14,5,30733.0,0.0,0.0,31394.43571428571
2011-05-15,9924.28,6,15,5,0.0,18867.4,6973.66,31394.43571428571
2011-05-16,39456.28,0,16,5,9924.28,27899.71,0.0,30116.847142857147
2011-05-17,54728.99,1,17,5,39456.28,47290.27,35229.41,31767.785714285714
2011-05-18,34277.7,2,18,5,54728.99,33625.3,27544.15,32830.46
2011-05-19,35591.85,3,19,5,34277.7,61345.37,28867.57,32923.659999999996
2011-05-20,26701.17,4,20,5,35591.85,30733.0,35334.82,29244.585714285717
2011-05-21,0.0,5,21,5,26701.17,0.0,0.0,28668.610000000004
2011-05-22,24231.09,6,22,5,0.0,9924.28,18867.4,28668.610000000004
2011-05-23,32883.95,0,23,5,24231.09,39456.28,27899.71,30712.440000000002
2011-05-24,37660.04,1,24,5,32883.95,54728.99,47290.27,29773.535714285714
2011-05-25,24328.92,2,25,5,37660.04,34277.7,33625.3,27335.114285714288
2011-05-26,33491.23,3,26,5,24328.92,35591.85,61345.37,25913.859999999997
2011-05-27,28442.03,4,27,5,33491.23,26701.17,30733.0,25613.77142857143
2011-05-28,0.0,5,28,5,28442.03,0.0,0.0,25862.465714285714
2011-05-29,7394.3,6,29,5,0.0,24231.09,9924.28,25862.465714285714
2011-05-30,0.0,0,30,5,7394.3,32883.95,39456.28,23457.21
2011-05-31,22714.06,1,31,5,0.0,37660.04,54728.99,18759.502857142856
2011-06-01,20595.69,2,1,6,22714.06,24328.92,34277.7,16624.362857142856
2011-06-02,32793.74,3,2,6,20595.69,33491.23,35591.85,16091.044285714286
2011-06-03,16913.25,4,3,6,32793.74,28442.03,26701.17,15991.402857142855
2011-06-04,0.0,5,4,6,16913.25,0.0,0.0,14344.434285714286
2011-06-05,25639.54,6,5,6,0.0,7394.3,24231.09,14344.434285714286
2011-06-06,17358.09,0,6,6,25639.54,0.0,32883.95,16950.897142857142
2011-06-07,37676.28,1,7,6,17358.09,22714.06,37660.04,19430.624285714286
2011-06-08,42977.99,2,8,6,37676.28,20595.69,24328.92,21568.084285714285
2011-06-09,46389.1,3,9,6,42977.99,32793.74,33491.23,24765.55571428571
2011-06-10,22967.44,4,10,6,46389.1,16913.25,28442.03,26707.75
2011-06-11,0.0,5,11,6,22967.44,0.0,0.0,27572.634285714284
2011-06-12,12517.06,6,12,6,0.0,25639.54,7394.3,27572.634285714284
2011-06-13,22457.21,0,13,6,12517.06,17358.09,0.0,25697.994285714285
2011-06-14,40474.01,1,14,6,22457.21,37676.28,22714.06,26426.44
2011-06-15,49097.99,2,15,6,40474.01,42977.99,20595.69,26826.115714285716
2011-06-16,34482.68,3,16,6,49097.99,46389.1,32793.74,27700.40142857143
2011-06-17,21062.27,4,17,6,34482.68,22967.44,16913.25,25999.484285714287
2011-06-18,0.0,5,18,6,21062.27,0.0,0.0,25727.317142857144
2011-06-19,22442.18,6,19,6,0.0,12517.06,25639.54,25727.317142857144
2011-06-20,37335.98,0,20,6,22442.18,22457.21,17358.09,27145.191428571427
2011-06-21,24784.37,1,21,6,37335.98,40474.01,37676.28,29270.730000000003
2011-06-22,21825.99,2,22,6,24784.37,49097.99,42977.99,27029.352857142858
2011-06-23,25242.82,3,23,6,21825.99,34482.68,46389.1,23133.35285714286
2011-06-24,19521.96,4,24,6,25242.82,21062.27,22967.44,21813.37285714286
2011-06-25,0.0,5,25,6,19521.96,0.0,0.0,21593.328571428574
2011-06-26,7036.99,6,26,6,0.0,22442.18,12517.06,21593.328571428574
2011-06-27,17015.76,0,27,6,7036.99,37335.98,22457.21,19392.587142857144
2011-06-28,35607.32,1,28,6,17015.76,24784.37,40474.01,16489.698571428573
2011-06-29,22088.32,2,29,6,35607.32,21825.99,49097.99,18035.834285714285
2011-06-30,42035.54,3,30,6,22088.32,25242.82,34482.68,18073.31
2011-07-01,13546.79,4,1,7,42035.54,19521.96,21062.27,20472.27
2011-07-02,0.0,5,2,7,13546.79,0.0,0.0,19618.674285714285
2011-07-03,6032.39,6,3,7,0.0,7036.99,22442.18,19618.674285714285
2011-07-04,44263.15,0,4,7,6032.39,17015.76,37335.98,19475.16
2011-07-05,40758.43,1,5,7,44263.15,35607.32,24784.37,23367.644285714287
2011-07-06,25793.54,2,6,7,40758.43,22088.32,21825.99,24103.51714285714
2011-07-07,32445.71,3,7,7,25793.54,42035.54,25242.82,24632.834285714285
2011-07-08,27082.1,4,8,7,32445.71,13546.79,19521.96,23262.858571428573
2011-07-09,0.0,5,9,7,27082.1,0.0,0.0,25196.47428571429
2011-07-10,5993.87,6,10,7,0.0,6032.39,7036.99,25196.47428571429
2011-07-11,22605.02,0,11,7,5993.87,44263.15,17015.76,25190.971428571425
2011-07-12,26238.17,1,12,7,22605.02,40758.43,35607.32,22096.952857142856
2011-07-13,22641.94,2,13,7,26238.17,25793.54,22088.32,20022.63
2011-07-14,33602.13,3,14,7,22641.94,32445.71,42035.54,19572.40142857143
2011-07-15,14836.43,4,15,7,33602.13,27082.1,13546.79,19737.604285714282
2011-07-16,0.0,5,16,7,14836.43,0.0,0.0,17988.222857142857
2011-07-17,17194.56,6,17,7,0.0,5993.87,6032.39,17988.222857142857
2011-07-18,38280.97,0,18,7,17194.56,22605.02,44263.15,19588.321428571428
2011-07-19,49804.03,1,19,7,38280.97,26238.17,40758.43,21827.742857142857
2011-07-20,32856.82,2,20,7,49804.03,22641.94,25793.54,25194.294285714284
2011-07-21,32818.54,3,21,7,32856.82,33602.13,32445.71,26653.562857142857
2011-07-22,20124.86,4,22,7,32818.54,14836.43,27082.1,26541.621428571427
2011-07-23,0.0,5,23,7,20124.86,0.0,0.0,27297.11142857143
2011-07-24,26647.04,6,24,7,0.0,17194.56,5993.87,27297.11142857143
2011-07-25,26887.15,0,25,7,26647.04,38280.97,22605.02,28647.465714285714
2011-07-26,21644.261,1,26,7,26887.15,49804.03,26238.17,27019.777142857143
2011-07-27,25602.93,2,27,7,21644.261,32856.82,22641.94,22996.953
2011-07-28,56254.74,3,28,7,25602.93,32818.54,33602.13,21960.682999999997
2011-07-29,18790.4,4,29,7,56254.74,20124.86,14836.43,25308.711571428572
2011-07-30,0.0,5,30,7,18790.4,0.0,0.0,25118.074428571425
2011-07-31,33093.65,6,31,7,0.0,26647.04,17194.56,25118.074428571428
2011-08-01,21138.92,0,1,8,33093.65,26887.15,38280.97,26039.018714285714
2011-08-02,26580.6,1,2,8,21138.92,21644.261,49804.03,25217.842999999997
2011-08-03,28099.1,2,3,8,26580.6,25602.93,32856.82,25923.03428571429
2011-08-04,61157.11,3,4,8,28099.1,56254.74,32818.54,26279.629999999997
2011-08-05,21538.58,4,5,8,61157.11,18790.4,20124.86,26979.96857142857
2011-08-06,0.0,5,6,8,21538.58,0.0,0.0,27372.565714285716
2011-08-07,7525.39,6,7,8,0.0,33093.65,26647.04,27372.565714285716
2011-08-08,23377.65,0,8,8,7525.39,21138.92,26887.15,23719.95714285714
2011-08-09,27679.44,1,9,8,23377.65,26580.6,21644.261,24039.77571428571
2011-08-10,28792.34,2,10,8,27679.44,28099.1,25602.93,24196.752857142856
2011-08-11,72433.79,3,11,8,28792.34,61157.11,56254.74,24295.78714285714
2011-08-12,32231.35,4,12,8,72433.79,21538.58,18790.4,25906.74142857143
2011-08-13,0.0,5,13,8,32231.35,0.0,0.0,27434.28
2011-08-14,5718.57,6,14,8,0.0,7525.39,33093.65,27434.280000000002
2011-08-15,17243.97,0,15,8,5718.57,23377.65,21138.92,27176.16285714286
2011-08-16,19239.66,1,16,8,17243.97,27679.44,26580.6,26299.92285714286
2011-08-17,53499.96,2,17,8,19239.66,28792.34,28099.1,25094.239999999998
2011-08-18,54106.93,3,18,8,53499.96,72433.79,61157.11,28623.899999999998
2011-08-19,17349.59,4,19,8,54106.93,32231.35,21538.58,26005.777142857143
2011-08-20,0.0,5,20,8,17349.59,0.0,0.0,23879.81142857143
2011-08-21,14576.86,6,21,8,0.0,5718.57,7525.39,23879.81142857143
2011-08-22,29651.46,0,22,8,14576.86,17243.97,23377.65,25145.281428571423
2011-08-23,25978.68,1,23,8,29651.46,19239.66,27679.44,26917.780000000002
2011-08-24,49035.36,2,24,8,25978.68,53499.96,28792.34,27880.497142857144
2011-08-25,23827.46,3,25,8,49035.36,54106.93,72433.79,27242.697142857145
2011-08-26,25626.44,4,26,8,23827.46,17349.59,32231.35,22917.058571428573
2011-08-27,0.0,5,27,8,25626.44,0.0,0.0,24099.465714285714
2011-08-28,10805.03,6,28,8,0.0,14576.86,5718.57,24099.465714285714
2011-08-29,0.0,0,29,8,10805.03,29651.46,17243.97,23560.63285714286
2011-08-30,31866.31,1,30,8,0.0,25978.68,19239.66,19324.71
2011-08-31,25380.17,2,31,8,31866.31,49035.36,53499.96,20165.8
2011-09-01,37370.15,3,1,9,25380.17,23827.46,54106.93,16786.487142857142
2011-09-02,42322.02,4,2,9,37370.15,25626.44,17349.59,18721.157142857144
2011-09-03,0.0,5,3,9,42322.02,0.0,0.0,21106.239999999998
2011-09-04,17119.59,6,4,9,0.0,10805.03,14576.86,21106.239999999998
2011-09-05,37157.14,0,5,9,17119.59,0.0,29651.46,22008.32
2011-09-06,27980.26,1,6,9,37157.14,31866.31,25978.68,27316.48285714286
2011-09-07,34413.53,2,7,9,27980.26,25380.17,49035.36,26761.33285714286
2011-09-08,27195.8,3,8,9,34413.53,37370.15,23827.46,28051.812857142857
2011-09-09,30075.62,4,9,9,27195.8,42322.02,25626.44,26598.334285714285
2011-09-10,0.0,5,10,9,30075.62,0.0,0.0,24848.84857142857
2011-09-11,35511.67,6,11,9,0.0,17119.59,10805.03,24848.84857142857
2011-09-12,29738.33,0,12,9,35511.67,37157.14,0.0,27476.288571428573
2011-09-13,55117.05,1,13,9,29738.33,27980.26,31866.31,26416.45857142857
2011-09-14,23247.95,2,14,9,55117.05,34413.53,25380.17,30293.14285714286
2011-09-15,77430.57,3,15,9,23247.95,27195.8,37370.15,28698.06
2011-09-16,27710.92,4,16,9,77430.57,30075.62,42322.02,35874.455714285716
2011-09-17,0.0,5,17,9,27710.92,0.0,0.0,35536.64142857143
2011-09-18,15745.73,6,18,9,0.0,35511.67,17119.59,35536.64142857143
2011-09-19,48286.01,0,19,9,15745.73,29738.33,37157.14,32712.935714285715
2011-09-20,108654.13,1,20,9,48286.01,55117.05,27980.26,35362.60428571429
2011-09-21,48560.68,2,21,9,108654.13,23247.95,34413.53,43010.758571428574
2011-09-22,59354.79,3,22,9,48560.68,77430.57,27195.8,46626.862857142856
2011-09-23,40601.75,4,23,9,59354.79,27710.92,30075.62,44044.60857142857
2011-09-24,0.0,5,24,9,40601.75,0.0,0.0,45886.15571428572
2011-09-25,31033.641,6,25,9,0.0,15745.73,35511.67,45886.15571428572
2011-09-26,29335.171,0,26,9,31033.641,48286.01,29738.33,48070.143
2011-09-27,36322.95,1,27,9,29335.171,108654.13,55117.05,45362.88028571429
2011-09-28,43674.06,2,28,9,36322.95,48560.68,23247.95,35029.85457142857
2011-09-29,46266.49,3,29,9,43674.06,59354.79,77430.57,34331.765999999996
2011-09-30,44357.06,4,30,9,46266.49,40601.75,27710.92,32462.008857142853
2011-10-01,0.0,5,1,10,44357.06,0.0,0.0,32998.481714285714
2011-10-02,11634.53,6,2,10,0.0,31033.641,15745.73,32998.481714285714
2011-10-03,64655.82,0,3,10,11634.53,29335.171,48286.01,30227.18014285714
2011-10-04,48614.3,1,4,10,64655.82,36322.95,108654.13,35272.98714285714
2011-10-05,75593.63,2,5,10,48614.3,43674.06,48560.68,37028.89428571429
2011-10-06,59967.19,3,6,10,75593.63,46266.49,59354.79,41588.83285714286
2011-10-07,53790.7,4,7,10,59967.19,44357.06,40601.75,43546.07571428572
2011-10-08,0.0,5,8,10,53790.7,0.0,0.0,44893.73857142858
2011-10-09,12524.4,6,9,10,0.0,11634.53,31033.641,44893.73857142858
2011-10-10,45981.65,0,10,10,12524.4,64655.82,29335.171,45020.862857142856
2011-10-11,50496.94,1,11,10,45981.65,48614.3,36322.95,42353.124285714286
2011-10-12,31955.28,2,12,10,50496.94,75593.63,43674.06,42622.072857142855
2011-10-13,37446.18,3,13,10,31955.28,59967.19,46266.49,36388.02285714286
2011-10-14,32819.3,4,14,10,37446.18,53790.7,44357.06,33170.735714285714
2011-10-15,0.0,5,15,10,32819.3,0.0,0.0,30174.82142857143
2011-10-16,21704.96,6,16,10,0.0,12524.4,11634.53,30174.821428571428
2011-10-17,51779.18,0,17,10,21704.96,45981.65,64655.82,31486.329999999998
2011-10-18,45001.92,1,18,10,51779.18,50496.94,48614.3,32314.54857142857
2011-10-19,42558.51,2,19,10,45001.92,31955.28,75593.63,31529.545714285716
2011-10-20,61122.9,3,20,10,42558.51,37446.18,59967.19,33044.29285714286
2011-10-21,63226.64,4,21,10,61122.9,32819.3,53790.7,36426.68142857143
2011-10-22,0.0,5,22,10,63226.64,0.0,0.0,40770.58714285714
2011-10-23,12339.16,6,23,10,0.0,21704.96,12524.4,40770.58714285714
2011-10-24,43206.35,0,24,10,12339.16,51779.18,45981.65,39432.61571428572
2011-10-25,41314.64,1,25,10,43206.35,45001.92,50496.94,38207.92571428571
2011-10-26,37152.43,2,26,10,41314.64,42558.51,31955.28,37681.17142857143
2011-10-27,56856.130000000005,3,27,10,37152.43,61122.9,37446.18,36908.874285714286
2011-10-28,40525.75,4,28,10,56856.130000000005,63226.64,32819.3,36299.33571428571
2011-10-29,0.0,5,29,10,40525.75,0.0,0.0,33056.351428571434
2011-10-30,34571.23,6,30,10,0.0,12339.16,21704.96,33056.351428571434
2011-10-31,57369.15,0,31,10,34571.23,43206.35,51779.18,36232.361428571436
2011-11-01,29155.15,1,1,11,57369.15,41314.64,45001.92,38255.618571428575
2011-11-02,45888.34,2,2,11,29155.15,37152.43,42558.51,36518.54857142857
2011-11-03,63444.93,3,3,11,45888.34,56856.130000000005,61122.9,37766.53571428572
2011-11-04,62977.36,4,4,11,63444.93,40525.75,63226.64,38707.79285714286
2011-11-05,0.0,5,5,11,62977.36,0.0,0.0,41915.16571428571
2011-11-06,42946.34,6,6,11,0.0,34571.23,12339.16,41915.16571428571
2011-11-07,85881.81,0,7,11,42946.34,57369.15,43206.35,43111.61
2011-11-08,57700.24,1,8,11,85881.81,29155.15,41314.64,47184.84714285714
2011-11-09,63445.65,2,9,11,57700.24,45888.34,37152.43,51262.717142857146
2011-11-10,70967.8,3,10,11,63445.65,63444.93,56856.130000000005,53770.904285714285
2011-11-11,54777.37,4,11,11,70967.8,62977.36,40525.75,54845.6
2011-11-12,0.0,5,12,11,54777.37,0.0,0.0,53674.17285714286
2011-11-13,33603.32,6,13,11,0.0,42946.34,34571.23,53674.17285714286
2011-11-14,114419.89,0,14,11,33603.32,85881.81,57369.15,52339.455714285716
2011-11-15,59506.29,1,15,11,114419.89,57700.24,29155.15,56416.32428571429
2011-11-16,65958.17,2,16,11,59506.29,63445.65,45888.34,56674.33142857143
2011-11-17,60938.13,3,17,11,65958.17,70967.8,63444.93,57033.26285714285
2011-11-18,51203.39,4,18,11,60938.13,54777.37,62977.36,55600.45285714285
2011-11-19,0.0,5,19,11,51203.39,0.0,0.0,55089.88428571429
2011-11-20,35058.57,6,20,11,0.0,33603.32,42946.34,55089.88428571429
2011-11-21,49805.72,0,21,11,35058.57,114419.89,85881.81,55297.77714285714
2011-11-22,64089.82,1,22,11,49805.72,59506.29,57700.24,46067.18142857143
2011-11-23,79646.98,2,23,11,64089.82,65958.17,63445.65,46721.97142857143
2011-11-24,48767.99,3,24,11,79646.98,60938.13,70967.8,48677.51571428571
2011-11-25,50822.73,4,25,11,48767.99,51203.39,54777.37,46938.92428571428
2011-11-26,0.0,5,26,11,50822.73,0.0,0.0,46884.54428571428
2011-11-27,20611.08,6,27,11,0.0,35058.57,33603.32,46884.54428571428
2011-11-28,56674.07,0,28,11,20611.08,49805.72,114419.89,44820.61714285715
2011-11-29,72595.93,1,29,11,56674.07,64089.82,59506.29,45801.81
2011-11-30,60126.96,2,30,11,72595.93,79646.98,65958.17,47016.968571428566
2011-12-01,52197.25,3,1,12,60126.96,48767.99,60938.13,44228.39428571429
2011-12-02,57250.25,4,2,12,52197.25,50822.73,51203.39,44718.28857142857
2011-12-03,0.0,5,3,12,57250.25,0.0,0.0,45636.50571428572
2011-12-04,24621.43,6,4,12,0.0,20611.08,35058.57,45636.50571428572
2011-12-05,88503.96,0,5,12,24621.43,56674.07,49805.72,46209.41285714286
2011-12-06,56713.21,1,6,12,88503.96,72595.93,64089.82,50756.54
2011-12-07,75439.16,2,7,12,56713.21,60126.96,79646.98,48487.58
2011-12-08,82495.0,3,8,12,75439.16,52197.25,48767.99,50675.037142857145
2011-12-09,32469.0,4,9,12,82495.0,57250.25,50822.73,55003.287142857145
