antecedents,consequents,support,confidence,lift
PINK REGENCY TEACUP AND SAUCER,GREEN REGENCY TEACUP AND SAUCER || ROSES REGENCY TEACUP AND SAUCER,0.021044679473343406,0.7014388489208634,24.02784611497494
GREEN REGENCY TEACUP AND SAUCER || ROSES REGENCY TEACUP AND SAUCER,PINK REGENCY TEACUP AND SAUCER,0.021044679473343406,0.7208872458410351,24.027846114974935
PINK REGENCY TEACUP AND SAUCER || ROSES REGENCY TEACUP AND SAUCER,GREEN REGENCY TEACUP AND SAUCER,0.021044679473343406,0.8944954128440368,23.989564386144266
GREEN REGENCY TEACUP AND SAUCER,PINK REGENCY TEACUP AND SAUCER || ROSES REGENCY TEACUP AND SAUCER,0.021044679473343406,0.5643994211287988,23.989564386144266
PINK REGENCY TEACUP AND SAUCER,GREEN REGENCY TEACUP AND SAUCER,0.024821929635225556,0.827338129496403,22.18846630365751
GREEN REGENCY TEACUP AND SAUCER,PINK REGENCY TEACUP AND SAUCER,0.024821929635225556,0.6657018813314037,22.188466303657506
ROSES REGENCY TEACUP AND SAUCER,GREEN REGENCY TEACUP AND SAUCER || PINK REGENCY TEACUP AND SAUCER,0.021044679473343406,0.49808429118773945,20.06630018324171
GREEN REGENCY TEACUP AND SAUCER || PINK REGENCY TEACUP AND SAUCER,ROSES REGENCY TEACUP AND SAUCER,0.021044679473343406,0.8478260869565217,20.06630018324171
ROSES REGENCY TEACUP AND SAUCER,PINK REGENCY TEACUP AND SAUCER,0.02352687243686596,0.5568326947637292,18.55975449525437
PINK REGENCY TEACUP AND SAUCER,ROSES REGENCY TEACUP AND SAUCER,0.02352687243686596,0.7841726618705036,18.55975449525437
GREEN REGENCY TEACUP AND SAUCER,ROSES REGENCY TEACUP AND SAUCER,0.029192747679689185,0.7829232995658465,18.530184658434568
ROSES REGENCY TEACUP AND SAUCER,GREEN REGENCY TEACUP AND SAUCER,0.029192747679689185,0.6909323116219668,18.530184658434568
DOLLY GIRL LUNCH BOX,SPACEBOY LUNCH BOX,0.022879343837686163,0.6883116883116883,18.119023022432113
SPACEBOY LUNCH BOX,DOLLY GIRL LUNCH BOX,0.022879343837686163,0.6022727272727272,18.11902302243211
GARDENERS KNEELING PAD KEEP CALM,GARDENERS KNEELING PAD CUP OF TEA,0.024983811785020505,0.6124338624338624,17.87342415531392
GARDENERS KNEELING PAD CUP OF TEA,GARDENERS KNEELING PAD KEEP CALM,0.024983811785020505,0.7291338582677166,17.87342415531392
ALARM CLOCK BAKELIKE RED,ALARM CLOCK BAKELIKE GREEN,0.028599179797107705,0.6043329532497149,14.194547895594065
ALARM CLOCK BAKELIKE GREEN,ALARM CLOCK BAKELIKE RED,0.028599179797107705,0.6717363751584283,14.194547895594063
ALARM CLOCK BAKELIKE RED,ALARM CLOCK BAKELIKE PINK,0.021368443772933305,0.451539338654504,13.650778179356065
ALARM CLOCK BAKELIKE PINK,ALARM CLOCK BAKELIKE RED,0.021368443772933305,0.6460032626427407,13.650778179356065
PAPER CHAIN KIT VINTAGE CHRISTMAS,PAPER CHAIN KIT 50'S CHRISTMAS,0.024336283185840708,0.6470588235294117,12.236014405762303
PAPER CHAIN KIT 50'S CHRISTMAS,PAPER CHAIN KIT VINTAGE CHRISTMAS,0.024336283185840708,0.46020408163265303,12.236014405762303
WOODEN FRAME ANTIQUE WHITE,WOODEN PICTURE FRAME WHITE FINISH,0.025253615368012086,0.5770653514180024,12.207962434336096
WOODEN PICTURE FRAME WHITE FINISH,WOODEN FRAME ANTIQUE WHITE,0.025253615368012086,0.5342465753424657,12.207962434336096
HEART OF WICKER LARGE,HEART OF WICKER SMALL,0.021962011655514785,0.5081148564294632,9.798527075287005
HEART OF WICKER SMALL,HEART OF WICKER LARGE,0.021962011655514785,0.42351716961498437,9.798527075287003
LUNCH BAG WOODLAND,LUNCH BAG SPACEBOY DESIGN,0.021854090222318153,0.4939024390243903,9.264170040485832
LUNCH BAG SPACEBOY DESIGN,LUNCH BAG WOODLAND,0.021854090222318153,0.409919028340081,9.26417004048583
LUNCH BAG PINK POLKADOT,LUNCH BAG CARS BLUE,0.023041225987481113,0.45864661654135336,8.798798237830601
LUNCH BAG CARS BLUE,LUNCH BAG PINK POLKADOT,0.023041225987481113,0.44202898550724634,8.7987982378306
LUNCH BAG PINK POLKADOT,LUNCH BAG  BLACK SKULL.,0.025037772501618823,0.4983888292158969,8.77960245535076
LUNCH BAG  BLACK SKULL.,LUNCH BAG PINK POLKADOT,0.025037772501618823,0.44106463878326996,8.77960245535076
LUNCH BAG CARS BLUE,LUNCH BAG SUKI DESIGN,0.021044679473343406,0.4037267080745342,8.32242864742744
LUNCH BAG SUKI DESIGN,LUNCH BAG CARS BLUE,0.021044679473343406,0.4338153503893215,8.32242864742744
LUNCH BAG RED RETROSPOT,LUNCH BAG PINK POLKADOT,0.028221454780919492,0.40605590062111807,8.082736788733147
LUNCH BAG PINK POLKADOT,LUNCH BAG RED RETROSPOT,0.028221454780919492,0.5617615467239527,8.082736788733147
LUNCH BAG  BLACK SKULL.,LUNCH BAG SUKI DESIGN,0.022069933088711417,0.38878326996197715,8.014384381463138
LUNCH BAG SUKI DESIGN,LUNCH BAG  BLACK SKULL.,0.022069933088711417,0.45494994438264735,8.014384381463136
LUNCH BAG SPACEBOY DESIGN,LUNCH BAG SUKI DESIGN,0.02039715087416361,0.3825910931174089,7.886738751559313
LUNCH BAG SUKI DESIGN,LUNCH BAG SPACEBOY DESIGN,0.02039715087416361,0.42046718576195774,7.886738751559313
LUNCH BAG CARS BLUE,LUNCH BAG  BLACK SKULL.,0.022717461687891214,0.4358178053830228,7.677353202811956
LUNCH BAG  BLACK SKULL.,LUNCH BAG CARS BLUE,0.022717461687891214,0.400190114068441,7.677353202811956
LUNCH BAG WOODLAND,LUNCH BAG RED RETROSPOT,0.02336499028707101,0.5280487804878049,7.597670807453417
LUNCH BAG RED RETROSPOT,LUNCH BAG WOODLAND,0.02336499028707101,0.3361801242236025,7.597670807453416
LUNCH BAG CARS BLUE,LUNCH BAG SPACEBOY DESIGN,0.021098640189941724,0.4047619047619048,7.592153460574515
LUNCH BAG SPACEBOY DESIGN,LUNCH BAG CARS BLUE,0.021098640189941724,0.39574898785425106,7.592153460574514
LUNCH BAG  BLACK SKULL.,LUNCH BAG SPACEBOY DESIGN,0.022555579538096265,0.39733840304182505,7.452910207663059
LUNCH BAG SPACEBOY DESIGN,LUNCH BAG  BLACK SKULL.,0.022555579538096265,0.4230769230769231,7.4529102076630585
JUMBO BAG STRAWBERRY,JUMBO BAG RED RETROSPOT,0.022339736671703,0.6330275229357799,7.33204128440367
JUMBO BAG PINK POLKADOT,JUMBO BAG RED RETROSPOT,0.02946255126268077,0.6268656716417911,7.260671641791045
JUMBO BAG RED RETROSPOT,JUMBO BAG PINK POLKADOT,0.02946255126268077,0.34125,7.260671641791045
LUNCH BAG SUKI DESIGN,LUNCH BAG RED RETROSPOT,0.02428232246924239,0.5005561735261401,7.202101714119898
LUNCH BAG RED RETROSPOT,LUNCH BAG SUKI DESIGN,0.02428232246924239,0.3493788819875776,7.202101714119898
LUNCH BAG  BLACK SKULL.,LUNCH BAG RED RETROSPOT,0.027897690481329594,0.4914448669201521,7.071006423730014
LUNCH BAG RED RETROSPOT,LUNCH BAG  BLACK SKULL.,0.027897690481329594,0.40139751552795033,7.071006423730014
LUNCH BAG RED RETROSPOT,LUNCH BAG CARS BLUE,0.024714008202028924,0.3555900621118013,6.821733986600312
LUNCH BAG CARS BLUE,LUNCH BAG RED RETROSPOT,0.024714008202028924,0.47412008281573503,6.821733986600312
LUNCH BAG SPACEBOY DESIGN,LUNCH BAG RED RETROSPOT,0.025199654651413772,0.472672064777328,6.800899615258884
LUNCH BAG RED RETROSPOT,LUNCH BAG SPACEBOY DESIGN,0.025199654651413772,0.3625776397515528,6.800899615258884
JUMBO STORAGE BAG SUKI,JUMBO BAG RED RETROSPOT,0.02341895100366933,0.5607235142118863,6.494580103359172
LUNCH BAG RED RETROSPOT,LUNCH BAG APPLE DESIGN,0.02099071875674509,0.30201863354037267,6.4630592572404
LUNCH BAG APPLE DESIGN,LUNCH BAG RED RETROSPOT,0.02099071875674509,0.4491916859122402,6.4630592572404
RED HANGING HEART T-LIGHT HOLDER,WHITE HANGING HEART T-LIGHT HOLDER,0.024552126052233975,0.6701030927835051,6.300532986029384
GREEN REGENCY TEACUP AND SAUCER,REGENCY CAKESTAND 3 TIER,0.020181308007770342,0.5412445730824891,5.889808824641626
ROSES REGENCY TEACUP AND SAUCER,REGENCY CAKESTAND 3 TIER,0.0226635009712929,0.5363984674329502,5.837073633862262
JUMBO SHOPPER VINTAGE RED PAISLEY,JUMBO BAG RED RETROSPOT,0.021368443772933305,0.5012658227848101,5.805911392405063
SPOTTY BUNTING,PARTY BUNTING,0.02099071875674509,0.38783649052841473,5.212027441967065
LUNCH BAG RED RETROSPOT,JUMBO BAG RED RETROSPOT,0.02293330455428448,0.3299689440993789,3.8218652950310554
