customer_id,churned,predicted_churn,churn_probability,model
C0001,0,0,0.000406,Logistic Regression
C0002,0,0,0.051949,Logistic Regression
C0003,0,0,0.00063,Logistic Regression
C0004,0,0,0.002472,Logistic Regression
C0005,0,0,0.000436,Logistic Regression
C0006,0,0,0.004663,Logistic Regression
C0007,0,0,0.005013,Logistic Regression
C0008,0,0,0.001325,Logistic Regression
C0009,0,0,7.2e-05,Logistic Regression
C0010,0,0,0.002952,Logistic Regression
C0011,0,0,4.5e-05,Logistic Regression
C0012,0,0,0.000327,Logistic Regression
C0013,0,0,0.000706,Logistic Regression
C0014,0,0,3.6e-05,Logistic Regression
C0015,0,0,0.000232,Logistic Regression
C0016,0,0,0.005918,Logistic Regression
C0017,0,0,0.000283,Logistic Regression
C0018,0,0,0.269058,Logistic Regression
C0019,0,0,0.004732,Logistic Regression
C0020,0,0,0.000101,Logistic Regression
C0021,0,0,0.393509,Logistic Regression
C0022,0,0,6.5e-05,Logistic Regression
C0023,0,0,3.3e-05,Logistic Regression
C0024,0,0,0.011737,Logistic Regression
C0025,0,0,5.7e-05,Logistic Regression
C0026,0,0,2e-05,Logistic Regression
C0027,0,0,3.7e-05,Logistic Regression
C0028,0,0,0.001871,Logistic Regression
C0029,0,0,0.001505,Logistic Regression
C0030,0,0,0.027712,Logistic Regression
C0031,0,0,0.000229,Logistic Regression
C0032,0,0,0.000685,Logistic Regression
C0033,0,0,0.000372,Logistic Regression
C0034,0,0,0.001263,Logistic Regression
C0035,0,0,0.000195,Logistic Regression
C0036,0,0,0.000191,Logistic Regression
C0037,0,0,4.9e-05,Logistic Regression
C0038,0,0,1.5e-05,Logistic Regression
C0039,0,0,4.2e-05,Logistic Regression
C0040,0,0,0.004513,Logistic Regression
C0041,0,0,0.000555,Logistic Regression
C0042,0,0,0.000219,Logistic Regression
C0043,0,0,0.0001,Logistic Regression
C0044,0,0,0.000125,Logistic Regression
C0045,0,0,0.000296,Logistic Regression
C0046,0,0,0.000279,Logistic Regression
C0047,0,0,0.002159,Logistic Regression
C0048,0,0,0.019865,Logistic Regression
C0049,0,0,0.001121,Logistic Regression
C0050,0,0,0.001582,Logistic Regression
C0051,0,0,0.21819,Logistic Regression
C0052,0,0,5.3e-05,Logistic Regression
C0053,0,0,8.5e-05,Logistic Regression
C0054,0,0,0.000264,Logistic Regression
C0055,0,0,4.9e-05,Logistic Regression
C0056,0,0,3.6e-05,Logistic Regression
C0057,0,0,0.001076,Logistic Regression
C0058,0,0,0.000128,Logistic Regression
C0059,0,0,2.3e-05,Logistic Regression
C0060,0,0,9e-05,Logistic Regression
C0061,0,0,0.042028,Logistic Regression
C0062,0,0,1.5e-05,Logistic Regression
C0063,0,0,0.004747,Logistic Regression
C0064,0,0,0.000141,Logistic Regression
C0065,0,0,8.3e-05,Logistic Regression
C0066,0,0,0.011172,Logistic Regression
C0067,0,0,1.3e-05,Logistic Regression
C0068,0,0,0.064016,Logistic Regression
C0069,0,0,0.000105,Logistic Regression
C0070,0,0,0.027033,Logistic Regression
C0071,0,0,7.8e-05,Logistic Regression
C0072,0,0,0.000223,Logistic Regression
C0073,0,0,0.000137,Logistic Regression
C0074,0,0,0.000168,Logistic Regression
C0075,0,0,0.000298,Logistic Regression
C0076,0,0,0.000415,Logistic Regression
C0077,0,0,0.008819,Logistic Regression
C0078,0,0,5.3e-05,Logistic Regression
C0079,0,0,0.002155,Logistic Regression
C0080,0,0,0.000697,Logistic Regression
C0081,0,0,0.002005,Logistic Regression
C0082,0,0,0.019645,Logistic Regression
C0083,0,0,0.002633,Logistic Regression
C0084,0,0,0.001169,Logistic Regression
C0085,0,1,0.815018,Logistic Regression
C0086,0,0,4.4e-05,Logistic Regression
C0087,0,0,0.000332,Logistic Regression
C0088,0,0,0.000712,Logistic Regression
C0089,0,0,3.1e-05,Logistic Regression
C0090,0,0,5.6e-05,Logistic Regression
C0091,0,0,0.000299,Logistic Regression
C0092,0,0,0.00022,Logistic Regression
C0093,0,0,3.2e-05,Logistic Regression
C0094,0,0,0.001201,Logistic Regression
C0095,0,0,9.6e-05,Logistic Regression
C0096,0,0,0.007795,Logistic Regression
C0097,0,0,0.000716,Logistic Regression
C0098,0,0,0.000332,Logistic Regression
C0099,0,0,0.000782,Logistic Regression
C0100,0,0,0.257091,Logistic Regression
C0101,0,0,0.003412,Logistic Regression
C0102,0,0,0.000191,Logistic Regression
C0103,0,0,0.054087,Logistic Regression
C0104,0,0,0.00417,Logistic Regression
C0105,0,0,0.082988,Logistic Regression
C0106,0,0,0.001898,Logistic Regression
C0107,0,0,5.3e-05,Logistic Regression
C0108,0,0,0.000222,Logistic Regression
C0109,0,0,0.005988,Logistic Regression
C0110,0,0,0.008933,Logistic Regression
C0111,0,0,0.000189,Logistic Regression
C0112,0,0,0.000398,Logistic Regression
C0113,0,0,1.5e-05,Logistic Regression
C0114,0,0,0.000126,Logistic Regression
C0115,0,0,4.6e-05,Logistic Regression
C0116,1,1,0.999963,Logistic Regression
C0117,0,0,0.004126,Logistic Regression
C0118,0,0,0.154353,Logistic Regression
C0119,0,0,0.000132,Logistic Regression
C0120,0,0,0.000134,Logistic Regression
C0121,0,0,0.000132,Logistic Regression
C0122,0,0,0.001262,Logistic Regression
C0123,0,0,0.002236,Logistic Regression
C0124,0,0,0.001609,Logistic Regression
C0125,0,0,0.003738,Logistic Regression
C0126,0,0,0.000212,Logistic Regression
C0127,0,0,0.000125,Logistic Regression
C0128,0,0,0.000521,Logistic Regression
C0129,0,0,0.030695,Logistic Regression
C0130,0,0,8.2e-05,Logistic Regression
C0131,0,0,0.000863,Logistic Regression
C0132,0,0,0.000101,Logistic Regression
C0133,0,0,0.000168,Logistic Regression
C0134,0,0,0.008396,Logistic Regression
C0135,0,0,0.000971,Logistic Regression
C0136,0,0,0.000113,Logistic Regression
C0137,0,0,0.000181,Logistic Regression
C0138,0,0,0.018092,Logistic Regression
C0139,0,0,0.000595,Logistic Regression
C0140,0,0,0.00016,Logistic Regression
C0141,0,0,0.000936,Logistic Regression
C0142,1,1,0.965384,Logistic Regression
C0143,0,0,5.9e-05,Logistic Regression
C0144,0,0,0.002309,Logistic Regression
C0145,0,0,0.009771,Logistic Regression
C0146,0,0,3.9e-05,Logistic Regression
C0147,0,0,0.012505,Logistic Regression
C0148,0,0,0.000484,Logistic Regression
C0149,0,0,0.160588,Logistic Regression
C0150,0,0,0.007313,Logistic Regression
C0151,0,0,0.493777,Logistic Regression
C0152,0,0,0.036179,Logistic Regression
C0153,0,0,0.000171,Logistic Regression
C0154,0,0,0.000535,Logistic Regression
C0155,0,0,0.06833,Logistic Regression
C0156,0,0,0.01447,Logistic Regression
C0157,0,0,0.001261,Logistic Regression
C0158,0,0,0.003823,Logistic Regression
C0159,0,0,5.6e-05,Logistic Regression
C0160,0,0,0.012812,Logistic Regression
C0161,0,0,0.033388,Logistic Regression
C0162,0,0,0.001843,Logistic Regression
C0163,0,0,0.409258,Logistic Regression
C0164,0,0,0.016885,Logistic Regression
C0165,0,0,0.000105,Logistic Regression
C0166,0,0,0.007215,Logistic Regression
C0167,0,0,0.209223,Logistic Regression
C0168,0,0,0.009985,Logistic Regression
C0169,0,0,0.026534,Logistic Regression
C0170,0,0,0.002397,Logistic Regression
C0171,0,0,7.5e-05,Logistic Regression
C0172,0,0,0.000414,Logistic Regression
C0173,0,0,0.000554,Logistic Regression
C0174,0,0,0.003435,Logistic Regression
C0175,0,0,1.3e-05,Logistic Regression
C0176,0,0,0.000451,Logistic Regression
C0177,0,0,0.000467,Logistic Regression
C0178,0,0,0.007178,Logistic Regression
C0179,0,0,0.002063,Logistic Regression
C0180,0,0,0.000129,Logistic Regression
C0181,0,0,0.001239,Logistic Regression
C0182,0,0,1.8e-05,Logistic Regression
C0183,0,0,9.5e-05,Logistic Regression
C0184,0,0,0.000483,Logistic Regression
C0185,0,0,6.4e-05,Logistic Regression
C0186,1,1,0.977051,Logistic Regression
C0187,0,0,0.053333,Logistic Regression
C0188,0,0,0.000227,Logistic Regression
C0189,0,0,6.3e-05,Logistic Regression
C0190,0,0,0.000907,Logistic Regression
C0191,0,0,0.00123,Logistic Regression
C0192,0,0,3.1e-05,Logistic Regression
C0193,0,0,0.024913,Logistic Regression
C0194,0,0,0.000108,Logistic Regression
C0195,0,0,0.00031,Logistic Regression
C0196,0,1,0.875165,Logistic Regression
C0197,0,0,0.000202,Logistic Regression
C0198,0,0,0.000728,Logistic Regression
C0199,0,0,0.000336,Logistic Regression
C0200,0,0,0.000106,Logistic Regression
C0201,0,0,4.8e-05,Logistic Regression
C0202,0,0,0.000589,Logistic Regression
C0203,0,0,5.2e-05,Logistic Regression
C0204,0,0,5.1e-05,Logistic Regression
C0205,0,0,0.000173,Logistic Regression
C0206,0,0,0.003922,Logistic Regression
C0207,0,0,0.000363,Logistic Regression
C0208,1,1,0.999941,Logistic Regression
C0209,0,0,3.4e-05,Logistic Regression
C0210,0,0,0.002694,Logistic Regression
C0211,0,0,0.000401,Logistic Regression
C0212,0,0,0.002067,Logistic Regression
C0213,0,0,0.012633,Logistic Regression
C0214,0,0,0.001547,Logistic Regression
C0215,0,0,0.003525,Logistic Regression
C0216,0,0,0.001064,Logistic Regression
C0217,0,0,0.000266,Logistic Regression
C0218,0,0,6e-06,Logistic Regression
C0219,0,0,0.492001,Logistic Regression
C0220,0,0,0.000141,Logistic Regression
C0221,0,0,1.7e-05,Logistic Regression
C0222,0,0,6.6e-05,Logistic Regression
C0223,0,0,0.000692,Logistic Regression
C0224,0,0,6.5e-05,Logistic Regression
C0225,0,0,0.001062,Logistic Regression
C0226,0,0,0.000292,Logistic Regression
C0227,0,0,0.003749,Logistic Regression
C0228,0,0,0.000572,Logistic Regression
C0229,0,0,0.001204,Logistic Regression
C0230,0,0,0.001143,Logistic Regression
C0231,0,0,0.000176,Logistic Regression
C0232,1,1,0.99944,Logistic Regression
C0233,0,0,0.00018,Logistic Regression
C0234,0,0,0.027026,Logistic Regression
C0235,0,0,0.059113,Logistic Regression
C0236,0,0,0.000764,Logistic Regression
C0237,0,0,0.001075,Logistic Regression
C0238,0,0,0.000144,Logistic Regression
C0239,0,0,0.000428,Logistic Regression
C0240,0,0,0.000251,Logistic Regression
C0241,0,0,0.00047,Logistic Regression
C0242,0,0,0.000918,Logistic Regression
C0243,0,0,0.00029,Logistic Regression
C0244,0,0,0.000499,Logistic Regression
C0245,0,0,0.042479,Logistic Regression
C0246,0,0,0.011158,Logistic Regression
C0247,0,1,0.584034,Logistic Regression
C0248,0,0,7.2e-05,Logistic Regression
C0249,0,0,0.217603,Logistic Regression
C0250,0,0,0.000672,Logistic Regression
C0251,0,0,0.001003,Logistic Regression
C0252,1,1,1.0,Logistic Regression
C0253,0,0,0.000198,Logistic Regression
C0254,0,0,0.000113,Logistic Regression
C0255,0,0,0.002521,Logistic Regression
C0256,0,0,0.000175,Logistic Regression
C0257,0,0,0.053697,Logistic Regression
C0258,0,0,0.003524,Logistic Regression
C0259,1,1,0.980372,Logistic Regression
C0260,0,0,2.5e-05,Logistic Regression
C0261,0,0,0.00025,Logistic Regression
C0262,0,0,8.4e-05,Logistic Regression
C0263,0,0,0.003486,Logistic Regression
C0264,0,0,0.00021,Logistic Regression
C0265,0,0,0.00016,Logistic Regression
C0266,0,0,0.001692,Logistic Regression
C0267,0,0,0.019179,Logistic Regression
C0268,0,0,0.000207,Logistic Regression
C0269,0,0,0.003558,Logistic Regression
C0270,0,0,0.00075,Logistic Regression
C0271,0,0,0.00012,Logistic Regression
C0272,0,0,0.00058,Logistic Regression
C0273,0,0,0.000551,Logistic Regression
C0274,0,0,0.000931,Logistic Regression
C0275,0,0,0.019433,Logistic Regression
C0276,0,0,5.9e-05,Logistic Regression
C0277,0,0,0.003166,Logistic Regression
C0278,0,0,0.012284,Logistic Regression
C0279,0,0,0.000338,Logistic Regression
C0280,0,0,0.000519,Logistic Regression
C0281,0,0,0.006341,Logistic Regression
C0282,0,0,3.4e-05,Logistic Regression
C0283,0,0,3.9e-05,Logistic Regression
C0284,0,0,8.1e-05,Logistic Regression
C0285,0,0,0.000104,Logistic Regression
C0286,0,0,0.000607,Logistic Regression
C0287,0,0,0.000504,Logistic Regression
C0288,0,0,7.2e-05,Logistic Regression
C0289,0,0,0.002898,Logistic Regression
C0290,1,1,0.960757,Logistic Regression
C0291,0,0,3.6e-05,Logistic Regression
C0292,0,0,2.1e-05,Logistic Regression
C0293,0,0,0.000525,Logistic Regression
C0294,0,0,0.272156,Logistic Regression
C0295,0,0,0.018449,Logistic Regression
C0296,0,0,0.034723,Logistic Regression
C0297,0,0,7.1e-05,Logistic Regression
C0298,0,0,1.9e-05,Logistic Regression
C0299,0,0,0.000566,Logistic Regression
C0300,0,0,0.000128,Logistic Regression
