customer_id,reference_date,last_purchase_date,recency_days,purchase_frequency,average_order_value,customer_activity,churned,predicted_churn,churn_probability,retention_risk,segment_name,selected_model
C0001,2025-12-31,2025-12-26,5,32,40.93,32,0,0,0.0,Low Risk,Low Activity Customers,Random Forest
C0002,2025-12-31,2025-11-07,54,39,45.69,35,0,0,0.0,Low Risk,Regular Customers,Random Forest
C0003,2025-12-31,2025-12-21,10,33,35.59,33,0,0,0.0,Low Risk,Low Activity Customers,Random Forest
C0004,2025-12-31,2025-11-20,41,47,42.12,47,0,0,0.0,Low Risk,High Value Customers,Random Forest
C0005,2025-12-31,2025-12-15,16,40,37.96,39,0,0,0.0,Low Risk,Regular Customers,Random Forest
C0006,2025-12-31,2025-12-04,27,33,35.86,33,0,0,0.0,Low Risk,Low Activity Customers,Random Forest
C0007,2025-12-31,2025-11-16,45,46,38.57,45,0,0,0.0,Low Risk,Regular Customers,Random Forest
C0008,2025-12-31,2025-11-28,33,45,44.74,45,0,0,0.0,Low Risk,High Value Customers,Random Forest
C0009,2025-12-31,2025-12-24,7,45,37.75,43,0,0,0.0,Low Risk,Regular Customers,Random Forest
C0010,2025-12-31,2025-11-20,41,46,35.01,46,0,0,0.0,Low Risk,Regular Customers,Random Forest
C0011,2025-12-31,2025-12-24,7,47,39.29,47,0,0,0.0,Low Risk,High Value Customers,Random Forest
C0012,2025-12-31,2025-12-28,3,32,32.02,32,0,0,0.0,Low Risk,Low Activity Customers,Random Forest
C0013,2025-12-31,2025-12-16,15,36,30.0,36,0,0,0.022365,Low Risk,Regular Customers,Random Forest
C0014,2025-12-31,2025-12-23,8,49,44.56,49,0,0,0.0,Low Risk,High Value Customers,Random Forest
C0015,2025-12-31,2025-12-19,12,41,36.43,40,0,0,0.0,Low Risk,Regular Customers,Random Forest
C0016,2025-12-31,2025-11-16,45,45,36.6,44,0,0,0.0,Low Risk,Regular Customers,Random Forest
C0017,2025-12-31,2025-12-25,6,35,36.64,35,0,0,0.0,Low Risk,Regular Customers,Random Forest
C0018,2025-12-31,2025-10-25,67,35,50.65,35,0,0,0.014912,Low Risk,Regular Customers,Random Forest
C0019,2025-12-31,2025-12-08,23,30,36.21,30,0,0,0.098919,Low Risk,Low Activity Customers,Random Forest
C0020,2025-12-31,2025-12-27,4,40,30.39,40,0,0,0.072981,Low Risk,Regular Customers,Random Forest
C0021,2025-12-31,2025-10-16,76,39,41.32,37,0,0,0.063416,Low Risk,Regular Customers,Random Forest
C0022,2025-12-31,2025-12-25,6,44,40.86,44,0,0,0.0,Low Risk,Regular Customers,Random Forest
C0023,2025-12-31,2025-12-29,2,45,56.94,45,0,0,0.03305,Low Risk,High Value Customers,Random Forest
C0024,2025-12-31,2025-11-14,47,43,38.93,40,0,0,0.0035,Low Risk,Regular Customers,Random Forest
C0025,2025-12-31,2025-12-30,1,42,43.12,40,0,0,0.0,Low Risk,Regular Customers,Random Forest
C0026,2025-12-31,2025-12-31,0,47,44.12,47,0,0,0.0,Low Risk,High Value Customers,Random Forest
C0027,2025-12-31,2025-12-27,4,46,40.2,46,0,0,0.0,Low Risk,High Value Customers,Random Forest
C0028,2025-12-31,2025-12-16,15,30,30.08,30,0,0,0.091185,Low Risk,Low Activity Customers,Random Forest
C0029,2025-12-31,2025-11-29,32,44,37.5,43,0,0,0.0,Low Risk,Regular Customers,Random Forest
C0030,2025-12-31,2025-11-01,60,47,42.95,44,0,0,0.022409,Low Risk,High Value Customers,Random Forest
C0031,2025-12-31,2025-12-21,10,40,40.59,38,0,0,0.0,Low Risk,Regular Customers,Random Forest
C0032,2025-12-31,2025-12-08,23,42,29.83,42,0,0,0.088377,Low Risk,Regular Customers,Random Forest
C0033,2025-12-31,2025-12-20,11,37,33.76,37,0,0,0.003652,Low Risk,Regular Customers,Random Forest
C0034,2025-12-31,2025-12-04,27,41,40.09,41,0,0,0.0,Low Risk,Regular Customers,Random Forest
C0035,2025-12-31,2025-12-20,11,42,49.03,39,0,0,0.0,Low Risk,Regular Customers,Random Forest
C0036,2025-12-31,2025-12-17,14,44,40.74,42,0,0,0.0,Low Risk,Regular Customers,Random Forest
C0037,2025-12-31,2025-12-12,19,56,44.68,54,0,0,0.0,Low Risk,High Value Customers,Random Forest
C0038,2025-12-31,2025-12-30,1,50,43.47,48,0,0,0.0,Low Risk,High Value Customers,Random Forest
C0039,2025-12-31,2025-12-21,10,50,40.33,49,0,0,0.0,Low Risk,High Value Customers,Random Forest
C0040,2025-12-31,2025-12-07,24,31,37.66,31,0,0,0.041522,Low Risk,Low Activity Customers,Random Forest
C0041,2025-12-31,2025-12-06,25,45,42.25,44,0,0,0.0,Low Risk,Regular Customers,Random Forest
C0042,2025-12-31,2025-12-23,8,38,38.31,38,0,0,0.0,Low Risk,Regular Customers,Random Forest
C0043,2025-12-31,2025-12-26,5,41,43.79,40,0,0,0.0,Low Risk,Regular Customers,Random Forest
C0044,2025-12-31,2025-12-25,6,40,40.98,40,0,0,0.0,Low Risk,Regular Customers,Random Forest
C0045,2025-12-31,2025-12-04,27,50,35.57,50,0,0,0.0,Low Risk,High Value Customers,Random Forest
C0046,2025-12-31,2025-12-07,24,48,48.06,48,0,0,0.0,Low Risk,High Value Customers,Random Forest
C0047,2025-12-31,2025-11-30,31,41,41.19,40,0,0,0.0,Low Risk,Regular Customers,Random Forest
C0048,2025-12-31,2025-12-01,30,26,48.46,26,0,0,0.195737,Low Risk,Low Activity Customers,Random Forest
C0049,2025-12-31,2025-12-19,12,31,28.15,31,0,0,0.033042,Low Risk,Low Activity Customers,Random Forest
C0050,2025-12-31,2025-12-09,22,36,38.62,36,0,0,0.003778,Low Risk,Regular Customers,Random Forest
C0051,2025-12-31,2025-11-02,59,31,42.74,31,0,0,0.066426,Low Risk,Low Activity Customers,Random Forest
C0052,2025-12-31,2025-12-22,9,48,30.86,47,0,0,0.084154,Low Risk,Regular Customers,Random Forest
C0053,2025-12-31,2025-12-24,7,43,43.89,43,0,0,0.0035,Low Risk,Regular Customers,Random Forest
C0054,2025-12-31,2025-12-13,18,45,35.56,43,0,0,0.0,Low Risk,Regular Customers,Random Forest
C0055,2025-12-31,2025-12-24,7,47,34.57,46,0,0,0.0,Low Risk,Regular Customers,Random Forest
C0056,2025-12-31,2025-12-30,1,44,37.83,44,0,0,0.0,Low Risk,Regular Customers,Random Forest
C0057,2025-12-31,2025-12-11,20,37,32.93,37,0,0,0.007304,Low Risk,Regular Customers,Random Forest
C0058,2025-12-31,2025-12-24,7,41,38.15,40,0,0,0.0,Low Risk,Regular Customers,Random Forest
C0059,2025-12-31,2025-12-27,4,49,34.89,49,0,0,0.0,Low Risk,High Value Customers,Random Forest
C0060,2025-12-31,2025-12-31,0,38,43.89,37,0,0,0.003852,Low Risk,Regular Customers,Random Forest
C0061,2025-12-31,2025-11-12,49,36,38.92,34,0,0,0.0,Low Risk,Regular Customers,Random Forest
C0062,2025-12-31,2025-12-29,2,50,39.31,50,0,0,0.0,Low Risk,High Value Customers,Random Forest
C0063,2025-12-31,2025-12-01,30,35,40.95,35,0,0,0.0,Low Risk,Regular Customers,Random Forest
C0064,2025-12-31,2025-12-25,6,40,45.56,38,0,0,0.0,Low Risk,Regular Customers,Random Forest
C0065,2025-12-31,2025-12-27,4,41,42.18,41,0,0,0.0,Low Risk,Regular Customers,Random Forest
C0066,2025-12-31,2025-11-23,38,36,34.76,35,0,0,0.0,Low Risk,Regular Customers,Random Forest
C0067,2025-12-31,2025-12-31,0,50,43.99,49,0,0,0.0,Low Risk,High Value Customers,Random Forest
C0068,2025-12-31,2025-11-03,58,39,37.07,39,0,0,0.003818,Low Risk,Regular Customers,Random Forest
C0069,2025-12-31,2025-12-16,15,48,42.92,47,0,0,0.0,Low Risk,High Value Customers,Random Forest
C0070,2025-12-31,2025-11-09,52,40,50.94,40,0,0,0.0,Low Risk,Regular Customers,Random Forest
C0071,2025-12-31,2025-12-31,0,39,36.15,38,0,0,0.0,Low Risk,Regular Customers,Random Forest
C0072,2025-12-31,2025-12-10,21,47,64.12,47,0,0,0.03305,Low Risk,High Value Customers,Random Forest
C0073,2025-12-31,2025-12-20,11,43,43.62,43,0,0,0.0035,Low Risk,Regular Customers,Random Forest
C0074,2025-12-31,2025-12-28,3,36,38.69,36,0,0,0.0,Low Risk,Regular Customers,Random Forest
C0075,2025-12-31,2025-12-09,22,47,46.72,45,0,0,0.0,Low Risk,High Value Customers,Random Forest
C0076,2025-12-31,2025-12-19,12,37,37.33,37,0,0,0.0,Low Risk,Regular Customers,Random Forest
C0077,2025-12-31,2025-11-19,42,40,31.76,40,0,0,0.026773,Low Risk,Regular Customers,Random Forest
C0078,2025-12-31,2025-12-26,5,45,37.63,44,0,0,0.0,Low Risk,Regular Customers,Random Forest
C0079,2025-12-31,2025-12-07,24,36,35.74,35,0,0,0.0,Low Risk,Regular Customers,Random Forest
C0080,2025-12-31,2025-12-13,18,38,49.32,38,0,0,0.0,Low Risk,Regular Customers,Random Forest
C0081,2025-12-31,2025-12-14,17,31,32.05,31,0,0,0.021704,Low Risk,Low Activity Customers,Random Forest
C0082,2025-12-31,2025-11-14,47,39,35.5,38,0,0,0.0,Low Risk,Regular Customers,Random Forest
C0083,2025-12-31,2025-11-15,46,52,34.37,48,0,0,0.0,Low Risk,High Value Customers,Random Forest
C0084,2025-12-31,2025-12-06,25,40,41.79,40,0,0,0.0,Low Risk,Regular Customers,Random Forest
C0085,2025-12-31,2025-10-07,85,33,35.57,33,0,0,0.227616,Low Risk,Low Activity Customers,Random Forest
C0086,2025-12-31,2025-12-26,5,46,48.44,45,0,0,0.0,Low Risk,High Value Customers,Random Forest
C0087,2025-12-31,2025-12-27,4,33,34.9,32,0,0,0.0,Low Risk,Low Activity Customers,Random Forest
C0088,2025-12-31,2025-12-12,19,39,50.3,38,0,0,0.0,Low Risk,Regular Customers,Random Forest
C0089,2025-12-31,2025-12-25,6,49,41.42,48,0,0,0.0,Low Risk,High Value Customers,Random Forest
C0090,2025-12-31,2025-12-29,2,42,43.88,42,0,0,0.0,Low Risk,Regular Customers,Random Forest
C0091,2025-12-31,2025-12-29,2,32,49.74,31,0,0,0.0038,Low Risk,Low Activity Customers,Random Forest
C0092,2025-12-31,2025-12-25,6,37,34.45,36,0,0,0.0,Low Risk,Regular Customers,Random Forest
C0093,2025-12-31,2025-12-27,4,47,38.01,47,0,0,0.0,Low Risk,High Value Customers,Random Forest
C0094,2025-12-31,2025-12-03,28,42,42.67,42,0,0,0.0,Low Risk,Regular Customers,Random Forest
C0095,2025-12-31,2025-12-30,1,38,39.5,38,0,0,0.0,Low Risk,Regular Customers,Random Forest
C0096,2025-12-31,2025-11-20,41,41,52.86,38,0,0,0.007336,Low Risk,Regular Customers,Random Forest
C0097,2025-12-31,2025-12-13,18,38,36.94,38,0,0,0.0,Low Risk,Regular Customers,Random Forest
C0098,2025-12-31,2025-12-11,20,44,50.7,44,0,0,0.0,Low Risk,High Value Customers,Random Forest
C0099,2025-12-31,2025-12-12,19,39,38.11,37,0,0,0.0,Low Risk,Regular Customers,Random Forest
C0100,2025-12-31,2025-11-14,47,21,40.04,21,0,0,0.19491,Low Risk,Low Activity Customers,Random Forest
C0101,2025-12-31,2025-12-08,23,32,37.72,32,0,0,0.0,Low Risk,Low Activity Customers,Random Forest
C0102,2025-12-31,2025-12-22,9,40,36.79,39,0,0,0.0,Low Risk,Regular Customers,Random Forest
C0103,2025-12-31,2025-11-09,52,36,49.0,35,0,0,0.007589,Low Risk,Regular Customers,Random Forest
C0104,2025-12-31,2025-11-10,51,51,44.57,51,0,0,0.0,Low Risk,High Value Customers,Random Forest
C0105,2025-12-31,2025-11-06,55,35,44.5,35,0,0,0.0,Low Risk,Regular Customers,Random Forest
C0106,2025-12-31,2025-12-13,18,32,36.82,32,0,0,0.0,Low Risk,Low Activity Customers,Random Forest
C0107,2025-12-31,2025-12-31,0,41,29.76,41,0,0,0.076961,Low Risk,Regular Customers,Random Forest
C0108,2025-12-31,2025-12-11,20,47,42.09,46,0,0,0.0,Low Risk,High Value Customers,Random Forest
C0109,2025-12-31,2025-12-13,18,25,29.76,25,0,0,0.091797,Low Risk,Low Activity Customers,Random Forest
C0110,2025-12-31,2025-12-04,27,29,33.96,29,0,0,0.099584,Low Risk,Low Activity Customers,Random Forest
C0111,2025-12-31,2025-12-13,18,46,51.02,46,0,0,0.0,Low Risk,High Value Customers,Random Forest
C0112,2025-12-31,2025-12-29,2,30,37.23,30,0,0,0.110615,Low Risk,Low Activity Customers,Random Forest
C0113,2025-12-31,2025-12-31,0,49,39.97,48,0,0,0.0,Low Risk,High Value Customers,Random Forest
C0114,2025-12-31,2025-12-29,2,37,42.78,37,0,0,0.003852,Low Risk,Regular Customers,Random Forest
C0115,2025-12-31,2025-12-29,2,45,35.23,41,0,0,0.0,Low Risk,Regular Customers,Random Forest
C0116,2025-12-31,2025-07-20,164,38,34.51,35,1,1,0.833181,High Risk,Regular Customers,Random Forest
C0117,2025-12-31,2025-12-02,29,36,38.56,34,0,0,0.0,Low Risk,Regular Customers,Random Forest
C0118,2025-12-31,2025-10-31,61,35,47.55,35,0,0,0.003818,Low Risk,Regular Customers,Random Forest
C0119,2025-12-31,2025-12-21,10,43,38.17,42,0,0,0.0035,Low Risk,Regular Customers,Random Forest
C0120,2025-12-31,2025-12-29,2,37,43.63,36,0,0,0.003852,Low Risk,Regular Customers,Random Forest
C0121,2025-12-31,2025-12-19,12,44,41.49,44,0,0,0.0,Low Risk,Regular Customers,Random Forest
C0122,2025-12-31,2025-11-22,39,51,36.93,48,0,0,0.0,Low Risk,High Value Customers,Random Forest
C0123,2025-12-31,2025-12-10,21,34,36.46,32,0,0,0.0,Low Risk,Low Activity Customers,Random Forest
C0124,2025-12-31,2025-12-06,25,38,44.25,38,0,0,0.0,Low Risk,Regular Customers,Random Forest
C0125,2025-12-31,2025-12-10,21,30,36.53,30,0,0,0.106781,Low Risk,Low Activity Customers,Random Forest
C0126,2025-12-31,2025-12-26,5,36,41.63,36,0,0,0.003852,Low Risk,Regular Customers,Random Forest
C0127,2025-12-31,2025-12-25,6,40,40.68,40,0,0,0.0,Low Risk,Regular Customers,Random Forest
C0128,2025-12-31,2025-12-17,14,37,40.91,37,0,0,0.0,Low Risk,Regular Customers,Random Forest
C0129,2025-12-31,2025-11-06,55,42,35.01,41,0,0,0.0,Low Risk,Regular Customers,Random Forest
C0130,2025-12-31,2025-12-21,10,46,31.88,45,0,0,0.007311,Low Risk,Regular Customers,Random Forest
C0131,2025-12-31,2025-12-28,3,26,33.82,26,0,0,0.091797,Low Risk,Low Activity Customers,Random Forest
C0132,2025-12-31,2025-12-28,3,39,51.09,39,0,0,0.0,Low Risk,Regular Customers,Random Forest
C0133,2025-12-31,2025-12-23,8,40,43.85,39,0,0,0.0,Low Risk,Regular Customers,Random Forest
C0134,2025-12-31,2025-11-13,48,45,37.39,44,0,0,0.0,Low Risk,Regular Customers,Random Forest
C0135,2025-12-31,2025-12-09,22,39,39.05,39,0,0,0.0,Low Risk,Regular Customers,Random Forest
C0136,2025-12-31,2025-12-30,1,37,38.3,37,0,0,0.0,Low Risk,Regular Customers,Random Forest
C0137,2025-12-31,2025-12-26,5,37,38.49,37,0,0,0.0,Low Risk,Regular Customers,Random Forest
C0138,2025-12-31,2025-11-14,47,39,43.17,39,0,0,0.0,Low Risk,Regular Customers,Random Forest
C0139,2025-12-31,2025-12-16,15,37,34.52,37,0,0,0.003652,Low Risk,Regular Customers,Random Forest
C0140,2025-12-31,2025-12-16,15,45,39.79,45,0,0,0.0,Low Risk,Regular Customers,Random Forest
C0141,2025-12-31,2025-11-30,31,47,39.59,44,0,0,0.0,Low Risk,Regular Customers,Random Forest
C0142,2025-12-31,2025-09-16,106,37,27.78,37,1,1,0.995472,High Risk,Regular Customers,Random Forest
C0143,2025-12-31,2025-12-30,1,41,37.02,41,0,0,0.0,Low Risk,Regular Customers,Random Forest
C0144,2025-12-31,2025-12-11,20,33,42.05,31,0,0,0.0,Low Risk,Low Activity Customers,Random Forest
C0145,2025-12-31,2025-11-16,45,42,28.44,41,0,0,0.092086,Low Risk,Regular Customers,Random Forest
C0146,2025-12-31,2025-12-21,10,50,44.43,50,0,0,0.0,Low Risk,High Value Customers,Random Forest
C0147,2025-12-31,2025-11-27,34,32,33.27,32,0,0,0.0,Low Risk,Low Activity Customers,Random Forest
C0148,2025-12-31,2025-12-14,17,40,44.8,39,0,0,0.0,Low Risk,Regular Customers,Random Forest
C0149,2025-12-31,2025-10-23,69,41,42.55,40,0,0,0.062862,Low Risk,Regular Customers,Random Forest
C0150,2025-12-31,2025-11-26,35,36,37.66,36,0,0,0.007444,Low Risk,Regular Customers,Random Forest
C0151,2025-12-31,2025-10-16,76,37,34.27,34,0,0,0.037463,Low Risk,Regular Customers,Random Forest
C0152,2025-12-31,2025-11-12,49,37,35.87,35,0,0,0.0,Low Risk,Regular Customers,Random Forest
C0153,2025-12-31,2025-12-17,14,45,47.03,42,0,0,0.0,Low Risk,Regular Customers,Random Forest
C0154,2025-12-31,2025-12-21,10,34,36.07,34,0,0,0.0,Low Risk,Low Activity Customers,Random Forest
C0155,2025-12-31,2025-11-01,60,40,38.76,40,0,0,0.011152,Low Risk,Regular Customers,Random Forest
C0156,2025-12-31,2025-11-16,45,39,39.02,39,0,0,0.0,Low Risk,Regular Customers,Random Forest
C0157,2025-12-31,2025-12-10,21,37,45.09,36,0,0,0.003852,Low Risk,Regular Customers,Random Forest
C0158,2025-12-31,2025-11-26,35,40,38.5,40,0,0,0.0,Low Risk,Regular Customers,Random Forest
C0159,2025-12-31,2025-12-24,7,46,42.74,45,0,0,0.0,Low Risk,High Value Customers,Random Forest
C0160,2025-12-31,2025-11-13,48,42,34.33,42,0,0,0.0,Low Risk,Regular Customers,Random Forest
C0161,2025-12-31,2025-11-10,51,38,46.06,38,0,0,0.0,Low Risk,Regular Customers,Random Forest
C0162,2025-12-31,2025-12-20,11,27,44.26,27,0,0,0.195737,Low Risk,Low Activity Customers,Random Forest
C0163,2025-12-31,2025-10-13,79,40,37.36,40,0,0,0.092844,Low Risk,Regular Customers,Random Forest
C0164,2025-12-31,2025-11-23,38,33,35.52,33,0,0,0.0,Low Risk,Low Activity Customers,Random Forest
C0165,2025-12-31,2025-12-20,11,45,47.66,44,0,0,0.0,Low Risk,High Value Customers,Random Forest
C0166,2025-12-31,2025-11-23,38,40,31.47,36,0,0,0.076421,Low Risk,Regular Customers,Random Forest
C0167,2025-12-31,2025-10-27,65,36,50.13,35,0,0,0.018702,Low Risk,Regular Customers,Random Forest
C0168,2025-12-31,2025-11-15,46,42,41.75,42,0,0,0.0,Low Risk,Regular Customers,Random Forest
C0169,2025-12-31,2025-11-12,49,38,46.41,38,0,0,0.0,Low Risk,Regular Customers,Random Forest
C0170,2025-12-31,2025-11-27,34,43,37.25,41,0,0,0.0035,Low Risk,Regular Customers,Random Forest
C0171,2025-12-31,2025-12-23,8,45,37.41,44,0,0,0.0,Low Risk,Regular Customers,Random Forest
C0172,2025-12-31,2025-12-23,8,34,45.25,34,0,0,0.0,Low Risk,Regular Customers,Random Forest
C0173,2025-12-31,2025-12-17,14,38,31.12,35,0,0,0.061572,Low Risk,Regular Customers,Random Forest
C0174,2025-12-31,2025-12-08,23,32,34.64,32,0,0,0.0,Low Risk,Low Activity Customers,Random Forest
C0175,2025-12-31,2025-12-30,1,51,36.23,49,0,0,0.0,Low Risk,High Value Customers,Random Forest
C0176,2025-12-31,2025-12-17,14,38,32.47,38,0,0,0.0,Low Risk,Regular Customers,Random Forest
C0177,2025-12-31,2025-12-15,16,40,37.08,38,0,0,0.0,Low Risk,Regular Customers,Random Forest
C0178,2025-12-31,2025-11-22,39,39,39.16,39,0,0,0.0,Low Risk,Regular Customers,Random Forest
C0179,2025-12-31,2025-12-04,27,38,38.43,38,0,0,0.0,Low Risk,Regular Customers,Random Forest
C0180,2025-12-31,2025-12-18,13,45,31.21,45,0,0,0.095401,Low Risk,Regular Customers,Random Forest
C0181,2025-12-31,2025-12-07,24,39,35.68,39,0,0,0.0,Low Risk,Regular Customers,Random Forest
C0182,2025-12-31,2025-12-29,2,49,31.8,49,0,0,0.011311,Low Risk,Regular Customers,Random Forest
C0183,2025-12-31,2025-12-30,1,38,43.2,38,0,0,0.0,Low Risk,Regular Customers,Random Forest
C0184,2025-12-31,2025-12-19,12,36,42.08,36,0,0,0.003852,Low Risk,Regular Customers,Random Forest
C0185,2025-12-31,2025-12-21,10,47,38.79,47,0,0,0.0,Low Risk,High Value Customers,Random Forest
C0186,2025-12-31,2025-09-23,99,30,38.5,28,1,1,0.993998,High Risk,Low Activity Customers,Random Forest
C0187,2025-12-31,2025-10-26,66,46,37.18,46,0,0,0.051862,Low Risk,Regular Customers,Random Forest
C0188,2025-12-31,2025-12-26,5,36,40.54,35,0,0,0.0,Low Risk,Regular Customers,Random Forest
C0189,2025-12-31,2025-12-23,8,46,42.35,45,0,0,0.0,Low Risk,High Value Customers,Random Forest
C0190,2025-12-31,2025-12-20,11,32,27.55,31,0,0,0.018613,Low Risk,Low Activity Customers,Random Forest
C0191,2025-12-31,2025-11-28,33,46,35.23,45,0,0,0.0,Low Risk,Regular Customers,Random Forest
C0192,2025-12-31,2025-12-30,1,45,38.01,45,0,0,0.0,Low Risk,Regular Customers,Random Forest
C0193,2025-12-31,2025-11-10,51,40,35.18,40,0,0,0.0,Low Risk,Regular Customers,Random Forest
C0194,2025-12-31,2025-12-29,2,38,38.42,38,0,0,0.0,Low Risk,Regular Customers,Random Forest
C0195,2025-12-31,2025-12-20,11,38,42.95,38,0,0,0.0,Low Risk,Regular Customers,Random Forest
C0196,2025-12-31,2025-10-04,88,33,46.72,31,0,0,0.363284,Low Risk,Low Activity Customers,Random Forest
C0197,2025-12-31,2025-12-14,17,45,41.92,45,0,0,0.0,Low Risk,Regular Customers,Random Forest
C0198,2025-12-31,2025-12-01,30,47,38.75,46,0,0,0.0,Low Risk,High Value Customers,Random Forest
C0199,2025-12-31,2025-12-14,17,42,32.1,42,0,0,0.0,Low Risk,Regular Customers,Random Forest
C0200,2025-12-31,2025-12-25,6,41,40.57,41,0,0,0.0,Low Risk,Regular Customers,Random Forest
C0201,2025-12-31,2025-12-30,1,43,49.68,41,0,0,0.0035,Low Risk,Regular Customers,Random Forest
C0202,2025-12-31,2025-12-08,23,44,42.44,41,0,0,0.0,Low Risk,Regular Customers,Random Forest
C0203,2025-12-31,2025-12-27,4,44,33.39,44,0,0,0.0,Low Risk,Regular Customers,Random Forest
C0204,2025-12-31,2025-12-22,9,49,36.46,46,0,0,0.0,Low Risk,High Value Customers,Random Forest
C0205,2025-12-31,2025-12-26,5,37,59.49,37,0,0,0.05191,Low Risk,Regular Customers,Random Forest
C0206,2025-12-31,2025-12-01,30,36,54.45,36,0,0,0.078395,Low Risk,Regular Customers,Random Forest
C0207,2025-12-31,2025-12-27,4,32,37.69,32,0,0,0.0,Low Risk,Low Activity Customers,Random Forest
C0208,2025-12-31,2025-08-02,151,30,46.31,30,1,1,0.993342,High Risk,Low Activity Customers,Random Forest
C0209,2025-12-31,2025-12-29,2,45,40.52,45,0,0,0.0,Low Risk,Regular Customers,Random Forest
C0210,2025-12-31,2025-11-29,32,40,37.13,40,0,0,0.0,Low Risk,Regular Customers,Random Forest
C0211,2025-12-31,2025-12-17,14,39,43.31,38,0,0,0.0,Low Risk,Regular Customers,Random Forest
C0212,2025-12-31,2025-11-25,36,45,33.57,44,0,0,0.0,Low Risk,Regular Customers,Random Forest
C0213,2025-12-31,2025-11-15,46,41,38.02,40,0,0,0.0,Low Risk,Regular Customers,Random Forest
C0214,2025-12-31,2025-11-17,44,53,34.14,51,0,0,0.0,Low Risk,High Value Customers,Random Forest
C0215,2025-12-31,2025-11-30,31,38,39.3,37,0,0,0.0,Low Risk,Regular Customers,Random Forest
C0216,2025-12-31,2025-12-17,14,34,29.44,31,0,0,0.022293,Low Risk,Low Activity Customers,Random Forest
C0217,2025-12-31,2025-12-30,1,32,49.15,31,0,0,0.0038,Low Risk,Low Activity Customers,Random Forest
C0218,2025-12-31,2025-12-23,8,60,39.25,60,0,0,0.0,Low Risk,High Value Customers,Random Forest
C0219,2025-12-31,2025-10-28,64,27,40.96,27,0,0,0.276392,Low Risk,Low Activity Customers,Random Forest
C0220,2025-12-31,2025-12-12,19,49,46.95,48,0,0,0.0,Low Risk,High Value Customers,Random Forest
C0221,2025-12-31,2025-12-27,4,51,38.94,51,0,0,0.0,Low Risk,High Value Customers,Random Forest
C0222,2025-12-31,2025-12-31,0,40,41.47,39,0,0,0.0,Low Risk,Regular Customers,Random Forest
C0223,2025-12-31,2025-12-04,27,45,48.84,44,0,0,0.0,Low Risk,High Value Customers,Random Forest
C0224,2025-12-31,2025-12-25,6,44,39.01,44,0,0,0.0,Low Risk,Regular Customers,Random Forest
C0225,2025-12-31,2025-12-07,24,40,31.78,40,0,0,0.015311,Low Risk,Regular Customers,Random Forest
C0226,2025-12-31,2025-12-04,27,50,40.87,50,0,0,0.0,Low Risk,High Value Customers,Random Forest
C0227,2025-12-31,2025-11-22,39,43,40.47,43,0,0,0.0035,Low Risk,Regular Customers,Random Forest
C0228,2025-12-31,2025-12-21,10,34,36.26,33,0,0,0.0,Low Risk,Low Activity Customers,Random Forest
C0229,2025-12-31,2025-12-06,25,40,59.37,39,0,0,0.03665,Low Risk,Regular Customers,Random Forest
C0230,2025-12-31,2025-12-13,18,35,46.11,35,0,0,0.0,Low Risk,Regular Customers,Random Forest
C0231,2025-12-31,2025-12-29,2,35,38.53,35,0,0,0.0,Low Risk,Regular Customers,Random Forest
C0232,2025-12-31,2025-08-04,149,43,31.68,42,1,1,0.985328,High Risk,Regular Customers,Random Forest
C0233,2025-12-31,2025-12-26,5,37,42.46,37,0,0,0.003852,Low Risk,Regular Customers,Random Forest
C0234,2025-12-31,2025-11-12,49,38,37.72,38,0,0,0.0,Low Risk,Regular Customers,Random Forest
C0235,2025-12-31,2025-11-08,53,36,60.0,35,0,0,0.059382,Low Risk,Regular Customers,Random Forest
C0236,2025-12-31,2025-12-09,22,41,30.85,40,0,0,0.08058,Low Risk,Regular Customers,Random Forest
C0237,2025-12-31,2025-11-24,37,50,46.18,48,0,0,0.0,Low Risk,High Value Customers,Random Forest
C0238,2025-12-31,2025-12-28,3,37,35.98,37,0,0,0.003652,Low Risk,Regular Customers,Random Forest
C0239,2025-12-31,2025-12-24,7,33,50.95,33,0,0,0.0038,Low Risk,Low Activity Customers,Random Forest
C0240,2025-12-31,2025-12-19,12,40,44.32,40,0,0,0.0,Low Risk,Regular Customers,Random Forest
C0241,2025-12-31,2025-12-15,16,39,47.17,39,0,0,0.0,Low Risk,Regular Customers,Random Forest
C0242,2025-12-31,2025-12-12,19,37,51.9,37,0,0,0.015206,Low Risk,Regular Customers,Random Forest
C0243,2025-12-31,2025-12-13,18,44,34.95,43,0,0,0.0,Low Risk,Regular Customers,Random Forest
C0244,2025-12-31,2025-12-20,11,35,47.28,35,0,0,0.0,Low Risk,Regular Customers,Random Forest
C0245,2025-12-31,2025-11-16,45,32,53.86,32,0,0,0.033457,Low Risk,Low Activity Customers,Random Forest
C0246,2025-12-31,2025-11-25,36,34,45.39,34,0,0,0.0,Low Risk,Regular Customers,Random Forest
C0247,2025-12-31,2025-10-17,75,33,49.67,32,0,0,0.037485,Low Risk,Low Activity Customers,Random Forest
C0248,2025-12-31,2025-12-28,3,42,43.3,40,0,0,0.0,Low Risk,Regular Customers,Random Forest
C0249,2025-12-31,2025-10-13,79,46,39.47,45,0,0,0.096475,Low Risk,Regular Customers,Random Forest
C0250,2025-12-31,2025-12-21,10,33,36.68,32,0,0,0.0,Low Risk,Low Activity Customers,Random Forest
C0251,2025-12-31,2025-12-06,25,41,37.57,41,0,0,0.0,Low Risk,Regular Customers,Random Forest
C0252,2025-12-31,2025-06-26,188,26,54.51,25,1,1,0.973173,High Risk,Low Activity Customers,Random Forest
C0253,2025-12-31,2025-12-23,8,39,42.67,38,0,0,0.0,Low Risk,Regular Customers,Random Forest
C0254,2025-12-31,2025-12-23,8,42,45.64,42,0,0,0.0,Low Risk,Regular Customers,Random Forest
C0255,2025-12-31,2025-11-24,37,44,40.19,44,0,0,0.0,Low Risk,Regular Customers,Random Forest
C0256,2025-12-31,2025-12-25,6,38,33.54,38,0,0,0.0,Low Risk,Regular Customers,Random Forest
C0257,2025-12-31,2025-11-01,60,42,38.18,41,0,0,0.011152,Low Risk,Regular Customers,Random Forest
C0258,2025-12-31,2025-12-06,25,34,43.72,32,0,0,0.0,Low Risk,Low Activity Customers,Random Forest
C0259,2025-12-31,2025-09-21,101,30,42.68,29,1,1,0.998947,High Risk,Low Activity Customers,Random Forest
C0260,2025-12-31,2025-12-30,1,47,42.93,45,0,0,0.0,Low Risk,High Value Customers,Random Forest
C0261,2025-12-31,2025-12-28,3,34,37.55,33,0,0,0.0,Low Risk,Low Activity Customers,Random Forest
C0262,2025-12-31,2025-12-29,2,40,35.14,39,0,0,0.0,Low Risk,Regular Customers,Random Forest
C0263,2025-12-31,2025-12-03,28,36,31.07,35,0,0,0.022365,Low Risk,Regular Customers,Random Forest
C0264,2025-12-31,2025-12-25,6,37,25.84,37,0,0,0.056049,Low Risk,Regular Customers,Random Forest
C0265,2025-12-31,2025-12-22,9,41,43.62,40,0,0,0.0,Low Risk,Regular Customers,Random Forest
C0266,2025-12-31,2025-12-14,17,32,35.48,32,0,0,0.0,Low Risk,Low Activity Customers,Random Forest
C0267,2025-12-31,2025-11-19,42,35,43.48,35,0,0,0.0,Low Risk,Regular Customers,Random Forest
C0268,2025-12-31,2025-12-17,14,43,47.17,42,0,0,0.0035,Low Risk,Regular Customers,Random Forest
C0269,2025-12-31,2025-11-29,32,39,45.49,37,0,0,0.003852,Low Risk,Regular Customers,Random Forest
C0270,2025-12-31,2025-12-14,17,37,35.91,37,0,0,0.003652,Low Risk,Regular Customers,Random Forest
C0271,2025-12-31,2025-12-28,3,38,42.76,38,0,0,0.0,Low Risk,Regular Customers,Random Forest
C0272,2025-12-31,2025-12-16,15,37,45.9,37,0,0,0.007641,Low Risk,Regular Customers,Random Forest
C0273,2025-12-31,2025-12-13,18,40,39.02,39,0,0,0.0,Low Risk,Regular Customers,Random Forest
C0274,2025-12-31,2025-12-28,3,26,30.24,25,0,0,0.091797,Low Risk,Low Activity Customers,Random Forest
C0275,2025-12-31,2025-11-27,34,29,51.63,29,0,0,0.20823,Low Risk,Low Activity Customers,Random Forest
C0276,2025-12-31,2025-12-27,4,44,40.99,42,0,0,0.0,Low Risk,Regular Customers,Random Forest
C0277,2025-12-31,2025-11-13,48,51,39.76,50,0,0,0.0,Low Risk,High Value Customers,Random Forest
C0278,2025-12-31,2025-11-18,43,39,37.75,38,0,0,0.0,Low Risk,Regular Customers,Random Forest
C0279,2025-12-31,2025-12-22,9,36,43.68,36,0,0,0.003852,Low Risk,Regular Customers,Random Forest
C0280,2025-12-31,2025-12-08,23,44,39.3,43,0,0,0.0,Low Risk,Regular Customers,Random Forest
C0281,2025-12-31,2025-11-25,36,38,39.4,37,0,0,0.0,Low Risk,Regular Customers,Random Forest
C0282,2025-12-31,2025-12-29,2,45,45.45,45,0,0,0.0,Low Risk,High Value Customers,Random Forest
C0283,2025-12-31,2025-12-30,1,44,38.16,43,0,0,0.0,Low Risk,Regular Customers,Random Forest
C0284,2025-12-31,2025-12-20,11,47,46.07,45,0,0,0.0,Low Risk,High Value Customers,Random Forest
C0285,2025-12-31,2025-12-21,10,44,42.77,44,0,0,0.0,Low Risk,Regular Customers,Random Forest
C0286,2025-12-31,2025-12-13,18,39,38.66,39,0,0,0.0,Low Risk,Regular Customers,Random Forest
C0287,2025-12-31,2025-12-07,24,45,31.89,44,0,0,0.007311,Low Risk,Regular Customers,Random Forest
C0288,2025-12-31,2025-12-31,0,39,42.51,39,0,0,0.0,Low Risk,Regular Customers,Random Forest
C0289,2025-12-31,2025-12-08,23,33,38.31,33,0,0,0.0,Low Risk,Low Activity Customers,Random Forest
C0290,2025-12-31,2025-09-18,104,36,53.96,36,1,1,0.989345,High Risk,Regular Customers,Random Forest
C0291,2025-12-31,2025-12-29,2,46,33.06,43,0,0,0.0,Low Risk,Regular Customers,Random Forest
C0292,2025-12-31,2025-12-29,2,48,38.24,48,0,0,0.0,Low Risk,High Value Customers,Random Forest
C0293,2025-12-31,2025-12-23,8,33,41.76,32,0,0,0.0,Low Risk,Low Activity Customers,Random Forest
C0294,2025-12-31,2025-10-23,69,37,33.37,36,0,0,0.026208,Low Risk,Regular Customers,Random Forest
C0295,2025-12-31,2025-11-11,50,41,47.36,41,0,0,0.0,Low Risk,Regular Customers,Random Forest
C0296,2025-12-31,2025-11-21,40,30,28.34,30,0,0,0.094919,Low Risk,Low Activity Customers,Random Forest
C0297,2025-12-31,2025-12-23,8,45,36.69,45,0,0,0.0,Low Risk,Regular Customers,Random Forest
C0298,2025-12-31,2025-12-27,4,50,38.36,50,0,0,0.0,Low Risk,High Value Customers,Random Forest
C0299,2025-12-31,2025-12-12,19,41,36.84,39,0,0,0.0,Low Risk,Regular Customers,Random Forest
C0300,2025-12-31,2025-12-06,25,54,43.26,53,0,0,0.0,Low Risk,High Value Customers,Random Forest
