id,product_id,stock_level,reorder_point
1,FUR-BO-10000112,107,30
2,FUR-BO-10000330,97,30
3,FUR-BO-10000362,19,15
4,FUR-BO-10000468,111,15
5,FUR-BO-10000711,76,20
6,FUR-BO-10000780,25,15
7,FUR-BO-10001337,107,30
8,FUR-BO-10001519,126,20
9,FUR-BO-10001567,79,20
10,FUR-BO-10001601,92,20
11,FUR-BO-10001608,121,30
12,FUR-BO-10001619,104,25
13,FUR-BO-10001798,108,30
14,FUR-BO-10001811,135,15
15,FUR-BO-10001918,57,15
16,FUR-BO-10001972,6,30
17,FUR-BO-10002202,92,30
18,FUR-BO-10002206,42,20
19,FUR-BO-10002213,134,30
20,FUR-BO-10002268,25,20
21,FUR-BO-10002545,62,15
22,FUR-BO-10002598,26,20
23,FUR-BO-10002613,93,30
24,FUR-BO-10002824,53,15
25,FUR-BO-10002853,63,25
26,FUR-BO-10002916,19,20
27,FUR-BO-10003034,55,15
28,FUR-BO-10003159,112,20
29,FUR-BO-10003272,59,15
30,FUR-BO-10003404,68,15
31,FUR-BO-10003433,135,20
32,FUR-BO-10003441,55,25
33,FUR-BO-10003450,139,15
34,FUR-BO-10003546,25,15
35,FUR-BO-10003660,77,15
36,FUR-BO-10003893,22,25
37,FUR-BO-10003894,136,25
38,FUR-BO-10003965,93,30
39,FUR-BO-10003966,64,20
40,FUR-BO-10004015,18,25
41,FUR-BO-10004218,13,20
42,FUR-BO-10004357,94,30
43,FUR-BO-10004360,57,20
44,FUR-BO-10004409,134,25
45,FUR-BO-10004467,88,20
46,FUR-BO-10004690,96,25
47,FUR-BO-10004695,115,20
48,FUR-BO-10004709,12,25
49,FUR-BO-10004834,39,25
50,FUR-CH-10000015,85,20
51,FUR-CH-10000155,54,30
52,FUR-CH-10000225,108,15
53,FUR-CH-10000229,136,30
54,FUR-CH-10000309,6,20
55,FUR-CH-10000422,138,30
56,FUR-CH-10000454,58,25
57,FUR-CH-10000513,110,15
58,FUR-CH-10000553,8,20
59,FUR-CH-10000595,58,20
60,FUR-CH-10000665,48,20
61,FUR-CH-10000749,18,15
62,FUR-CH-10000785,99,25
63,FUR-CH-10000847,52,20
64,FUR-CH-10000863,19,30
65,FUR-CH-10000988,44,20
66,FUR-CH-10001146,86,20
67,FUR-CH-10001190,115,20
68,FUR-CH-10001215,57,20
69,FUR-CH-10001270,28,25
70,FUR-CH-10001394,128,30
71,FUR-CH-10001482,45,25
72,FUR-CH-10001545,19,30
73,FUR-CH-10001708,49,20
74,FUR-CH-10001714,69,15
75,FUR-CH-10001797,93,25
76,FUR-CH-10001802,75,15
77,FUR-CH-10001854,13,25
78,FUR-CH-10001891,92,20
79,FUR-CH-10001973,133,25
80,FUR-CH-10002017,140,20
81,FUR-CH-10002024,67,25
82,FUR-CH-10002044,143,20
83,FUR-CH-10002073,85,20
84,FUR-CH-10002084,140,30
85,FUR-CH-10002126,37,20
86,FUR-CH-10002304,127,30
87,FUR-CH-10002317,9,20
88,FUR-CH-10002320,45,15
89,FUR-CH-10002331,32,20
90,FUR-CH-10002335,139,15
91,FUR-CH-10002372,76,15
92,FUR-CH-10002439,16,20
93,FUR-CH-10002602,37,15
94,FUR-CH-10002647,52,30
95,FUR-CH-10002758,66,25
96,FUR-CH-10002774,41,20
97,FUR-CH-10002780,103,15
98,FUR-CH-10002880,108,20
99,FUR-CH-10002961,39,30
100,FUR-CH-10002965,105,20
101,FUR-CH-10003061,135,20
102,FUR-CH-10003199,5,15
103,FUR-CH-10003298,9,30
104,FUR-CH-10003312,146,25
105,FUR-CH-10003379,107,25
106,FUR-CH-10003396,31,15
107,FUR-CH-10003535,141,20
108,FUR-CH-10003606,19,15
109,FUR-CH-10003746,94,15
110,FUR-CH-10003761,46,15
111,FUR-CH-10003774,128,20
112,FUR-CH-10003817,67,30
113,FUR-CH-10003833,100,15
114,FUR-CH-10003846,56,20
115,FUR-CH-10003956,100,30
116,FUR-CH-10003968,136,15
117,FUR-CH-10003973,147,25
118,FUR-CH-10003981,33,30
119,FUR-CH-10004063,40,15
120,FUR-CH-10004086,17,30
121,FUR-CH-10004218,75,30
122,FUR-CH-10004287,90,30
123,FUR-CH-10004289,32,30
124,FUR-CH-10004477,70,30
125,FUR-CH-10004495,49,30
126,FUR-CH-10004540,66,15
127,FUR-CH-10004626,138,25
128,FUR-CH-10004675,32,20
129,FUR-CH-10004698,32,30
130,FUR-CH-10004754,112,20
131,FUR-CH-10004853,48,15
132,FUR-CH-10004860,88,30
133,FUR-CH-10004875,34,25
134,FUR-CH-10004886,79,20
135,FUR-CH-10004983,132,30
136,FUR-CH-10004997,96,15
137,FUR-FU-10000010,133,25
138,FUR-FU-10000023,125,20
139,FUR-FU-10000073,31,20
140,FUR-FU-10000076,125,30
141,FUR-FU-10000087,120,25
142,FUR-FU-10000175,7,25
143,FUR-FU-10000193,107,25
144,FUR-FU-10000206,141,25
145,FUR-FU-10000221,66,15
146,FUR-FU-10000222,55,25
147,FUR-FU-10000246,63,20
148,FUR-FU-10000260,122,20
149,FUR-FU-10000277,100,15
150,FUR-FU-10000293,117,20
151,FUR-FU-10000305,66,20
152,FUR-FU-10000308,56,25
153,FUR-FU-10000320,16,20
154,FUR-FU-10000397,43,15
155,FUR-FU-10000409,134,25
156,FUR-FU-10000448,135,30
157,FUR-FU-10000521,117,25
158,FUR-FU-10000550,105,15
159,FUR-FU-10000576,117,25
160,FUR-FU-10000629,85,25
161,FUR-FU-10000672,117,15
162,FUR-FU-10000719,6,25
163,FUR-FU-10000723,134,15
164,FUR-FU-10000732,58,15
165,FUR-FU-10000747,91,30
166,FUR-FU-10000755,133,20
167,FUR-FU-10000758,130,20
168,FUR-FU-10000771,134,25
169,FUR-FU-10000794,57,25
170,FUR-FU-10000820,72,30
171,FUR-FU-10000965,127,30
172,FUR-FU-10001025,149,30
173,FUR-FU-10001037,42,15
174,FUR-FU-10001057,28,30
175,FUR-FU-10001085,73,30
176,FUR-FU-10001095,120,25
177,FUR-FU-10001185,102,30
178,FUR-FU-10001196,143,15
179,FUR-FU-10001215,148,15
180,FUR-FU-10001290,101,25
181,FUR-FU-10001379,128,30
182,FUR-FU-10001424,74,30
183,FUR-FU-10001468,97,15
184,FUR-FU-10001473,7,30
185,FUR-FU-10001475,94,30
186,FUR-FU-10001487,100,30
187,FUR-FU-10001488,56,20
188,FUR-FU-10001546,132,25
189,FUR-FU-10001588,43,20
190,FUR-FU-10001591,86,25
191,FUR-FU-10001602,108,15
192,FUR-FU-10001617,133,30
193,FUR-FU-10001706,15,25
194,FUR-FU-10001731,46,20
195,FUR-FU-10001756,103,30
196,FUR-FU-10001847,11,15
197,FUR-FU-10001852,148,25
198,FUR-FU-10001861,94,25
199,FUR-FU-10001867,116,25
200,FUR-FU-10001876,64,30
201,FUR-FU-10001889,117,20
202,FUR-FU-10001918,6,20
203,FUR-FU-10001934,133,25
204,FUR-FU-10001935,52,15
205,FUR-FU-10001940,144,15
206,FUR-FU-10001967,41,20
207,FUR-FU-10001979,13,15
208,FUR-FU-10001986,103,20
209,FUR-FU-10002030,52,25
210,FUR-FU-10002045,135,20
211,FUR-FU-10002088,58,20
212,FUR-FU-10002107,124,25
213,FUR-FU-10002111,120,15
214,FUR-FU-10002116,79,20
215,FUR-FU-10002157,117,20
216,FUR-FU-10002191,108,25
217,FUR-FU-10002240,88,15
218,FUR-FU-10002253,116,20
219,FUR-FU-10002268,103,25
220,FUR-FU-10002298,97,20
221,FUR-FU-10002364,132,30
222,FUR-FU-10002379,114,25
223,FUR-FU-10002396,86,15
224,FUR-FU-10002445,58,15
225,FUR-FU-10002456,72,15
226,FUR-FU-10002501,37,15
227,FUR-FU-10002505,146,20
228,FUR-FU-10002506,25,20
229,FUR-FU-10002508,52,15
230,FUR-FU-10002553,132,15
231,FUR-FU-10002554,140,15
232,FUR-FU-10002597,139,20
233,FUR-FU-10002671,149,15
234,FUR-FU-10002685,132,15
235,FUR-FU-10002703,37,30
236,FUR-FU-10002759,119,30
237,FUR-FU-10002813,123,15
238,FUR-FU-10002874,26,25
239,FUR-FU-10002878,42,15
240,FUR-FU-10002885,113,30
241,FUR-FU-10002918,55,25
242,FUR-FU-10002937,12,25
243,FUR-FU-10002960,31,15
244,FUR-FU-10002963,31,30
245,FUR-FU-10003026,25,30
246,FUR-FU-10003039,34,25
247,FUR-FU-10003095,101,15
248,FUR-FU-10003096,32,20
249,FUR-FU-10003142,115,20
250,FUR-FU-10003192,65,30
251,FUR-FU-10003194,52,20
252,FUR-FU-10003247,8,30
253,FUR-FU-10003268,39,30
254,FUR-FU-10003274,53,30
255,FUR-FU-10003347,21,20
256,FUR-FU-10003374,50,30
257,FUR-FU-10003394,121,25
258,FUR-FU-10003424,10,15
259,FUR-FU-10003464,103,15
260,FUR-FU-10003489,128,30
261,FUR-FU-10003535,41,15
262,FUR-FU-10003553,28,20
263,FUR-FU-10003577,97,20
264,FUR-FU-10003601,50,15
265,FUR-FU-10003623,99,20
266,FUR-FU-10003664,103,15
267,FUR-FU-10003691,120,15
268,FUR-FU-10003708,71,15
269,FUR-FU-10003724,132,30
270,FUR-FU-10003731,22,15
271,FUR-FU-10003773,29,30
272,FUR-FU-10003798,58,15
273,FUR-FU-10003799,62,15
274,FUR-FU-10003806,71,15
275,FUR-FU-10003829,108,20
276,FUR-FU-10003832,28,30
277,FUR-FU-10003849,118,30
278,FUR-FU-10003878,36,15
279,FUR-FU-10003919,90,15
280,FUR-FU-10003930,131,20
281,FUR-FU-10003975,134,20
282,FUR-FU-10003976,21,20
283,FUR-FU-10003981,108,30
284,FUR-FU-10004006,141,30
285,FUR-FU-10004017,47,30
286,FUR-FU-10004018,43,15
287,FUR-FU-10004020,30,30
288,FUR-FU-10004053,103,25
289,FUR-FU-10004071,54,25
290,FUR-FU-10004090,17,20
291,FUR-FU-10004091,64,30
292,FUR-FU-10004093,139,25
293,FUR-FU-10004164,61,20
294,FUR-FU-10004188,40,30
295,FUR-FU-10004245,24,15
296,FUR-FU-10004270,69,25
297,FUR-FU-10004306,12,15
298,FUR-FU-10004351,148,30
299,FUR-FU-10004415,146,25
300,FUR-FU-10004460,119,30
301,FUR-FU-10004586,147,15
302,FUR-FU-10004587,96,25
303,FUR-FU-10004597,102,15
304,FUR-FU-10004622,70,30
305,FUR-FU-10004665,36,30
306,FUR-FU-10004666,90,15
307,FUR-FU-10004671,55,25
308,FUR-FU-10004712,67,15
309,FUR-FU-10004748,129,30
310,FUR-FU-10004845,62,15
311,FUR-FU-10004848,62,30
312,FUR-FU-10004864,90,15
313,FUR-FU-10004904,53,25
314,FUR-FU-10004909,74,25
315,FUR-FU-10004952,19,15
316,FUR-FU-10004960,58,15
317,FUR-FU-10004963,105,25
318,FUR-FU-10004973,12,30
319,FUR-TA-10000198,57,25
320,FUR-TA-10000577,64,30
321,FUR-TA-10000617,112,15
322,FUR-TA-10000688,9,15
323,FUR-TA-10000849,107,30
324,FUR-TA-10001039,10,15
325,FUR-TA-10001086,113,30
326,FUR-TA-10001095,120,20
327,FUR-TA-10001307,98,25
328,FUR-TA-10001520,51,20
329,FUR-TA-10001539,103,30
330,FUR-TA-10001676,59,25
331,FUR-TA-10001691,56,30
332,FUR-TA-10001705,148,25
333,FUR-TA-10001768,17,25
334,FUR-TA-10001771,118,25
335,FUR-TA-10001857,128,25
336,FUR-TA-10001866,110,30
337,FUR-TA-10001889,149,25
338,FUR-TA-10001932,124,25
339,FUR-TA-10001950,67,20
340,FUR-TA-10002041,23,15
341,FUR-TA-10002228,96,15
342,FUR-TA-10002356,62,20
343,FUR-TA-10002530,94,20
344,FUR-TA-10002533,121,30
345,FUR-TA-10002607,66,30
346,FUR-TA-10002622,27,30
347,FUR-TA-10002645,131,20
348,FUR-TA-10002774,141,20
349,FUR-TA-10002855,144,25
350,FUR-TA-10002903,133,30
351,FUR-TA-10002958,62,30
352,FUR-TA-10003008,126,30
353,FUR-TA-10003238,5,15
354,FUR-TA-10003392,38,25
355,FUR-TA-10003469,100,30
356,FUR-TA-10003473,130,30
357,FUR-TA-10003569,122,30
358,FUR-TA-10003715,52,15
359,FUR-TA-10003748,93,15
360,FUR-TA-10003837,121,20
361,FUR-TA-10003954,133,25
362,FUR-TA-10004086,20,20
363,FUR-TA-10004147,73,25
364,FUR-TA-10004152,26,15
365,FUR-TA-10004154,97,30
366,FUR-TA-10004175,80,20
367,FUR-TA-10004256,148,30
368,FUR-TA-10004289,90,20
369,FUR-TA-10004442,33,15
370,FUR-TA-10004534,73,15
371,FUR-TA-10004575,51,15
372,FUR-TA-10004607,98,20
373,FUR-TA-10004619,148,25
374,FUR-TA-10004767,89,20
375,FUR-TA-10004915,43,25
376,OFF-AP-10000026,104,20
377,OFF-AP-10000027,37,20
378,OFF-AP-10000055,105,15
379,OFF-AP-10000124,27,30
380,OFF-AP-10000159,14,30
381,OFF-AP-10000179,73,25
382,OFF-AP-10000240,104,30
383,OFF-AP-10000252,38,20
384,OFF-AP-10000275,142,20
385,OFF-AP-10000326,100,15
386,OFF-AP-10000358,5,15
387,OFF-AP-10000390,73,30
388,OFF-AP-10000576,8,25
389,OFF-AP-10000595,20,30
390,OFF-AP-10000692,28,30
391,OFF-AP-10000696,84,30
392,OFF-AP-10000804,6,30
393,OFF-AP-10000828,132,20
394,OFF-AP-10000891,88,25
395,OFF-AP-10000938,144,20
396,OFF-AP-10001005,128,25
397,OFF-AP-10001058,37,15
398,OFF-AP-10001124,105,30
399,OFF-AP-10001154,16,20
400,OFF-AP-10001205,71,25
401,OFF-AP-10001242,69,15
402,OFF-AP-10001271,78,15
403,OFF-AP-10001293,47,30
404,OFF-AP-10001303,48,25
405,OFF-AP-10001366,33,20
406,OFF-AP-10001391,145,30
407,OFF-AP-10001394,16,20
408,OFF-AP-10001469,99,15
409,OFF-AP-10001492,50,20
410,OFF-AP-10001563,134,20
411,OFF-AP-10001564,39,30
412,OFF-AP-10001626,85,20
413,OFF-AP-10001634,94,30
414,OFF-AP-10001947,12,15
415,OFF-AP-10001962,97,30
416,OFF-AP-10002082,94,30
417,OFF-AP-10002118,119,25
418,OFF-AP-10002191,109,20
419,OFF-AP-10002203,139,15
420,OFF-AP-10002222,62,30
421,OFF-AP-10002287,118,15
422,OFF-AP-10002311,79,25
423,OFF-AP-10002350,124,20
424,OFF-AP-10002403,25,30
425,OFF-AP-10002439,142,20
426,OFF-AP-10002457,105,25
427,OFF-AP-10002472,103,25
428,OFF-AP-10002495,40,15
429,OFF-AP-10002518,100,30
430,OFF-AP-10002534,41,15
431,OFF-AP-10002578,16,25
432,OFF-AP-10002651,117,20
433,OFF-AP-10002670,17,15
434,OFF-AP-10002684,27,15
435,OFF-AP-10002734,103,20
436,OFF-AP-10002765,109,15
437,OFF-AP-10002867,34,20
438,OFF-AP-10002892,21,30
439,OFF-AP-10002906,117,20
440,OFF-AP-10002945,66,30
441,OFF-AP-10002998,88,20
442,OFF-AP-10003040,116,25
443,OFF-AP-10003057,90,25
444,OFF-AP-10003099,145,30
445,OFF-AP-10003217,23,30
446,OFF-AP-10003266,104,25
447,OFF-AP-10003278,144,30
448,OFF-AP-10003281,80,20
449,OFF-AP-10003287,13,20
450,OFF-AP-10003590,32,25
451,OFF-AP-10003622,132,15
452,OFF-AP-10003779,56,20
453,OFF-AP-10003842,87,30
454,OFF-AP-10003849,115,15
455,OFF-AP-10003860,148,15
456,OFF-AP-10003884,121,20
457,OFF-AP-10003914,73,20
458,OFF-AP-10003971,103,15
459,OFF-AP-10004036,144,15
460,OFF-AP-10004052,29,25
461,OFF-AP-10004136,127,30
462,OFF-AP-10004233,57,25
463,OFF-AP-10004249,148,20
464,OFF-AP-10004336,61,25
465,OFF-AP-10004487,43,25
466,OFF-AP-10004532,113,25
467,OFF-AP-10004540,46,25
468,OFF-AP-10004655,146,30
469,OFF-AP-10004708,126,30
470,OFF-AP-10004785,137,15
471,OFF-AP-10004859,79,20
472,OFF-AP-10004868,80,25
473,OFF-AP-10004980,13,15
474,OFF-AR-10000034,78,15
475,OFF-AR-10000122,149,15
476,OFF-AR-10000127,11,30
477,OFF-AR-10000203,145,25
478,OFF-AR-10000246,141,25
479,OFF-AR-10000255,31,20
480,OFF-AR-10000315,126,25
481,OFF-AR-10000369,9,25
482,OFF-AR-10000380,33,15
483,OFF-AR-10000390,87,20
484,OFF-AR-10000411,140,25
485,OFF-AR-10000422,113,30
486,OFF-AR-10000462,69,25
487,OFF-AR-10000475,90,15
488,OFF-AR-10000538,149,30
489,OFF-AR-10000588,75,15
490,OFF-AR-10000614,49,25
491,OFF-AR-10000634,136,30
492,OFF-AR-10000657,40,20
493,OFF-AR-10000658,74,20
494,OFF-AR-10000716,23,30
495,OFF-AR-10000799,112,30
496,OFF-AR-10000817,95,15
497,OFF-AR-10000823,94,30
498,OFF-AR-10000896,23,15
499,OFF-AR-10000914,43,25
500,OFF-AR-10000937,130,15
501,OFF-AR-10000940,145,30
502,OFF-AR-10001022,130,30
503,OFF-AR-10001026,62,25
504,OFF-AR-10001044,65,30
505,OFF-AR-10001118,131,30
506,OFF-AR-10001130,109,20
507,OFF-AR-10001149,5,20
508,OFF-AR-10001166,135,25
509,OFF-AR-10001177,96,15
510,OFF-AR-10001216,117,20
511,OFF-AR-10001221,60,15
512,OFF-AR-10001227,121,30
513,OFF-AR-10001231,138,20
514,OFF-AR-10001246,62,25
515,OFF-AR-10001315,48,25
516,OFF-AR-10001374,65,25
517,OFF-AR-10001419,51,20
518,OFF-AR-10001427,84,15
519,OFF-AR-10001446,122,30
520,OFF-AR-10001468,24,15
521,OFF-AR-10001473,51,15
522,OFF-AR-10001545,53,30
523,OFF-AR-10001547,18,30
524,OFF-AR-10001573,147,20
525,OFF-AR-10001615,5,20
526,OFF-AR-10001662,121,20
527,OFF-AR-10001683,58,20
528,OFF-AR-10001725,122,20
529,OFF-AR-10001761,7,30
530,OFF-AR-10001770,148,15
531,OFF-AR-10001860,16,20
532,OFF-AR-10001868,78,20
533,OFF-AR-10001897,20,15
534,OFF-AR-10001915,106,20
535,OFF-AR-10001919,121,15
536,OFF-AR-10001940,12,15
537,OFF-AR-10001953,126,30
538,OFF-AR-10001954,96,25
539,OFF-AR-10001955,94,30
540,OFF-AR-10001958,140,25
541,OFF-AR-10001972,64,25
542,OFF-AR-10001988,32,25
543,OFF-AR-10002053,105,20
544,OFF-AR-10002067,45,30
545,OFF-AR-10002135,149,25
546,OFF-AR-10002221,145,15
547,OFF-AR-10002240,50,20
548,OFF-AR-10002255,39,30
549,OFF-AR-10002257,138,25
550,OFF-AR-10002280,86,15
551,OFF-AR-10002335,119,30
552,OFF-AR-10002375,51,30
553,OFF-AR-10002399,14,20
554,OFF-AR-10002445,60,30
555,OFF-AR-10002467,34,20
556,OFF-AR-10002578,113,25
557,OFF-AR-10002656,9,20
558,OFF-AR-10002671,123,15
559,OFF-AR-10002704,37,20
560,OFF-AR-10002766,122,15
561,OFF-AR-10002804,69,20
562,OFF-AR-10002818,15,30
563,OFF-AR-10002833,89,25
564,OFF-AR-10002952,30,15
565,OFF-AR-10002956,67,20
566,OFF-AR-10002987,90,20
567,OFF-AR-10003045,63,20
568,OFF-AR-10003056,31,30
569,OFF-AR-10003087,102,30
570,OFF-AR-10003156,109,15
571,OFF-AR-10003158,103,15
572,OFF-AR-10003179,133,30
573,OFF-AR-10003183,59,15
574,OFF-AR-10003190,10,25
575,OFF-AR-10003217,99,25
576,OFF-AR-10003251,137,30
577,OFF-AR-10003338,106,15
578,OFF-AR-10003373,7,20
579,OFF-AR-10003394,27,25
580,OFF-AR-10003405,57,30
581,OFF-AR-10003469,87,15
582,OFF-AR-10003477,149,30
583,OFF-AR-10003478,89,20
584,OFF-AR-10003481,82,25
585,OFF-AR-10003504,114,30
586,OFF-AR-10003514,5,30
587,OFF-AR-10003560,55,30
588,OFF-AR-10003582,8,20
589,OFF-AR-10003602,117,30
590,OFF-AR-10003631,36,20
591,OFF-AR-10003651,38,20
592,OFF-AR-10003696,96,20
593,OFF-AR-10003723,99,25
594,OFF-AR-10003727,76,25
595,OFF-AR-10003732,43,30
596,OFF-AR-10003752,122,30
597,OFF-AR-10003759,7,25
598,OFF-AR-10003770,127,15
599,OFF-AR-10003772,54,25
600,OFF-AR-10003811,16,20
601,OFF-AR-10003829,58,25
602,OFF-AR-10003856,137,20
603,OFF-AR-10003876,61,30
604,OFF-AR-10003896,149,15
605,OFF-AR-10003903,116,30
606,OFF-AR-10003958,51,20
607,OFF-AR-10003986,89,20
608,OFF-AR-10004010,146,20
609,OFF-AR-10004022,70,15
610,OFF-AR-10004027,79,25
611,OFF-AR-10004042,107,30
612,OFF-AR-10004062,42,30
613,OFF-AR-10004078,54,25
614,OFF-AR-10004165,102,30
615,OFF-AR-10004260,86,15
616,OFF-AR-10004269,34,30
617,OFF-AR-10004272,83,20
618,OFF-AR-10004344,95,25
619,OFF-AR-10004441,56,15
620,OFF-AR-10004456,83,25
621,OFF-AR-10004511,34,15
622,OFF-AR-10004582,110,20
623,OFF-AR-10004587,55,25
624,OFF-AR-10004602,85,30
625,OFF-AR-10004648,137,15
626,OFF-AR-10004685,33,25
627,OFF-AR-10004691,136,30
628,OFF-AR-10004707,142,25
629,OFF-AR-10004752,149,25
630,OFF-AR-10004757,78,25
631,OFF-AR-10004790,21,15
632,OFF-AR-10004817,88,30
633,OFF-AR-10004930,73,20
634,OFF-AR-10004956,38,15
635,OFF-AR-10004974,10,15
636,OFF-AR-10004999,57,15
637,OFF-BI-10000014,130,20
638,OFF-BI-10000042,47,30
639,OFF-BI-10000050,119,30
640,OFF-BI-10000069,115,30
641,OFF-BI-10000088,84,25
642,OFF-BI-10000136,99,25
643,OFF-BI-10000138,122,25
644,OFF-BI-10000145,148,20
645,OFF-BI-10000174,12,25
646,OFF-BI-10000201,136,20
647,OFF-BI-10000216,108,30
648,OFF-BI-10000279,136,25
649,OFF-BI-10000285,29,25
650,OFF-BI-10000301,100,15
651,OFF-BI-10000309,97,20
652,OFF-BI-10000315,65,30
653,OFF-BI-10000320,126,15
654,OFF-BI-10000343,55,15
655,OFF-BI-10000404,25,30
656,OFF-BI-10000474,9,15
657,OFF-BI-10000494,96,20
658,OFF-BI-10000545,65,20
659,OFF-BI-10000546,26,25
660,OFF-BI-10000591,74,15
661,OFF-BI-10000605,5,25
662,OFF-BI-10000632,137,15
663,OFF-BI-10000666,16,20
664,OFF-BI-10000756,94,20
665,OFF-BI-10000773,50,20
666,OFF-BI-10000778,38,15
667,OFF-BI-10000822,82,20
668,OFF-BI-10000829,49,15
669,OFF-BI-10000831,77,25
670,OFF-BI-10000848,30,15
671,OFF-BI-10000948,51,25
672,OFF-BI-10000962,125,15
673,OFF-BI-10000977,60,25
674,OFF-BI-10001031,98,20
675,OFF-BI-10001036,111,25
676,OFF-BI-10001071,67,20
677,OFF-BI-10001072,52,20
678,OFF-BI-10001078,65,25
679,OFF-BI-10001097,85,15
680,OFF-BI-10001098,30,15
681,OFF-BI-10001107,40,30
682,OFF-BI-10001116,5,15
683,OFF-BI-10001120,12,30
684,OFF-BI-10001132,117,15
685,OFF-BI-10001153,103,15
686,OFF-BI-10001191,51,20
687,OFF-BI-10001196,131,30
688,OFF-BI-10001249,60,15
689,OFF-BI-10001267,18,30
690,OFF-BI-10001294,32,20
691,OFF-BI-10001308,82,20
692,OFF-BI-10001359,134,30
693,OFF-BI-10001460,113,20
694,OFF-BI-10001510,18,25
695,OFF-BI-10001524,60,25
696,OFF-BI-10001525,119,20
697,OFF-BI-10001543,11,25
698,OFF-BI-10001553,7,15
699,OFF-BI-10001575,115,30
700,OFF-BI-10001597,111,15
701,OFF-BI-10001617,22,30
702,OFF-BI-10001628,42,20
703,OFF-BI-10001634,119,15
704,OFF-BI-10001636,19,20
705,OFF-BI-10001658,123,20
706,OFF-BI-10001670,32,30
707,OFF-BI-10001679,43,30
708,OFF-BI-10001718,21,30
709,OFF-BI-10001721,90,15
710,OFF-BI-10001757,130,25
711,OFF-BI-10001758,48,30
712,OFF-BI-10001759,29,30
713,OFF-BI-10001765,149,15
714,OFF-BI-10001787,17,30
715,OFF-BI-10001890,29,15
716,OFF-BI-10001900,72,20
717,OFF-BI-10001922,142,30
718,OFF-BI-10001982,71,30
719,OFF-BI-10001989,113,20
720,OFF-BI-10002003,115,20
721,OFF-BI-10002012,115,20
722,OFF-BI-10002026,38,30
723,OFF-BI-10002049,115,25
724,OFF-BI-10002071,12,25
725,OFF-BI-10002072,117,25
726,OFF-BI-10002082,87,30
727,OFF-BI-10002103,46,20
728,OFF-BI-10002133,105,30
729,OFF-BI-10002160,10,20
730,OFF-BI-10002194,30,30
731,OFF-BI-10002215,68,30
732,OFF-BI-10002225,63,20
733,OFF-BI-10002309,113,25
734,OFF-BI-10002353,125,20
735,OFF-BI-10002393,37,15
736,OFF-BI-10002412,25,15
737,OFF-BI-10002414,74,20
738,OFF-BI-10002429,116,30
739,OFF-BI-10002432,8,15
740,OFF-BI-10002437,98,15
741,OFF-BI-10002498,79,30
742,OFF-BI-10002557,66,30
743,OFF-BI-10002571,98,25
744,OFF-BI-10002609,99,30
745,OFF-BI-10002706,59,20
746,OFF-BI-10002735,141,20
747,OFF-BI-10002764,135,25
748,OFF-BI-10002794,35,15
749,OFF-BI-10002799,44,15
750,OFF-BI-10002813,40,30
751,OFF-BI-10002824,10,20
752,OFF-BI-10002827,70,15
753,OFF-BI-10002852,79,25
754,OFF-BI-10002854,8,25
755,OFF-BI-10002867,83,20
756,OFF-BI-10002897,138,25
757,OFF-BI-10002931,122,25
758,OFF-BI-10002949,117,20
759,OFF-BI-10002954,98,30
760,OFF-BI-10002976,66,30
761,OFF-BI-10002982,83,25
762,OFF-BI-10003007,140,30
763,OFF-BI-10003091,30,30
764,OFF-BI-10003094,48,25
765,OFF-BI-10003166,137,30
766,OFF-BI-10003196,74,25
767,OFF-BI-10003274,122,15
768,OFF-BI-10003291,72,20
769,OFF-BI-10003305,23,20
770,OFF-BI-10003314,24,30
771,OFF-BI-10003350,117,30
772,OFF-BI-10003355,144,30
773,OFF-BI-10003364,51,20
774,OFF-BI-10003429,5,15
775,OFF-BI-10003460,94,15
776,OFF-BI-10003476,146,20
777,OFF-BI-10003527,68,15
778,OFF-BI-10003529,42,20
779,OFF-BI-10003638,41,15
780,OFF-BI-10003650,130,25
781,OFF-BI-10003655,143,25
782,OFF-BI-10003656,104,20
783,OFF-BI-10003669,81,15
784,OFF-BI-10003676,7,30
785,OFF-BI-10003684,138,15
786,OFF-BI-10003694,14,25
787,OFF-BI-10003707,9,25
788,OFF-BI-10003708,142,15
789,OFF-BI-10003712,134,15
790,OFF-BI-10003718,17,30
791,OFF-BI-10003719,134,30
792,OFF-BI-10003727,88,15
793,OFF-BI-10003784,69,15
794,OFF-BI-10003876,67,15
795,OFF-BI-10003910,105,15
796,OFF-BI-10003925,77,20
797,OFF-BI-10003963,21,15
798,OFF-BI-10003981,13,30
799,OFF-BI-10003982,147,25
800,OFF-BI-10003984,42,20
801,OFF-BI-10004001,98,15
802,OFF-BI-10004002,99,25
803,OFF-BI-10004022,53,20
804,OFF-BI-10004040,73,25
805,OFF-BI-10004094,66,15
806,OFF-BI-10004099,82,15
807,OFF-BI-10004139,121,30
808,OFF-BI-10004140,124,15
809,OFF-BI-10004141,141,15
810,OFF-BI-10004182,80,20
811,OFF-BI-10004187,39,30
812,OFF-BI-10004209,5,20
813,OFF-BI-10004224,44,25
814,OFF-BI-10004230,68,15
815,OFF-BI-10004233,64,25
816,OFF-BI-10004236,68,20
817,OFF-BI-10004308,97,15
818,OFF-BI-10004318,76,15
819,OFF-BI-10004330,15,20
820,OFF-BI-10004352,109,20
821,OFF-BI-10004364,18,20
822,OFF-BI-10004390,64,20
823,OFF-BI-10004410,34,20
824,OFF-BI-10004465,39,15
825,OFF-BI-10004492,9,20
826,OFF-BI-10004506,87,15
827,OFF-BI-10004519,127,15
828,OFF-BI-10004528,82,20
829,OFF-BI-10004584,66,20
830,OFF-BI-10004593,136,30
831,OFF-BI-10004600,93,15
832,OFF-BI-10004632,46,20
833,OFF-BI-10004654,93,20
834,OFF-BI-10004656,44,20
835,OFF-BI-10004716,76,30
836,OFF-BI-10004728,43,30
837,OFF-BI-10004738,108,25
838,OFF-BI-10004781,18,15
839,OFF-BI-10004817,36,25
840,OFF-BI-10004826,129,20
841,OFF-BI-10004828,101,30
842,OFF-BI-10004876,27,30
843,OFF-BI-10004965,67,25
844,OFF-BI-10004967,147,30
845,OFF-BI-10004970,149,20
846,OFF-BI-10004995,57,30
847,OFF-EN-10000056,108,25
848,OFF-EN-10000461,108,20
849,OFF-EN-10000483,43,25
850,OFF-EN-10000781,138,30
851,OFF-EN-10000927,71,25
852,OFF-EN-10001028,139,25
853,OFF-EN-10001099,46,15
854,OFF-EN-10001137,19,30
855,OFF-EN-10001141,115,30
856,OFF-EN-10001219,37,25
857,OFF-EN-10001335,42,15
858,OFF-EN-10001415,101,30
859,OFF-EN-10001434,37,20
860,OFF-EN-10001453,90,25
861,OFF-EN-10001509,70,30
862,OFF-EN-10001532,14,20
863,OFF-EN-10001535,9,30
864,OFF-EN-10001539,127,20
865,OFF-EN-10001749,78,25
866,OFF-EN-10001990,101,30
867,OFF-EN-10002230,122,30
868,OFF-EN-10002312,42,15
869,OFF-EN-10002500,145,25
870,OFF-EN-10002504,51,20
871,OFF-EN-10002592,113,30
872,OFF-EN-10002600,19,30
873,OFF-EN-10002621,140,20
874,OFF-EN-10002831,9,25
875,OFF-EN-10002973,51,15
876,OFF-EN-10002986,72,15
877,OFF-EN-10003001,80,30
878,OFF-EN-10003040,134,20
879,OFF-EN-10003055,99,30
880,OFF-EN-10003068,119,20
881,OFF-EN-10003072,40,15
882,OFF-EN-10003134,30,25
883,OFF-EN-10003160,47,20
884,OFF-EN-10003286,31,15
885,OFF-EN-10003296,73,30
886,OFF-EN-10003448,15,20
887,OFF-EN-10003567,78,25
888,OFF-EN-10003798,108,30
889,OFF-EN-10003845,42,30
890,OFF-EN-10003862,138,15
891,OFF-EN-10004007,27,20
892,OFF-EN-10004030,51,30
893,OFF-EN-10004147,94,25
894,OFF-EN-10004206,50,20
895,OFF-EN-10004386,111,25
896,OFF-EN-10004459,144,30
897,OFF-EN-10004483,145,25
898,OFF-EN-10004773,108,15
899,OFF-EN-10004846,115,25
900,OFF-EN-10004955,108,20
901,OFF-FA-10000053,64,25
902,OFF-FA-10000089,104,25
903,OFF-FA-10000134,72,15
904,OFF-FA-10000254,137,25
905,OFF-FA-10000304,124,25
906,OFF-FA-10000490,41,30
907,OFF-FA-10000585,76,30
908,OFF-FA-10000611,131,20
909,OFF-FA-10000621,110,30
910,OFF-FA-10000624,96,30
911,OFF-FA-10000735,35,30
912,OFF-FA-10000840,126,30
913,OFF-FA-10000936,141,15
914,OFF-FA-10000992,55,30
915,OFF-FA-10001135,33,15
916,OFF-FA-10001229,44,15
917,OFF-FA-10001332,45,30
918,OFF-FA-10001561,15,25
919,OFF-FA-10001754,5,15
920,OFF-FA-10001843,50,25
921,OFF-FA-10001883,105,25
922,OFF-FA-10002280,94,30
923,OFF-FA-10002676,114,20
924,OFF-FA-10002701,61,30
925,OFF-FA-10002763,5,20
926,OFF-FA-10002780,67,20
927,OFF-FA-10002815,59,30
928,OFF-FA-10002975,119,30
929,OFF-FA-10002983,147,20
930,OFF-FA-10002988,57,30
931,OFF-FA-10003021,141,20
932,OFF-FA-10003059,61,25
933,OFF-FA-10003112,121,30
934,OFF-FA-10003467,39,25
935,OFF-FA-10003472,67,15
936,OFF-FA-10003485,29,25
937,OFF-FA-10003495,94,25
938,OFF-FA-10004076,79,20
939,OFF-FA-10004248,42,25
940,OFF-FA-10004395,134,30
941,OFF-FA-10004838,139,20
942,OFF-FA-10004854,95,15
943,OFF-FA-10004968,21,30
944,OFF-LA-10000081,132,15
945,OFF-LA-10000121,112,25
946,OFF-LA-10000134,29,30
947,OFF-LA-10000240,92,30
948,OFF-LA-10000248,33,15
949,OFF-LA-10000262,67,30
950,OFF-LA-10000305,118,30
951,OFF-LA-10000407,53,30
952,OFF-LA-10000414,85,25
953,OFF-LA-10000443,88,15
954,OFF-LA-10000452,109,30
955,OFF-LA-10000476,122,20
956,OFF-LA-10000634,90,20
957,OFF-LA-10000973,67,20
958,OFF-LA-10001045,108,20
959,OFF-LA-10001074,53,25
960,OFF-LA-10001158,75,30
961,OFF-LA-10001175,5,15
962,OFF-LA-10001297,145,30
963,OFF-LA-10001317,127,25
964,OFF-LA-10001404,66,20
965,OFF-LA-10001474,36,25
966,OFF-LA-10001569,33,30
967,OFF-LA-10001613,53,15
968,OFF-LA-10001641,34,25
969,OFF-LA-10001771,148,15
970,OFF-LA-10001934,23,25
971,OFF-LA-10001982,22,15
972,OFF-LA-10002034,5,15
973,OFF-LA-10002043,82,20
974,OFF-LA-10002195,119,15
975,OFF-LA-10002271,117,20
976,OFF-LA-10002312,118,30
977,OFF-LA-10002368,67,30
978,OFF-LA-10002381,136,20
979,OFF-LA-10002473,133,20
980,OFF-LA-10002475,12,25
981,OFF-LA-10002762,59,25
982,OFF-LA-10002787,107,25
983,OFF-LA-10002945,135,30
984,OFF-LA-10003077,36,25
985,OFF-LA-10003121,14,15
986,OFF-LA-10003148,114,15
987,OFF-LA-10003190,128,25
988,OFF-LA-10003223,91,15
989,OFF-LA-10003388,59,30
990,OFF-LA-10003498,36,15
991,OFF-LA-10003510,139,30
992,OFF-LA-10003537,97,20
993,OFF-LA-10003663,12,20
994,OFF-LA-10003714,69,20
995,OFF-LA-10003720,61,20
996,OFF-LA-10003766,71,15
997,OFF-LA-10003923,76,25
998,OFF-LA-10003930,58,15
999,OFF-LA-10004008,71,30
1000,OFF-LA-10004055,55,15
1001,OFF-LA-10004093,101,15
1002,OFF-LA-10004178,96,30
1003,OFF-LA-10004272,12,20
1004,OFF-LA-10004345,39,20
1005,OFF-LA-10004409,100,20
1006,OFF-LA-10004425,92,25
1007,OFF-LA-10004484,82,30
1008,OFF-LA-10004544,36,30
1009,OFF-LA-10004545,124,15
1010,OFF-LA-10004559,50,25
1011,OFF-LA-10004677,148,20
1012,OFF-LA-10004689,146,25
1013,OFF-LA-10004853,59,30
1014,OFF-PA-10000007,11,30
1015,OFF-PA-10000019,78,15
1016,OFF-PA-10000029,11,15
1017,OFF-PA-10000048,89,30
1018,OFF-PA-10000061,116,20
1019,OFF-PA-10000062,129,20
1020,OFF-PA-10000069,40,25
1021,OFF-PA-10000100,33,30
1022,OFF-PA-10000130,86,30
1023,OFF-PA-10000141,6,20
1024,OFF-PA-10000143,133,20
1025,OFF-PA-10000157,51,30
1026,OFF-PA-10000167,15,15
1027,OFF-PA-10000174,134,30
1028,OFF-PA-10000176,123,30
1029,OFF-PA-10000210,144,20
1030,OFF-PA-10000213,24,20
1031,OFF-PA-10000223,9,15
1032,OFF-PA-10000232,41,15
1033,OFF-PA-10000241,141,25
1034,OFF-PA-10000246,57,30
1035,OFF-PA-10000249,103,20
1036,OFF-PA-10000289,90,15
1037,OFF-PA-10000295,112,25
1038,OFF-PA-10000300,28,25
1039,OFF-PA-10000304,85,20
1040,OFF-PA-10000308,124,20
1041,OFF-PA-10000312,63,25
1042,OFF-PA-10000327,132,15
1043,OFF-PA-10000349,118,25
1044,OFF-PA-10000350,119,30
1045,OFF-PA-10000357,18,30
1046,OFF-PA-10000380,13,20
1047,OFF-PA-10000418,44,15
1048,OFF-PA-10000466,29,15
1049,OFF-PA-10000474,107,30
1050,OFF-PA-10000477,26,25
1051,OFF-PA-10000482,8,20
1052,OFF-PA-10000483,33,25
1053,OFF-PA-10000501,113,25
1054,OFF-PA-10000520,102,25
1055,OFF-PA-10000528,41,15
1056,OFF-PA-10000533,79,30
1057,OFF-PA-10000551,74,15
1058,OFF-PA-10000552,132,30
1059,OFF-PA-10000556,89,20
1060,OFF-PA-10000565,46,20
1061,OFF-PA-10000575,104,25
1062,OFF-PA-10000587,45,30
1063,OFF-PA-10000595,38,30
1064,OFF-PA-10000605,21,30
1065,OFF-PA-10000659,126,25
1066,OFF-PA-10000673,80,25
1067,OFF-PA-10000675,91,20
1068,OFF-PA-10000682,121,15
1069,OFF-PA-10000697,110,30
1070,OFF-PA-10000726,90,30
1071,OFF-PA-10000740,31,15
1072,OFF-PA-10000743,61,30
1073,OFF-PA-10000788,35,25
1074,OFF-PA-10000791,138,25
1075,OFF-PA-10000806,102,30
1076,OFF-PA-10000807,16,25
1077,OFF-PA-10000809,57,25
1078,OFF-PA-10000859,142,30
1079,OFF-PA-10000919,149,20
1080,OFF-PA-10000955,126,15
1081,OFF-PA-10000994,50,25
1082,OFF-PA-10001001,68,20
1083,OFF-PA-10001019,134,25
1084,OFF-PA-10001033,58,25
1085,OFF-PA-10001125,111,15
1086,OFF-PA-10001144,55,25
1087,OFF-PA-10001166,40,15
1088,OFF-PA-10001184,119,15
1089,OFF-PA-10001204,30,15
1090,OFF-PA-10001215,33,20
1091,OFF-PA-10001243,15,30
1092,OFF-PA-10001246,44,20
1093,OFF-PA-10001260,15,30
1094,OFF-PA-10001274,117,30
1095,OFF-PA-10001281,43,15
1096,OFF-PA-10001289,58,25
1097,OFF-PA-10001293,102,15
1098,OFF-PA-10001295,59,25
1099,OFF-PA-10001307,115,30
1100,OFF-PA-10001357,73,15
1101,OFF-PA-10001363,60,25
1102,OFF-PA-10001450,37,20
1103,OFF-PA-10001457,40,25
1104,OFF-PA-10001461,85,15
1105,OFF-PA-10001471,113,20
1106,OFF-PA-10001497,77,25
1107,OFF-PA-10001509,44,25
1108,OFF-PA-10001526,21,25
1109,OFF-PA-10001534,133,25
1110,OFF-PA-10001560,65,25
1111,OFF-PA-10001569,108,20
1112,OFF-PA-10001583,46,30
1113,OFF-PA-10001593,29,20
1114,OFF-PA-10001609,43,20
1115,OFF-PA-10001622,39,20
1116,OFF-PA-10001639,135,30
1117,OFF-PA-10001661,112,15
1118,OFF-PA-10001667,106,30
1119,OFF-PA-10001685,102,20
1120,OFF-PA-10001712,16,25
1121,OFF-PA-10001725,23,25
1122,OFF-PA-10001736,105,20
1123,OFF-PA-10001745,48,25
1124,OFF-PA-10001752,53,20
1125,OFF-PA-10001763,21,25
1126,OFF-PA-10001776,78,30
1127,OFF-PA-10001790,61,15
1128,OFF-PA-10001800,59,15
1129,OFF-PA-10001801,51,30
1130,OFF-PA-10001804,16,30
1131,OFF-PA-10001815,66,20
1132,OFF-PA-10001826,84,20
1133,OFF-PA-10001837,87,20
1134,OFF-PA-10001838,12,25
1135,OFF-PA-10001846,85,20
1136,OFF-PA-10001870,122,30
1137,OFF-PA-10001878,29,15
1138,OFF-PA-10001892,93,25
1139,OFF-PA-10001934,16,20
1140,OFF-PA-10001937,147,25
1141,OFF-PA-10001947,63,25
1142,OFF-PA-10001950,113,20
1143,OFF-PA-10001952,30,25
1144,OFF-PA-10001954,51,15
1145,OFF-PA-10001970,36,30
1146,OFF-PA-10001972,14,30
1147,OFF-PA-10001977,20,15
1148,OFF-PA-10001994,149,25
1149,OFF-PA-10002001,30,20
1150,OFF-PA-10002005,90,25
1151,OFF-PA-10002036,139,15
1152,OFF-PA-10002105,18,25
1153,OFF-PA-10002109,83,30
1154,OFF-PA-10002120,121,25
1155,OFF-PA-10002137,11,15
1156,OFF-PA-10002160,141,30
1157,OFF-PA-10002195,119,25
1158,OFF-PA-10002222,76,25
1159,OFF-PA-10002230,63,30
1160,OFF-PA-10002245,86,20
1161,OFF-PA-10002246,120,30
1162,OFF-PA-10002250,107,20
1163,OFF-PA-10002254,21,15
1164,OFF-PA-10002259,18,15
1165,OFF-PA-10002262,112,30
1166,OFF-PA-10002319,49,30
1167,OFF-PA-10002333,102,15
1168,OFF-PA-10002365,135,20
1169,OFF-PA-10002377,41,15
1170,OFF-PA-10002421,112,30
1171,OFF-PA-10002464,43,15
1172,OFF-PA-10002479,19,30
1173,OFF-PA-10002499,124,30
1174,OFF-PA-10002552,8,15
1175,OFF-PA-10002558,97,20
1176,OFF-PA-10002581,145,25
1177,OFF-PA-10002586,20,15
1178,OFF-PA-10002606,112,25
1179,OFF-PA-10002615,130,15
1180,OFF-PA-10002659,59,25
1181,OFF-PA-10002666,38,20
1182,OFF-PA-10002689,17,20
1183,OFF-PA-10002709,145,15
1184,OFF-PA-10002713,22,30
1185,OFF-PA-10002741,100,25
1186,OFF-PA-10002749,127,30
1187,OFF-PA-10002751,43,30
1188,OFF-PA-10002764,50,30
1189,OFF-PA-10002787,33,20
1190,OFF-PA-10002870,66,15
1191,OFF-PA-10002893,20,15
1192,OFF-PA-10002923,125,20
1193,OFF-PA-10002947,14,20
1194,OFF-PA-10002960,107,15
1195,OFF-PA-10002968,88,30
1196,OFF-PA-10002986,137,25
1197,OFF-PA-10003001,69,25
1198,OFF-PA-10003016,7,25
1199,OFF-PA-10003022,146,30
1200,OFF-PA-10003036,124,15
1201,OFF-PA-10003039,72,20
1202,OFF-PA-10003063,41,15
1203,OFF-PA-10003072,77,30
1204,OFF-PA-10003127,147,20
1205,OFF-PA-10003129,53,30
1206,OFF-PA-10003134,125,25
1207,OFF-PA-10003172,92,25
1208,OFF-PA-10003177,144,30
1209,OFF-PA-10003205,41,20
1210,OFF-PA-10003228,65,20
1211,OFF-PA-10003256,128,15
1212,OFF-PA-10003270,43,25
1213,OFF-PA-10003302,67,15
1214,OFF-PA-10003309,50,15
1215,OFF-PA-10003349,92,30
1216,OFF-PA-10003363,15,30
1217,OFF-PA-10003395,66,15
1218,OFF-PA-10003424,81,25
1219,OFF-PA-10003441,56,30
1220,OFF-PA-10003465,8,15
1221,OFF-PA-10003543,63,15
1222,OFF-PA-10003591,76,15
1223,OFF-PA-10003625,97,15
1224,OFF-PA-10003641,67,15
1225,OFF-PA-10003651,58,15
1226,OFF-PA-10003656,121,30
1227,OFF-PA-10003657,114,25
1228,OFF-PA-10003673,78,15
1229,OFF-PA-10003724,111,20
1230,OFF-PA-10003729,61,30
1231,OFF-PA-10003739,7,30
1232,OFF-PA-10003790,124,15
1233,OFF-PA-10003797,10,30
1234,OFF-PA-10003823,9,15
1235,OFF-PA-10003845,9,25
1236,OFF-PA-10003848,58,25
1237,OFF-PA-10003883,51,30
1238,OFF-PA-10003892,13,30
1239,OFF-PA-10003893,103,20
1240,OFF-PA-10003919,24,30
1241,OFF-PA-10003936,126,20
1242,OFF-PA-10003953,65,25
1243,OFF-PA-10003971,127,25
1244,OFF-PA-10004000,86,15
1245,OFF-PA-10004022,66,25
1246,OFF-PA-10004039,149,20
1247,OFF-PA-10004040,7,30
1248,OFF-PA-10004041,17,15
1249,OFF-PA-10004071,124,20
1250,OFF-PA-10004082,129,30
1251,OFF-PA-10004092,93,15
1252,OFF-PA-10004100,77,25
1253,OFF-PA-10004101,72,20
1254,OFF-PA-10004156,146,30
1255,OFF-PA-10004239,105,15
1256,OFF-PA-10004243,102,15
1257,OFF-PA-10004248,15,25
1258,OFF-PA-10004255,109,30
1259,OFF-PA-10004285,71,25
1260,OFF-PA-10004327,127,25
1261,OFF-PA-10004353,33,30
1262,OFF-PA-10004355,141,30
1263,OFF-PA-10004359,80,30
1264,OFF-PA-10004381,13,20
1265,OFF-PA-10004405,44,30
1266,OFF-PA-10004438,29,15
1267,OFF-PA-10004451,9,25
1268,OFF-PA-10004470,143,20
1269,OFF-PA-10004475,128,30
1270,OFF-PA-10004519,42,20
1271,OFF-PA-10004530,76,30
1272,OFF-PA-10004569,137,20
1273,OFF-PA-10004609,94,25
1274,OFF-PA-10004610,41,25
1275,OFF-PA-10004621,64,15
1276,OFF-PA-10004665,32,15
1277,OFF-PA-10004675,85,30
1278,OFF-PA-10004733,118,25
1279,OFF-PA-10004734,44,20
1280,OFF-PA-10004735,49,20
1281,OFF-PA-10004782,66,20
1282,OFF-PA-10004888,97,15
1283,OFF-PA-10004911,119,20
1284,OFF-PA-10004947,71,15
1285,OFF-PA-10004948,60,15
1286,OFF-PA-10004965,44,30
1287,OFF-PA-10004971,102,20
1288,OFF-PA-10004983,44,20
1289,OFF-PA-10004996,95,25
1290,OFF-ST-10000025,37,30
1291,OFF-ST-10000036,10,25
1292,OFF-ST-10000046,84,30
1293,OFF-ST-10000060,96,20
1294,OFF-ST-10000078,101,15
1295,OFF-ST-10000107,63,15
1296,OFF-ST-10000129,63,15
1297,OFF-ST-10000136,52,15
1298,OFF-ST-10000142,17,15
1299,OFF-ST-10000321,111,25
1300,OFF-ST-10000344,49,30
1301,OFF-ST-10000352,93,20
1302,OFF-ST-10000419,104,25
1303,OFF-ST-10000464,11,30
1304,OFF-ST-10000532,137,15
1305,OFF-ST-10000563,49,30
1306,OFF-ST-10000585,62,30
1307,OFF-ST-10000604,35,15
1308,OFF-ST-10000615,27,15
1309,OFF-ST-10000617,142,15
1310,OFF-ST-10000636,111,20
1311,OFF-ST-10000642,43,15
1312,OFF-ST-10000649,86,20
1313,OFF-ST-10000675,104,15
1314,OFF-ST-10000676,6,20
1315,OFF-ST-10000689,81,30
1316,OFF-ST-10000736,16,25
1317,OFF-ST-10000760,43,30
1318,OFF-ST-10000777,17,30
1319,OFF-ST-10000798,50,15
1320,OFF-ST-10000876,117,20
1321,OFF-ST-10000877,21,25
1322,OFF-ST-10000885,108,15
1323,OFF-ST-10000918,102,15
1324,OFF-ST-10000934,92,15
1325,OFF-ST-10000943,113,30
1326,OFF-ST-10000991,74,20
1327,OFF-ST-10001031,78,20
1328,OFF-ST-10001034,67,25
1329,OFF-ST-10001097,64,20
1330,OFF-ST-10001128,83,20
1331,OFF-ST-10001172,41,15
1332,OFF-ST-10001228,26,15
1333,OFF-ST-10001272,100,30
1334,OFF-ST-10001291,72,15
1335,OFF-ST-10001321,21,15
1336,OFF-ST-10001325,16,15
1337,OFF-ST-10001328,149,15
1338,OFF-ST-10001370,142,30
1339,OFF-ST-10001414,122,15
1340,OFF-ST-10001418,26,25
1341,OFF-ST-10001469,124,25
1342,OFF-ST-10001476,54,25
1343,OFF-ST-10001490,18,25
1344,OFF-ST-10001496,33,15
1345,OFF-ST-10001505,129,25
1346,OFF-ST-10001511,11,15
1347,OFF-ST-10001522,33,30
1348,OFF-ST-10001526,143,25
1349,OFF-ST-10001558,37,20
1350,OFF-ST-10001580,138,25
1351,OFF-ST-10001590,115,25
1352,OFF-ST-10001627,83,15
1353,OFF-ST-10001713,62,25
1354,OFF-ST-10001780,30,20
1355,OFF-ST-10001809,33,15
1356,OFF-ST-10001837,8,15
1357,OFF-ST-10001932,103,30
1358,OFF-ST-10001963,145,30
1359,OFF-ST-10002011,43,25
1360,OFF-ST-10002182,19,30
1361,OFF-ST-10002205,123,30
1362,OFF-ST-10002214,33,30
1363,OFF-ST-10002276,79,15
1364,OFF-ST-10002289,120,15
1365,OFF-ST-10002292,36,15
1366,OFF-ST-10002301,134,30
1367,OFF-ST-10002344,88,15
1368,OFF-ST-10002352,26,30
1369,OFF-ST-10002370,31,15
1370,OFF-ST-10002406,85,15
1371,OFF-ST-10002444,130,20
1372,OFF-ST-10002485,96,25
1373,OFF-ST-10002486,25,30
1374,OFF-ST-10002554,51,20
1375,OFF-ST-10002562,105,15
1376,OFF-ST-10002574,88,30
1377,OFF-ST-10002583,10,15
1378,OFF-ST-10002615,135,25
1379,OFF-ST-10002743,5,20
1380,OFF-ST-10002756,62,25
1381,OFF-ST-10002790,128,20
1382,OFF-ST-10002957,19,15
1383,OFF-ST-10002974,68,25
1384,OFF-ST-10003058,29,25
1385,OFF-ST-10003123,28,15
1386,OFF-ST-10003208,16,25
1387,OFF-ST-10003221,22,30
1388,OFF-ST-10003282,19,20
1389,OFF-ST-10003306,31,20
1390,OFF-ST-10003324,76,20
1391,OFF-ST-10003327,64,30
1392,OFF-ST-10003442,149,20
1393,OFF-ST-10003455,97,15
1394,OFF-ST-10003470,57,25
1395,OFF-ST-10003479,12,30
1396,OFF-ST-10003572,83,20
1397,OFF-ST-10003638,31,15
1398,OFF-ST-10003641,54,25
1399,OFF-ST-10003656,135,25
1400,OFF-ST-10003692,97,30
1401,OFF-ST-10003716,28,30
1402,OFF-ST-10003722,64,30
1403,OFF-ST-10003805,126,15
1404,OFF-ST-10003816,135,15
1405,OFF-ST-10003994,50,30
1406,OFF-ST-10003996,19,20
1407,OFF-ST-10004123,21,25
1408,OFF-ST-10004180,130,25
1409,OFF-ST-10004186,88,15
1410,OFF-ST-10004258,13,25
1411,OFF-ST-10004337,67,20
1412,OFF-ST-10004340,121,25
1413,OFF-ST-10004459,134,15
1414,OFF-ST-10004507,92,15
1415,OFF-ST-10004634,76,20
1416,OFF-ST-10004804,143,20
1417,OFF-ST-10004835,68,25
1418,OFF-ST-10004946,76,25
1419,OFF-ST-10004950,25,15
1420,OFF-ST-10004963,22,20
1421,OFF-SU-10000151,68,20
1422,OFF-SU-10000157,86,20
1423,OFF-SU-10000381,114,25
1424,OFF-SU-10000432,99,20
1425,OFF-SU-10000646,36,15
1426,OFF-SU-10000898,15,15
1427,OFF-SU-10000946,49,25
1428,OFF-SU-10000952,37,30
1429,OFF-SU-10001165,106,25
1430,OFF-SU-10001212,140,30
1431,OFF-SU-10001218,15,20
1432,OFF-SU-10001225,92,25
1433,OFF-SU-10001574,45,15
1434,OFF-SU-10001664,149,20
1435,OFF-SU-10001935,80,15
1436,OFF-SU-10002189,125,20
1437,OFF-SU-10002301,50,25
1438,OFF-SU-10002503,84,30
1439,OFF-SU-10002522,58,20
1440,OFF-SU-10002537,90,30
1441,OFF-SU-10002557,96,20
1442,OFF-SU-10002573,101,15
1443,OFF-SU-10002881,6,15
1444,OFF-SU-10003002,37,20
1445,OFF-SU-10003505,81,30
1446,OFF-SU-10003567,120,25
1447,OFF-SU-10003936,107,25
1448,OFF-SU-10004115,107,15
1449,OFF-SU-10004231,94,25
1450,OFF-SU-10004261,126,15
1451,OFF-SU-10004290,147,25
1452,OFF-SU-10004498,110,20
1453,OFF-SU-10004661,123,15
1454,OFF-SU-10004664,53,15
1455,OFF-SU-10004737,108,20
1456,OFF-SU-10004768,65,15
1457,OFF-SU-10004782,127,25
1458,OFF-SU-10004884,138,25
1459,TEC-AC-10000023,13,15
1460,TEC-AC-10000057,10,25
1461,TEC-AC-10000109,77,30
1462,TEC-AC-10000158,107,15
1463,TEC-AC-10000171,45,20
1464,TEC-AC-10000199,118,30
1465,TEC-AC-10000290,12,15
1466,TEC-AC-10000303,76,20
1467,TEC-AC-10000358,96,25
1468,TEC-AC-10000387,66,20
1469,TEC-AC-10000397,88,30
1470,TEC-AC-10000420,66,25
1471,TEC-AC-10000474,115,15
1472,TEC-AC-10000487,131,25
1473,TEC-AC-10000521,11,15
1474,TEC-AC-10000580,88,15
1475,TEC-AC-10000682,136,20
1476,TEC-AC-10000710,138,20
1477,TEC-AC-10000736,62,20
1478,TEC-AC-10000844,26,30
1479,TEC-AC-10000865,131,30
1480,TEC-AC-10000892,7,20
1481,TEC-AC-10000926,131,30
1482,TEC-AC-10000927,45,25
1483,TEC-AC-10000990,110,25
1484,TEC-AC-10000991,18,30
1485,TEC-AC-10001013,16,30
1486,TEC-AC-10001090,91,25
1487,TEC-AC-10001101,16,15
1488,TEC-AC-10001109,145,25
1489,TEC-AC-10001114,29,25
1490,TEC-AC-10001142,49,30
1491,TEC-AC-10001266,126,25
1492,TEC-AC-10001267,59,30
1493,TEC-AC-10001284,104,30
1494,TEC-AC-10001314,140,20
1495,TEC-AC-10001383,123,25
1496,TEC-AC-10001432,57,15
1497,TEC-AC-10001445,36,20
1498,TEC-AC-10001465,55,30
1499,TEC-AC-10001539,48,30
1500,TEC-AC-10001542,86,15
1501,TEC-AC-10001552,41,30
1502,TEC-AC-10001553,100,25
1503,TEC-AC-10001590,60,20
1504,TEC-AC-10001606,109,30
1505,TEC-AC-10001635,63,30
1506,TEC-AC-10001714,135,15
1507,TEC-AC-10001767,39,25
1508,TEC-AC-10001772,97,30
1509,TEC-AC-10001838,101,15
1510,TEC-AC-10001874,139,30
1511,TEC-AC-10001908,80,15
1512,TEC-AC-10001956,53,15
1513,TEC-AC-10001990,98,25
1514,TEC-AC-10001998,28,30
1515,TEC-AC-10002001,41,25
1516,TEC-AC-10002006,8,15
1517,TEC-AC-10002018,112,20
1518,TEC-AC-10002049,130,30
1519,TEC-AC-10002076,24,20
1520,TEC-AC-10002134,54,30
1521,TEC-AC-10002167,100,25
1522,TEC-AC-10002217,109,25
1523,TEC-AC-10002253,121,25
1524,TEC-AC-10002305,102,25
1525,TEC-AC-10002323,70,25
1526,TEC-AC-10002331,83,20
1527,TEC-AC-10002335,10,25
1528,TEC-AC-10002345,43,15
1529,TEC-AC-10002370,119,15
1530,TEC-AC-10002380,129,20
1531,TEC-AC-10002399,16,30
1532,TEC-AC-10002402,135,15
1533,TEC-AC-10002473,22,30
1534,TEC-AC-10002550,44,20
1535,TEC-AC-10002558,25,30
1536,TEC-AC-10002567,147,30
1537,TEC-AC-10002600,103,30
1538,TEC-AC-10002637,30,30
1539,TEC-AC-10002647,12,20
1540,TEC-AC-10002718,104,15
1541,TEC-AC-10002800,91,25
1542,TEC-AC-10002842,46,30
1543,TEC-AC-10002857,18,15
1544,TEC-AC-10002926,82,15
1545,TEC-AC-10002942,6,20
1546,TEC-AC-10003023,123,15
1547,TEC-AC-10003027,41,20
1548,TEC-AC-10003033,73,30
1549,TEC-AC-10003038,45,30
1550,TEC-AC-10003063,66,25
1551,TEC-AC-10003095,64,25
1552,TEC-AC-10003116,129,25
1553,TEC-AC-10003133,115,15
1554,TEC-AC-10003174,18,30
1555,TEC-AC-10003198,88,20
1556,TEC-AC-10003237,134,25
1557,TEC-AC-10003280,74,20
1558,TEC-AC-10003289,149,20
1559,TEC-AC-10003399,127,25
1560,TEC-AC-10003433,93,30
1561,TEC-AC-10003441,32,25
1562,TEC-AC-10003447,70,20
1563,TEC-AC-10003499,9,25
1564,TEC-AC-10003590,49,20
1565,TEC-AC-10003610,51,20
1566,TEC-AC-10003614,35,25
1567,TEC-AC-10003628,143,15
1568,TEC-AC-10003657,14,25
1569,TEC-AC-10003709,122,15
1570,TEC-AC-10003832,18,20
1571,TEC-AC-10003870,84,20
1572,TEC-AC-10003911,97,15
1573,TEC-AC-10004001,14,20
1574,TEC-AC-10004114,80,15
1575,TEC-AC-10004127,98,15
1576,TEC-AC-10004145,109,20
1577,TEC-AC-10004171,5,30
1578,TEC-AC-10004209,137,15
1579,TEC-AC-10004227,24,25
1580,TEC-AC-10004353,12,25
1581,TEC-AC-10004396,5,20
1582,TEC-AC-10004420,61,30
1583,TEC-AC-10004469,68,20
1584,TEC-AC-10004510,122,30
1585,TEC-AC-10004518,32,15
1586,TEC-AC-10004568,125,15
1587,TEC-AC-10004571,111,15
1588,TEC-AC-10004595,53,15
1589,TEC-AC-10004633,124,25
1590,TEC-AC-10004659,48,25
1591,TEC-AC-10004666,60,20
1592,TEC-AC-10004708,115,30
1593,TEC-AC-10004761,138,15
1594,TEC-AC-10004803,112,15
1595,TEC-AC-10004814,118,30
1596,TEC-AC-10004855,82,30
1597,TEC-AC-10004859,134,20
1598,TEC-AC-10004864,41,30
1599,TEC-AC-10004877,24,15
1600,TEC-AC-10004901,30,15
1601,TEC-AC-10004975,33,15
1602,TEC-AC-10004992,5,15
1603,TEC-CO-10000971,123,15
1604,TEC-CO-10001046,39,20
1605,TEC-CO-10001449,63,15
1606,TEC-CO-10001571,73,20
1607,TEC-CO-10001766,16,15
1608,TEC-CO-10001943,24,25
1609,TEC-CO-10002095,47,25
1610,TEC-CO-10002313,130,25
1611,TEC-CO-10003236,54,25
1612,TEC-CO-10003763,33,20
1613,TEC-CO-10004115,43,20
1614,TEC-CO-10004202,42,30
1615,TEC-CO-10004722,88,15
1616,TEC-MA-10000010,132,25
1617,TEC-MA-10000029,130,20
1618,TEC-MA-10000045,49,15
1619,TEC-MA-10000112,56,15
1620,TEC-MA-10000418,84,20
1621,TEC-MA-10000423,128,25
1622,TEC-MA-10000488,123,30
1623,TEC-MA-10000597,12,15
1624,TEC-MA-10000752,89,30
1625,TEC-MA-10000822,133,25
1626,TEC-MA-10000864,12,25
1627,TEC-MA-10000904,100,30
1628,TEC-MA-10000984,106,25
1629,TEC-MA-10001016,9,15
1630,TEC-MA-10001031,90,30
1631,TEC-MA-10001047,38,25
1632,TEC-MA-10001127,59,30
1633,TEC-MA-10001148,123,15
1634,TEC-MA-10001570,118,25
1635,TEC-MA-10001681,149,15
1636,TEC-MA-10001695,30,25
1637,TEC-MA-10001856,140,20
1638,TEC-MA-10001972,51,25
1639,TEC-MA-10002073,117,30
1640,TEC-MA-10002109,80,25
1641,TEC-MA-10002178,76,15
1642,TEC-MA-10002210,93,15
1643,TEC-MA-10002412,50,25
1644,TEC-MA-10002428,37,30
1645,TEC-MA-10002694,5,20
1646,TEC-MA-10002790,35,30
1647,TEC-MA-10002859,146,20
1648,TEC-MA-10002927,57,15
1649,TEC-MA-10002930,52,30
1650,TEC-MA-10002937,73,20
1651,TEC-MA-10002981,109,25
1652,TEC-MA-10003066,94,15
1653,TEC-MA-10003173,67,25
1654,TEC-MA-10003176,77,15
1655,TEC-MA-10003183,93,30
1656,TEC-MA-10003230,17,30
1657,TEC-MA-10003246,77,15
1658,TEC-MA-10003329,81,15
1659,TEC-MA-10003337,72,15
1660,TEC-MA-10003353,102,30
1661,TEC-MA-10003356,129,20
1662,TEC-MA-10003493,106,25
1663,TEC-MA-10003589,136,25
1664,TEC-MA-10003626,106,30
1665,TEC-MA-10003673,23,25
1666,TEC-MA-10003674,86,15
1667,TEC-MA-10003979,145,20
1668,TEC-MA-10004002,27,25
1669,TEC-MA-10004086,87,20
1670,TEC-MA-10004125,113,15
1671,TEC-MA-10004212,79,25
1672,TEC-MA-10004241,133,30
1673,TEC-MA-10004255,92,20
1674,TEC-MA-10004458,58,15
1675,TEC-MA-10004521,93,20
1676,TEC-MA-10004552,147,25
1677,TEC-MA-10004626,69,25
1678,TEC-MA-10004679,80,30
1679,TEC-PH-10000004,147,15
1680,TEC-PH-10000011,64,15
1681,TEC-PH-10000038,97,30
1682,TEC-PH-10000127,53,30
1683,TEC-PH-10000141,39,15
1684,TEC-PH-10000148,106,20
1685,TEC-PH-10000149,15,20
1686,TEC-PH-10000169,103,30
1687,TEC-PH-10000193,114,20
1688,TEC-PH-10000213,78,15
1689,TEC-PH-10000215,13,25
1690,TEC-PH-10000307,7,25
1691,TEC-PH-10000347,89,20
1692,TEC-PH-10000369,30,30
1693,TEC-PH-10000376,76,30
1694,TEC-PH-10000439,52,30
1695,TEC-PH-10000441,121,30
1696,TEC-PH-10000455,16,30
1697,TEC-PH-10000486,137,20
1698,TEC-PH-10000526,52,25
1699,TEC-PH-10000560,41,25
1700,TEC-PH-10000562,48,20
1701,TEC-PH-10000576,19,30
1702,TEC-PH-10000586,47,20
1703,TEC-PH-10000673,91,25
1704,TEC-PH-10000675,74,15
1705,TEC-PH-10000702,50,20
1706,TEC-PH-10000730,112,30
1707,TEC-PH-10000895,127,25
1708,TEC-PH-10000912,25,25
1709,TEC-PH-10000923,111,25
1710,TEC-PH-10000984,84,25
1711,TEC-PH-10001051,51,30
1712,TEC-PH-10001061,121,15
1713,TEC-PH-10001079,128,25
1714,TEC-PH-10001128,147,20
1715,TEC-PH-10001198,29,15
1716,TEC-PH-10001254,40,25
1717,TEC-PH-10001299,55,15
1718,TEC-PH-10001300,19,20
1719,TEC-PH-10001305,72,25
1720,TEC-PH-10001336,25,20
1721,TEC-PH-10001363,145,30
1722,TEC-PH-10001425,23,25
1723,TEC-PH-10001433,38,25
1724,TEC-PH-10001448,82,25
1725,TEC-PH-10001459,129,25
1726,TEC-PH-10001468,121,30
1727,TEC-PH-10001494,56,25
1728,TEC-PH-10001527,31,15
1729,TEC-PH-10001530,39,25
1730,TEC-PH-10001536,140,30
1731,TEC-PH-10001552,148,25
1732,TEC-PH-10001557,110,15
1733,TEC-PH-10001578,6,30
1734,TEC-PH-10001580,81,30
1735,TEC-PH-10001615,136,15
1736,TEC-PH-10001619,94,15
1737,TEC-PH-10001644,93,15
1738,TEC-PH-10001700,98,15
1739,TEC-PH-10001750,11,15
1740,TEC-PH-10001760,99,30
1741,TEC-PH-10001795,112,30
1742,TEC-PH-10001809,78,25
1743,TEC-PH-10001817,43,25
1744,TEC-PH-10001819,145,20
1745,TEC-PH-10001835,75,25
1746,TEC-PH-10001870,60,25
1747,TEC-PH-10001918,46,15
1748,TEC-PH-10001924,40,15
1749,TEC-PH-10001944,88,25
1750,TEC-PH-10001949,122,20
1751,TEC-PH-10002033,11,15
1752,TEC-PH-10002070,58,25
1753,TEC-PH-10002075,133,25
1754,TEC-PH-10002085,124,30
1755,TEC-PH-10002103,110,20
1756,TEC-PH-10002114,51,30
1757,TEC-PH-10002115,127,20
1758,TEC-PH-10002170,145,15
1759,TEC-PH-10002185,123,20
1760,TEC-PH-10002200,122,25
1761,TEC-PH-10002262,25,25
1762,TEC-PH-10002275,141,20
1763,TEC-PH-10002293,30,20
1764,TEC-PH-10002310,13,20
1765,TEC-PH-10002350,19,30
1766,TEC-PH-10002352,14,20
1767,TEC-PH-10002365,126,15
1768,TEC-PH-10002398,125,30
1769,TEC-PH-10002415,129,30
1770,TEC-PH-10002447,76,20
1771,TEC-PH-10002468,53,15
1772,TEC-PH-10002483,95,30
1773,TEC-PH-10002496,41,25
1774,TEC-PH-10002538,72,30
1775,TEC-PH-10002549,54,20
1776,TEC-PH-10002555,23,15
1777,TEC-PH-10002563,104,20
1778,TEC-PH-10002564,64,25
1779,TEC-PH-10002583,93,25
1780,TEC-PH-10002584,73,25
1781,TEC-PH-10002597,53,20
1782,TEC-PH-10002624,112,30
1783,TEC-PH-10002645,123,20
1784,TEC-PH-10002660,41,15
1785,TEC-PH-10002680,147,30
1786,TEC-PH-10002726,15,25
1787,TEC-PH-10002789,142,20
1788,TEC-PH-10002807,82,25
1789,TEC-PH-10002817,81,25
1790,TEC-PH-10002824,6,15
1791,TEC-PH-10002834,68,30
1792,TEC-PH-10002844,39,15
1793,TEC-PH-10002885,11,15
1794,TEC-PH-10002890,89,15
1795,TEC-PH-10002922,71,25
1796,TEC-PH-10002923,46,15
1797,TEC-PH-10003012,122,15
1798,TEC-PH-10003072,129,30
1799,TEC-PH-10003092,28,30
1800,TEC-PH-10003095,50,15
1801,TEC-PH-10003171,23,30
1802,TEC-PH-10003174,72,30
1803,TEC-PH-10003187,106,15
1804,TEC-PH-10003215,46,25
1805,TEC-PH-10003273,36,15
1806,TEC-PH-10003356,113,30
1807,TEC-PH-10003357,40,25
1808,TEC-PH-10003437,101,20
1809,TEC-PH-10003442,135,25
1810,TEC-PH-10003484,77,30
1811,TEC-PH-10003505,140,25
1812,TEC-PH-10003535,101,15
1813,TEC-PH-10003555,127,20
1814,TEC-PH-10003580,74,20
1815,TEC-PH-10003589,17,20
1816,TEC-PH-10003601,53,30
1817,TEC-PH-10003645,64,30
1818,TEC-PH-10003655,134,20
1819,TEC-PH-10003691,9,25
1820,TEC-PH-10003800,31,20
1821,TEC-PH-10003811,12,25
1822,TEC-PH-10003875,54,25
1823,TEC-PH-10003885,71,30
1824,TEC-PH-10003931,48,25
1825,TEC-PH-10003963,129,20
1826,TEC-PH-10003988,62,30
1827,TEC-PH-10004006,7,15
1828,TEC-PH-10004042,90,15
1829,TEC-PH-10004071,74,30
1830,TEC-PH-10004080,134,20
1831,TEC-PH-10004093,6,15
1832,TEC-PH-10004094,106,15
1833,TEC-PH-10004100,39,25
1834,TEC-PH-10004120,102,25
1835,TEC-PH-10004165,34,20
1836,TEC-PH-10004188,120,30
1837,TEC-PH-10004241,12,20
1838,TEC-PH-10004345,48,30
1839,TEC-PH-10004348,40,15
1840,TEC-PH-10004389,81,25
1841,TEC-PH-10004434,35,20
1842,TEC-PH-10004447,51,20
1843,TEC-PH-10004522,59,30
1844,TEC-PH-10004531,110,30
1845,TEC-PH-10004536,125,20
1846,TEC-PH-10004539,59,30
1847,TEC-PH-10004586,148,20
1848,TEC-PH-10004614,16,20
1849,TEC-PH-10004667,149,20
1850,TEC-PH-10004700,148,15
1851,TEC-PH-10004774,144,30
1852,TEC-PH-10004830,140,25
1853,TEC-PH-10004833,7,25
1854,TEC-PH-10004875,148,30
1855,TEC-PH-10004896,34,20
1856,TEC-PH-10004897,27,25
1857,TEC-PH-10004908,96,25
1858,TEC-PH-10004912,119,30
1859,TEC-PH-10004922,108,25
1860,TEC-PH-10004924,122,20
1861,TEC-PH-10004959,9,30
1862,TEC-PH-10004977,108,20
