ds,y,profit,prophet_yhat,prophet_lower,prophet_upper,xgboost_yhat,xgboost_lower,xgboost_upper,rf_yhat,rf_lower,rf_upper
2014-01-01,14236.895,2450.1907,16956.114468412943,3625.6590910258396,29466.551886182966,,,,,,
2014-02-01,4519.892,862.3084,3734.5458255759004,-9217.60164177334,16739.46954694357,,,,,,
2014-03-01,55691.009,498.7299,42557.62234308404,28691.534595274272,55546.25068195526,,,,,,
2014-04-01,28295.345,3488.8352,26439.24149232064,13102.62480489606,39320.534497820525,,,,,,
2014-05-01,23648.287,2738.7096,26642.88928775856,14051.683674555896,39477.281045396,,,,,,
2014-06-01,34595.1276,4976.5244,27772.562699623304,14562.829503450048,39801.42127921312,,,,,,
2014-07-01,33946.393,-841.4826000000002,27547.209025818374,15325.378534310996,42025.265695223556,33838.4296875,30556.119851399442,37120.739523600554,33974.89696298336,22593.04239238328,45356.75153358344
2014-08-01,27909.4685,5318.105,31866.760861838313,19249.403316303036,44584.560977614434,28289.025390625,25006.715554524442,31571.335226725558,31334.5454256738,19952.69085507372,42716.39999627388
2014-09-01,81777.3508,8328.0994,68461.81651282877,55241.24389360572,80972.90963505747,77317.0546875,74034.74485139945,80599.36452360055,72180.59892200002,60798.74435139994,83562.45349260009
2014-10-01,31453.393,3448.2573,36668.76251898775,22596.85785977803,49380.329654720364,32349.796875,29067.487038899442,35632.106711100554,43419.64276005957,32037.78818945949,54801.49733065965
2014-11-01,78628.7167,9292.1269,78435.42697225287,65777.89280013385,90685.09047400566,77446.3671875,74164.05735139945,80728.67702360055,74030.71483378335,62648.86026318327,85412.56940438342
2014-12-01,69545.6205,8983.5699,69793.50696524428,56834.807090439375,84365.08467193204,70196.7890625,66914.47922639945,73479.09889860055,72915.66326475007,61533.808694149986,84297.51783535015
2015-01-01,18174.0756,-3281.007,17863.06979349148,5256.564557538459,30922.574008934494,18289.908203125,15007.598367024442,21572.218039225558,20008.13795150002,8626.283380899938,31389.9925221001
2015-02-01,11951.411,2813.8508,13096.00656676991,435.69470836801827,26496.484562266265,14763.6611328125,11481.351296711942,18045.970968913058,16862.120274000008,5480.265703399928,28243.97484460009
2015-03-01,38726.252,9732.0978,47137.45376101498,34933.692199105484,60214.729242943205,39327.51171875,36045.201882649446,42609.821554850554,39538.11498495951,28156.26041435943,50919.96955555959
2015-04-01,34195.2085,4187.4962,32766.496774095118,19414.81123395574,46481.17371717935,33859.7421875,30577.432351399442,37142.052023600554,34948.924091566674,23567.069520966594,46330.778662166755
2015-05-01,30131.6865,4667.869,25301.906339503905,11736.239418120098,38391.543231682044,30540.65625,27258.346413899442,33822.966086100554,31906.045250240448,20524.190679640367,43287.899820840525
2015-06-01,24797.292,3335.5572,30574.127866616836,18278.586473432075,44159.94069584128,26508.240234375,23225.930398274442,29790.550070475558,29050.37904987616,17668.52447927608,40432.23362047624
2015-07-01,28765.325,3288.6483,33070.95974629422,18993.57252875991,46982.796170474125,30148.5546875,26866.244851399442,33430.864523600554,30873.693654790477,19491.839084190397,42255.54822539056
2015-08-01,36898.3322,5355.8084,40373.64089246599,27747.883681892992,53685.02380777723,36737.3984375,33455.088601399446,40019.708273600554,35350.55208365003,23968.69751304995,46732.40665425011
2015-09-01,64595.918,8209.1627,75927.09614141482,62144.930902451415,88795.70384706109,63416.78125,60134.471413899446,66699.09108610055,54940.725730892824,43558.87116029274,66322.58030149291
2015-10-01,31404.9235,2817.366,34855.24164157889,21075.781664612987,48148.359399989364,35025.96875,31743.658913899442,38308.278586100554,48406.33631955951,37024.48174895943,59788.19089015959
2015-11-01,75972.5635,12474.7884,85261.42999207525,71579.2499281186,99165.20176416522,75735.2734375,72452.96360139945,79017.58327360055,75159.16218855004,63777.307617949955,86541.01675915011
2015-12-01,74919.5212,8016.9659,73814.40122484254,61694.618653823716,87242.0960460776,74110.09375,70827.78391389945,77392.40358610055,72217.1351743667,60835.28060376662,83598.98974496679
2016-01-01,18542.490999999998,2824.8233,20141.227913474195,7543.464867226825,33063.77819356822,19719.474609375,16437.164773274442,23001.784445475558,23104.050406888873,11722.195836288793,34485.90497748896
2016-02-01,22978.815,5004.5795,24221.891849511998,12049.545582504214,37906.261243878915,23416.650390625,20134.340554524442,26698.960226725558,25470.90693616664,14089.05236556656,36852.76150676672
2016-03-01,51715.875,3611.9680000000003,52813.625150952605,39773.10864253388,65678.38496608933,50502.46484375,47220.155007649446,53784.774679850554,46173.83606029286,34791.98148969278,57555.69063089294
2016-04-01,38750.039000000004,2977.8149,33512.321891109415,19999.248432509205,46621.41149185049,39020.79296875,35738.483132649446,42303.102804850554,40413.72865642102,29031.874085820942,51795.5832270211
2016-05-01,56987.728,8662.1464,49671.05842441555,36829.88789596903,62378.72558338078,55431.41796875,52149.108132649446,58713.727804850554,51800.96760023575,40419.11302963567,63182.82217083583
2016-06-01,40344.534,4750.3781,43396.235471731,29574.99969058958,56188.25882304408,40819.19921875,37536.889382649446,44101.509054850554,42586.399682528565,31204.545111928484,53968.254253128645
2016-07-01,39261.963,4432.8778999999995,38166.06421594553,24877.866554874545,51056.33339307812,38866.51171875,35584.201882649446,42148.821554850554,39412.23944035951,28030.38486975943,50794.09401095959
2016-08-01,31115.3743,2062.0693,36678.08875806512,22736.909544876195,50230.651691797786,34186.40234375,30904.092507649442,37468.712179850554,38036.44112754993,26654.58655694985,49418.29569815001
2016-09-01,73410.0249,9328.6576,75248.75260960618,63282.88517393471,89223.95630474843,73579.2109375,70296.90110139945,76861.52077360055,74638.48685224992,63256.632281649836,86020.34142285
2016-10-01,59687.745,16243.142500000002,62781.538016607716,49562.709038290726,75903.1027833135,59745.953125,56463.643288899446,63028.262961100554,61487.11510274293,50105.26053214285,72868.969673343
2016-11-01,79411.9658,4011.4075,88722.8169438947,75141.8368627633,101609.34394152947,79595.3515625,76313.04172639945,82877.66139860055,75235.42709453336,63853.572523933275,86617.28166513343
2016-12-01,96999.043,17885.3093,86729.86556103562,74260.16075265786,99522.4664597189,95173.6953125,91891.38547639945,98456.00514860055,93900.46191224987,82518.6073416498,105282.31648284994
2017-01-01,43971.374,7140.4391,39983.44044355418,27079.91290905451,52975.09577166157,43948.359375,40666.049538899446,47230.669211100554,37351.1032467222,25969.248676122123,48732.95781732228
2017-02-01,20301.1334,1613.8719999999998,18713.21954103758,5857.773774084259,31184.111443674294,21140.98046875,17858.670632649442,24423.290304850558,29152.302397666677,17770.447827066597,40534.15696826676
2017-03-01,58872.3528,14751.891500000002,62532.43270367676,48923.856670324996,75727.48388505397,58239.59765625,54957.287820149446,61521.907492350554,48590.109451496835,37208.254880896755,59971.964022096916
2017-04-01,36521.5361,933.2899999999998,45054.407517486856,32555.728124904414,59426.89560344111,37964.01171875,34681.701882649446,41246.321554850554,41028.894836750005,29647.040266149925,52410.749407350086
2017-05-01,44261.1102,6342.5828,53409.40966393193,39731.07527977032,67473.15858683025,44924.38671875,41642.076882649446,48206.696554850554,47234.21847951905,35852.36390891897,58616.07305011913
2017-06-01,52981.7257,8223.3357,50972.09184124903,37805.85955000154,64127.01929548239,50776.73046875,47494.420632649446,54059.040304850554,51043.145555902396,39661.290985302316,62425.00012650248
2017-07-01,45264.416,6952.6212,48443.19932942503,35480.09215868903,62009.962282129054,45544.9453125,42262.635476399446,48827.255148600554,45413.104069044086,34031.249498444005,56794.95863964417
2017-08-01,63120.888,9040.9557,50114.70665993684,37099.49079303617,63820.91073994795,60902.578125,57620.268288899446,64184.887961100554,57279.09555281908,45897.240982219,68660.95012341917
2017-09-01,87866.652,10991.5556,88000.2054809223,74306.3007275142,101804.92692525753,86812.921875,83530.61203889945,90095.23171110055,82903.7099671856,71521.85539658551,94285.56453778569
2017-10-01,77776.9232,9275.2755,66019.90990168678,53397.272375883935,79297.74155342864,77212.15625,73929.84641389945,80494.46608610055,76738.20673411667,65356.35216351659,88120.06130471674
2017-11-01,118447.825,9690.1037,100051.68958848025,86832.14655862964,113035.58070806676,112719.359375,109437.04953889945,116001.66921110055,105849.91901999991,94468.06444939983,117231.7735906
2017-12-01,83829.3188,8483.346800000001,94971.17003501602,82038.94179141901,107707.6406344776,83071.8125,79789.50266389945,86354.12233610055,90080.4346983332,78698.58012773312,101462.2892689333
2018-01-01,,,45772.76968301705,32493.967766532074,58715.39309661307,43948.359375,40666.049538899446,47230.669211100554,31009.206562666674,19627.351992066593,42391.061133266754
2018-02-01,,,32975.25447895177,20993.700432586935,45962.0788160411,22008.533203125,18726.223367024442,25290.843039225558,33132.530300666665,21750.675730066585,44514.384871266746
2018-03-01,,,72181.34700609128,58681.84342403521,84309.88198211521,54048.36328125,50766.053445149446,57330.673117350554,44648.94592065238,33267.0913500523,56030.80049125246
2018-04-01,,,56487.019594629746,42454.35657561769,68526.42445065356,38029.3671875,34747.057351399446,41311.677023600554,46033.52499885,34651.67042824992,57415.37956945008
2018-05-01,,,57101.041686272,43518.212775642016,70674.69947180453,53968.79296875,50686.483132649446,57251.102804850554,50553.449793585736,39171.595222985656,61935.30436418582
2018-06-01,,,58654.768538384,45163.626557383126,71470.86023324433,44008.9140625,40726.604226399446,47291.223898600554,50572.60442524408,39190.749854644,61954.45899584416
2018-07-01,,,58839.789161604196,45955.22465199443,71570.2446873229,47103.72265625,43821.412820149446,50386.032492350554,49656.03553224408,38274.180961644,61037.89010284416
2018-08-01,,,63583.39443698887,49707.49637927429,77061.23381462529,57698.03515625,54415.725320149446,60980.344992350554,54331.955841877425,42950.101271277344,65713.8104124775
2018-09-01,,,100602.50352619773,87362.08292774555,114185.94498660055,79318.6875,76036.37766389945,82600.99733610055,80822.81315543562,69440.95858483555,92204.6677260357
2018-10-01,,,69219.82382736939,55933.53695240452,82539.75650539303,78447.28125,75164.97141389945,81729.59108610055,79871.14187590234,68489.28730530225,91252.99644650242
2018-11-01,,,111410.54171816824,98318.3142538297,124617.05053662794,94365.890625,91083.58078889945,97648.20046110055,91296.55710253328,79914.7025319332,102678.41167313335
2018-12-01,,,103178.99600557864,90685.11473985547,116454.19303207641,83071.8125,79789.50266389945,86354.12233610055,91161.5169373332,79779.66236673313,102543.37150793328
