ds,yhat,model,yhat_lower,yhat_upper
2014-07-01,33974.89696298336,Random Forest,22593.04239238328,45356.75153358344
2014-08-01,31334.5454256738,Random Forest,19952.69085507372,42716.39999627388
2014-09-01,72180.59892200002,Random Forest,60798.74435139994,83562.45349260009
2014-10-01,43419.64276005957,Random Forest,32037.78818945949,54801.49733065965
2014-11-01,74030.71483378335,Random Forest,62648.86026318327,85412.56940438342
2014-12-01,72915.66326475007,Random Forest,61533.808694149986,84297.51783535015
2015-01-01,20008.13795150002,Random Forest,8626.283380899938,31389.9925221001
2015-02-01,16862.120274000008,Random Forest,5480.265703399928,28243.97484460009
2015-03-01,39538.11498495951,Random Forest,28156.26041435943,50919.96955555959
2015-04-01,34948.924091566674,Random Forest,23567.069520966594,46330.778662166755
2015-05-01,31906.045250240448,Random Forest,20524.190679640367,43287.899820840525
2015-06-01,29050.37904987616,Random Forest,17668.52447927608,40432.23362047624
2015-07-01,30873.693654790477,Random Forest,19491.839084190397,42255.54822539056
2015-08-01,35350.55208365003,Random Forest,23968.69751304995,46732.40665425011
2015-09-01,54940.725730892824,Random Forest,43558.87116029274,66322.58030149291
2015-10-01,48406.33631955951,Random Forest,37024.48174895943,59788.19089015959
2015-11-01,75159.16218855004,Random Forest,63777.307617949955,86541.01675915011
2015-12-01,72217.1351743667,Random Forest,60835.28060376662,83598.98974496679
2016-01-01,23104.050406888873,Random Forest,11722.195836288793,34485.90497748896
2016-02-01,25470.90693616664,Random Forest,14089.05236556656,36852.76150676672
2016-03-01,46173.83606029286,Random Forest,34791.98148969278,57555.69063089294
2016-04-01,40413.72865642102,Random Forest,29031.874085820942,51795.5832270211
2016-05-01,51800.96760023575,Random Forest,40419.11302963567,63182.82217083583
2016-06-01,42586.399682528565,Random Forest,31204.545111928484,53968.254253128645
2016-07-01,39412.23944035951,Random Forest,28030.38486975943,50794.09401095959
2016-08-01,38036.44112754993,Random Forest,26654.58655694985,49418.29569815001
2016-09-01,74638.48685224992,Random Forest,63256.632281649836,86020.34142285
2016-10-01,61487.11510274293,Random Forest,50105.26053214285,72868.969673343
2016-11-01,75235.42709453336,Random Forest,63853.572523933275,86617.28166513343
2016-12-01,93900.46191224987,Random Forest,82518.6073416498,105282.31648284994
2017-01-01,37351.1032467222,Random Forest,25969.248676122123,48732.95781732228
2017-02-01,29152.302397666677,Random Forest,17770.447827066597,40534.15696826676
2017-03-01,48590.109451496835,Random Forest,37208.254880896755,59971.964022096916
2017-04-01,41028.894836750005,Random Forest,29647.040266149925,52410.749407350086
2017-05-01,47234.21847951905,Random Forest,35852.36390891897,58616.07305011913
2017-06-01,51043.145555902396,Random Forest,39661.290985302316,62425.00012650248
2017-07-01,45413.104069044086,Random Forest,34031.249498444005,56794.95863964417
2017-08-01,57279.09555281908,Random Forest,45897.240982219,68660.95012341917
2017-09-01,82903.7099671856,Random Forest,71521.85539658551,94285.56453778569
2017-10-01,76738.20673411667,Random Forest,65356.35216351659,88120.06130471674
2017-11-01,105849.91901999991,Random Forest,94468.06444939983,117231.7735906
2017-12-01,90080.4346983332,Random Forest,78698.58012773312,101462.2892689333
2018-01-01,31009.206562666674,Random Forest,19627.351992066593,42391.061133266754
2018-02-01,33132.530300666665,Random Forest,21750.675730066585,44514.384871266746
2018-03-01,44648.94592065238,Random Forest,33267.0913500523,56030.80049125246
2018-04-01,46033.52499885,Random Forest,34651.67042824992,57415.37956945008
2018-05-01,50553.449793585736,Random Forest,39171.595222985656,61935.30436418582
2018-06-01,50572.60442524408,Random Forest,39190.749854644,61954.45899584416
2018-07-01,49656.03553224408,Random Forest,38274.180961644,61037.89010284416
2018-08-01,54331.955841877425,Random Forest,42950.101271277344,65713.8104124775
2018-09-01,80822.81315543562,Random Forest,69440.95858483555,92204.6677260357
2018-10-01,79871.14187590234,Random Forest,68489.28730530225,91252.99644650242
2018-11-01,91296.55710253328,Random Forest,79914.7025319332,102678.41167313335
2018-12-01,91161.5169373332,Random Forest,79779.66236673313,102543.37150793328
