customer_id,purchase_frequency,purchase_value,last_purchase_date,customer_activity_days,cluster,cluster_hierarchical,segment
CUST0001,22,21781.363636363636,2025-12-02,30,0,2,At-Risk / Fading Customers
CUST0002,19,30904.736842105263,2025-11-20,42,0,2,At-Risk / Fading Customers
CUST0003,19,24184.21052631579,2025-12-17,15,2,0,Occasional Shoppers
CUST0004,14,16957.14285714286,2025-12-17,15,2,0,Occasional Shoppers
CUST0005,15,32080.0,2025-12-02,30,0,2,At-Risk / Fading Customers
CUST0006,22,25194.545454545456,2025-12-29,3,2,1,Occasional Shoppers
CUST0007,25,30406.8,2025-12-08,24,1,1,VIP / Loyal Customers
CUST0008,20,35780.0,2025-12-08,24,0,3,At-Risk / Fading Customers
CUST0009,20,25895.0,2025-12-05,27,0,0,At-Risk / Fading Customers
CUST0010,20,29444.0,2025-11-23,39,0,2,At-Risk / Fading Customers
CUST0011,21,17018.571428571428,2025-12-29,3,2,0,Occasional Shoppers
CUST0012,28,29482.5,2025-12-19,13,1,1,VIP / Loyal Customers
CUST0013,20,17737.5,2025-12-23,9,2,0,Occasional Shoppers
CUST0014,28,36421.42857142857,2025-12-04,28,1,1,VIP / Loyal Customers
CUST0015,24,34000.0,2025-12-20,12,1,1,VIP / Loyal Customers
CUST0016,12,53165.0,2025-12-29,3,3,3,Regular Customers
CUST0017,21,19071.428571428572,2025-12-29,3,2,0,Occasional Shoppers
CUST0018,27,23260.0,2025-11-28,34,1,2,VIP / Loyal Customers
CUST0019,13,15946.153846153846,2025-12-31,1,2,0,Occasional Shoppers
CUST0020,21,23931.904761904763,2025-12-11,21,2,0,Occasional Shoppers
CUST0021,26,31188.46153846154,2025-12-30,2,1,1,VIP / Loyal Customers
CUST0022,22,21341.81818181818,2025-12-18,14,2,0,Occasional Shoppers
CUST0023,15,29360.0,2025-12-20,12,3,3,Regular Customers
CUST0024,20,20117.5,2025-12-07,25,0,0,At-Risk / Fading Customers
CUST0025,16,27662.5,2025-12-23,9,2,3,Occasional Shoppers
CUST0026,21,27464.285714285714,2025-12-10,22,0,0,At-Risk / Fading Customers
CUST0027,12,29843.333333333332,2025-11-23,39,0,2,At-Risk / Fading Customers
CUST0028,14,19657.14285714286,2025-11-27,35,0,2,At-Risk / Fading Customers
CUST0029,21,22041.904761904763,2025-11-28,34,0,2,At-Risk / Fading Customers
CUST0030,21,22071.428571428572,2025-12-21,11,2,0,Occasional Shoppers
CUST0031,21,24700.47619047619,2025-12-26,6,2,1,Occasional Shoppers
CUST0032,15,26370.0,2025-12-09,23,0,2,At-Risk / Fading Customers
CUST0033,23,35038.260869565216,2025-12-29,3,3,1,Regular Customers
CUST0034,14,13154.285714285714,2025-12-25,7,2,0,Occasional Shoppers
CUST0035,20,21350.0,2025-12-16,16,2,0,Occasional Shoppers
CUST0036,19,30426.315789473683,2025-12-27,5,3,1,Regular Customers
CUST0037,19,28133.157894736843,2025-12-23,9,2,1,Occasional Shoppers
CUST0038,25,21854.4,2025-12-13,19,1,0,VIP / Loyal Customers
CUST0039,25,21368.0,2025-12-26,6,1,0,VIP / Loyal Customers
CUST0040,27,16781.48148148148,2025-12-28,4,1,0,VIP / Loyal Customers
CUST0041,24,37025.833333333336,2025-12-24,8,1,1,VIP / Loyal Customers
CUST0042,16,32828.125,2025-12-24,8,3,3,Regular Customers
CUST0043,20,36080.0,2025-12-30,2,3,1,Regular Customers
CUST0044,20,26087.5,2025-12-22,10,2,1,Occasional Shoppers
CUST0045,15,30812.0,2025-12-03,29,0,2,At-Risk / Fading Customers
CUST0046,12,29903.333333333332,2025-12-16,16,3,3,Regular Customers
CUST0047,16,35721.875,2025-12-18,14,3,3,Regular Customers
CUST0048,13,37500.0,2025-12-26,6,3,3,Regular Customers
CUST0049,23,23952.17391304348,2025-12-28,4,2,1,Occasional Shoppers
CUST0050,19,16636.842105263157,2025-12-17,15,2,0,Occasional Shoppers
CUST0051,18,24041.666666666668,2025-12-18,14,2,0,Occasional Shoppers
CUST0052,19,22773.684210526317,2025-10-30,63,0,2,At-Risk / Fading Customers
CUST0053,25,14608.0,2025-12-25,7,2,0,Occasional Shoppers
CUST0054,15,37195.333333333336,2025-12-18,14,3,3,Regular Customers
CUST0055,14,32921.42857142857,2025-12-07,25,0,2,At-Risk / Fading Customers
CUST0056,19,32502.63157894737,2025-12-15,17,3,3,Regular Customers
CUST0057,22,19865.0,2025-12-24,8,2,0,Occasional Shoppers
CUST0058,29,32791.379310344826,2025-12-16,16,1,1,VIP / Loyal Customers
CUST0059,29,27886.206896551725,2025-12-31,1,1,1,VIP / Loyal Customers
CUST0060,21,21414.285714285714,2025-11-29,33,0,2,At-Risk / Fading Customers
CUST0061,16,13331.25,2025-12-12,20,2,0,Occasional Shoppers
CUST0062,23,15976.08695652174,2025-12-17,15,2,0,Occasional Shoppers
CUST0063,17,27923.529411764706,2025-11-20,42,0,2,At-Risk / Fading Customers
CUST0064,19,52743.15789473684,2025-12-18,14,3,3,Regular Customers
CUST0065,22,19009.090909090908,2025-12-24,8,2,0,Occasional Shoppers
CUST0066,14,22103.571428571428,2025-12-24,8,2,0,Occasional Shoppers
CUST0067,18,18611.666666666668,2025-12-25,7,2,0,Occasional Shoppers
CUST0068,17,20920.58823529412,2025-12-26,6,2,0,Occasional Shoppers
CUST0069,20,43555.0,2025-12-29,3,3,1,Regular Customers
CUST0070,17,26097.058823529413,2025-12-01,31,0,2,At-Risk / Fading Customers
CUST0071,28,35387.857142857145,2025-12-17,15,1,1,VIP / Loyal Customers
CUST0072,25,30166.4,2025-12-11,21,1,1,VIP / Loyal Customers
CUST0073,18,23041.11111111111,2025-12-13,19,2,0,Occasional Shoppers
CUST0074,32,28253.4375,2025-12-25,7,1,1,VIP / Loyal Customers
CUST0075,19,34989.47368421053,2025-12-20,12,3,3,Regular Customers
CUST0076,20,40660.0,2025-12-31,1,3,1,Regular Customers
CUST0077,18,30545.555555555555,2025-12-11,21,0,3,At-Risk / Fading Customers
CUST0078,18,28400.555555555555,2025-12-03,29,0,2,At-Risk / Fading Customers
CUST0079,28,21279.285714285714,2025-12-15,17,1,0,VIP / Loyal Customers
CUST0080,19,22158.947368421053,2025-12-15,17,2,0,Occasional Shoppers
CUST0081,19,32286.842105263157,2025-12-06,26,0,3,At-Risk / Fading Customers
CUST0082,21,16366.666666666666,2025-12-30,2,2,0,Occasional Shoppers
CUST0083,15,17640.0,2025-12-17,15,2,0,Occasional Shoppers
CUST0084,22,17493.18181818182,2025-12-27,5,2,0,Occasional Shoppers
CUST0085,26,23500.0,2025-12-15,17,1,0,VIP / Loyal Customers
CUST0086,13,34348.46153846154,2025-12-23,9,3,3,Regular Customers
CUST0087,24,10119.583333333334,2025-12-12,20,2,0,Occasional Shoppers
CUST0088,15,22948.0,2025-12-11,21,0,2,At-Risk / Fading Customers
CUST0089,26,18722.69230769231,2025-12-31,1,1,0,VIP / Loyal Customers
CUST0090,21,30102.380952380954,2025-12-28,4,3,1,Regular Customers
CUST0091,20,24030.5,2025-12-14,18,2,0,Occasional Shoppers
CUST0092,17,8985.882352941177,2025-12-25,7,2,0,Occasional Shoppers
CUST0093,19,49931.05263157895,2025-12-03,29,3,3,Regular Customers
CUST0094,17,29911.764705882353,2025-12-11,21,0,3,At-Risk / Fading Customers
CUST0095,18,22358.333333333332,2025-12-31,1,2,0,Occasional Shoppers
CUST0096,15,21780.0,2025-11-23,39,0,2,At-Risk / Fading Customers
CUST0097,18,30105.0,2025-12-08,24,0,3,At-Risk / Fading Customers
CUST0098,24,22922.916666666668,2025-12-15,17,1,0,VIP / Loyal Customers
CUST0099,27,26962.222222222223,2025-12-23,9,1,1,VIP / Loyal Customers
CUST0100,17,19151.764705882353,2025-12-15,17,2,0,Occasional Shoppers
