transaction_id,date,product_id,product_name,category,quantity,unit_price,total_amount,store_id,customer_id,payment_method,detection_method,isolation_forest_score
T000089,2025-11-05,P008,Webcam,Electronics,4,56.82,227.28,S004,C0103,UPI,Isolation Forest,0.000466
T000090,2025-09-09,P008,Webcam,Electronics,4,60.05,240.2,S003,C0239,Card,Isolation Forest,0.015406
T000293,2023-11-29,P007,Bluetooth Speaker,Electronics,5,49.97,249.85,S004,C0279,Card,Isolation Forest,0.010349
T000346,2024-03-01,P008,Webcam,Electronics,5,57.62,288.1,S002,C0253,Card,Isolation Forest,0.037431
T000426,2023-07-29,P006,USB-C Hub,Electronics,6,33.88,203.28,S002,C0056,Card,Isolation Forest,0.01668
T000592,2023-04-21,P008,Webcam,Electronics,5,59.72,298.6,S004,C0205,Cash,Isolation Forest,0.044965
T000596,2025-09-03,P007,Bluetooth Speaker,Electronics,5,48.07,240.35,S003,C0226,Card,Isolation Forest,0.008475
T000614,2024-02-11,P008,Webcam,Electronics,4,61.05,244.2,S003,C0141,UPI,Isolation Forest,0.022228
T000884,2023-08-05,P006,USB-C Hub,Electronics,6,34.97,209.82,S001,C0207,Card,Isolation Forest,0.017645
T000929,2024-08-02,P007,Bluetooth Speaker,Electronics,5,51.43,257.15,S004,C0096,Card,Isolation Forest,0.016187
T000964,2024-02-11,P008,Webcam,Electronics,4,57.1,228.4,S004,C0277,UPI,Isolation Forest,0.000702
T001247,2024-10-11,P008,Webcam,Electronics,5,58.57,292.85,S003,C0084,UPI,Isolation Forest,0.040913
T001350,2024-05-26,P008,Webcam,Electronics,4,56.96,227.84,S002,C0172,Card,Isolation Forest,0.000938
T001383,2024-12-01,P006,USB-C Hub,Electronics,6,33.19,199.14,S001,C0184,Card,Isolation Forest,0.017695
T001777,2025-04-08,P007,Bluetooth Speaker,Electronics,6,51.63,309.78,S001,C0223,Card,Isolation Forest,0.059611
T001894,2025-03-23,P007,Bluetooth Speaker,Electronics,5,49.14,245.7,S003,C0148,UPI,Isolation Forest,0.009906
T002078,2023-09-14,P008,Webcam,Electronics,4,57.1,228.4,S004,C0086,UPI,Isolation Forest,0.000702
T002203,2024-08-05,P008,Webcam,Electronics,4,61.73,246.92,S001,C0286,Cash,Isolation Forest,0.024662
T002222,2023-08-18,P008,Webcam,Electronics,6,60.04,360.24,S003,C0233,Card,Isolation Forest,0.077982
T002457,2025-09-01,P008,Webcam,Electronics,4,62.38,249.52,S003,C0007,Card,Isolation Forest,0.027349
T002606,2024-05-28,P008,Webcam,Electronics,5,57.36,286.8,S002,C0072,Bank Transfer,Isolation Forest,0.035944
T002607,2023-11-01,P007,Bluetooth Speaker,Electronics,6,49.92,299.52,S003,C0280,Cash,Isolation Forest,0.059355
T002661,2024-06-12,P006,USB-C Hub,Electronics,6,32.71,196.26,S003,C0010,UPI,Isolation Forest,0.016524
T002674,2024-01-01,P008,Webcam,Electronics,5,58.64,293.2,S004,C0267,Bank Transfer,Isolation Forest,0.040415
T002697,2025-05-22,P008,Webcam,Electronics,4,58.45,233.8,S001,C0153,Bank Transfer,Isolation Forest,0.008481
T002894,2023-03-30,P008,Webcam,Electronics,6,57.3,343.8,S003,C0001,Card,Isolation Forest,0.072762
T002945,2023-10-29,P008,Webcam,Electronics,4,58.79,235.16,S001,C0220,Card,Isolation Forest,0.008411
T002949,2025-01-23,P008,Webcam,Electronics,4,60.79,243.16,S003,C0137,UPI,Isolation Forest,0.019802
T002997,2025-08-10,P008,Webcam,Electronics,4,60.53,242.12,S003,C0096,UPI,Isolation Forest,0.01956
T003125,2025-11-08,P008,Webcam,Electronics,4,58.94,235.76,S003,C0235,Card,Isolation Forest,0.009414
T003167,2024-01-31,P008,Webcam,Electronics,4,59.7,238.8,S004,C0132,Card,Isolation Forest,0.014204
T003170,2024-07-05,P007,Bluetooth Speaker,Electronics,5,50.93,254.65,S001,C0070,Cash,Isolation Forest,0.014183
T003325,2023-08-07,P008,Webcam,Electronics,5,62.27,311.35,S004,C0111,Card,Isolation Forest,0.055315
T003326,2024-07-29,P008,Webcam,Electronics,4,60.6,242.4,S001,C0269,UPI,Isolation Forest,0.01956
T003412,2023-06-24,P008,Webcam,Electronics,5,56.1,280.5,S002,C0217,Cash,Isolation Forest,0.0315
T003547,2025-02-28,P008,Webcam,Electronics,5,62.42,312.1,S001,C0072,UPI,Isolation Forest,0.055569
T003551,2024-05-15,P008,Webcam,Electronics,4,61.8,247.2,S001,C0060,Bank Transfer,Isolation Forest,0.024906
T003599,2023-10-09,P008,Webcam,Electronics,5,60.52,302.6,S001,C0159,Card,Isolation Forest,0.051765
T003689,2025-10-26,P008,Webcam,Electronics,5,58.38,291.9,S004,C0067,Bank Transfer,Isolation Forest,0.040415
T003712,2024-11-18,P008,Webcam,Electronics,4,59.88,239.52,S002,C0247,Cash,Isolation Forest,0.014204
T003855,2023-08-21,P008,Webcam,Electronics,4,62.34,249.36,S004,C0220,Cash,Isolation Forest,0.027349
T003952,2024-07-18,P006,USB-C Hub,Electronics,6,34.42,206.52,S003,C0090,Cash,Isolation Forest,0.016198
T004186,2024-12-31,P008,Webcam,Electronics,6,61.58,369.48,S003,C0206,UPI,Isolation Forest,0.081393
T004279,2025-04-12,P007,Bluetooth Speaker,Electronics,5,47.99,239.95,S003,C0101,Card,Isolation Forest,0.008236
T004448,2025-01-02,P008,Webcam,Electronics,4,58.07,232.28,S003,C0138,Card,Isolation Forest,0.004198
T004720,2023-12-09,P008,Webcam,Electronics,5,60.66,303.3,S002,C0023,Card,Isolation Forest,0.051765
T004778,2023-12-10,P008,Webcam,Electronics,5,55.72,278.6,S001,C0235,Card,Isolation Forest,0.031746
T004909,2024-11-02,P008,Webcam,Electronics,4,61.62,246.48,S003,C0196,UPI,Isolation Forest,0.024662
T005066,2023-05-02,P008,Webcam,Electronics,5,56.16,280.8,S002,C0292,UPI,Isolation Forest,0.0315
T005255,2025-06-27,P007,Bluetooth Speaker,Electronics,6,52.38,314.28,S001,C0298,UPI,Isolation Forest,0.060378
T005331,2025-03-25,P008,Webcam,Electronics,5,56.03,280.15,S001,C0011,Card,Isolation Forest,0.031746
T005675,2025-10-17,P008,Webcam,Electronics,5,61.26,306.3,S004,C0072,Bank Transfer,Isolation Forest,0.052524
T005789,2025-06-11,P006,USB-C Hub,Electronics,6,34.06,204.36,S001,C0008,UPI,Isolation Forest,0.01668
T005849,2025-07-21,P007,Bluetooth Speaker,Electronics,5,47.54,237.7,S003,C0229,UPI,Isolation Forest,0.00776
T005857,2023-11-05,P008,Webcam,Electronics,5,60.21,301.05,S003,C0169,Bank Transfer,Isolation Forest,0.049491
T005884,2025-08-11,P007,Bluetooth Speaker,Electronics,6,49.18,295.08,S001,C0132,Cash,Isolation Forest,0.054971
T005911,2024-08-04,P008,Webcam,Electronics,5,57.8,289.0,S001,C0223,UPI,Isolation Forest,0.038424
T005913,2025-08-25,P007,Bluetooth Speaker,Electronics,6,48.03,288.18,S002,C0090,UPI,Isolation Forest,0.054717
T005976,2023-09-30,P008,Webcam,Electronics,4,57.95,231.8,S001,C0037,Card,Isolation Forest,0.00401
T006034,2023-07-02,P007,Bluetooth Speaker,Electronics,5,48.18,240.9,S001,C0176,Card,Isolation Forest,0.008713
T006114,2025-05-23,P007,Bluetooth Speaker,Electronics,5,52.64,263.2,S004,C0214,UPI,Isolation Forest,0.021514
T006139,2025-06-13,P007,Bluetooth Speaker,Electronics,5,50.02,250.1,S001,C0146,UPI,Isolation Forest,0.010827
T006297,2023-10-19,P008,Webcam,Electronics,4,56.96,227.84,S002,C0155,Card,Isolation Forest,0.000938
T006303,2024-09-09,P006,USB-C Hub,Electronics,6,35.25,211.5,S003,C0189,Card,Isolation Forest,0.018178
T006540,2025-01-27,P007,Bluetooth Speaker,Electronics,5,47.62,238.1,S002,C0205,Cash,Isolation Forest,0.007998
T006679,2025-12-07,P007,Bluetooth Speaker,Electronics,6,50.44,302.64,S003,C0211,Card,Isolation Forest,0.059867
T006810,2023-09-24,P006,USB-C Hub,Electronics,6,36.09,216.54,S001,C0007,Bank Transfer,Isolation Forest,0.0234
T006831,2023-10-05,P008,Webcam,Electronics,5,60.59,302.95,S001,C0229,Card,Isolation Forest,0.051765
T006908,2024-07-05,P008,Webcam,Electronics,4,60.87,243.48,S002,C0116,Card,Isolation Forest,0.01956
T006991,2023-01-14,P007,Bluetooth Speaker,Electronics,5,48.3,241.5,S002,C0120,Card,Isolation Forest,0.00919
T007022,2025-03-17,P007,Bluetooth Speaker,Electronics,6,47.19,283.14,S001,C0088,UPI,Isolation Forest,0.051675
T007098,2024-06-29,P008,Webcam,Electronics,4,59.09,236.36,S003,C0248,Card,Isolation Forest,0.009653
T007264,2024-09-19,P008,Webcam,Electronics,6,59.92,359.52,S001,C0018,Cash,Isolation Forest,0.078244
T007286,2025-03-29,P006,USB-C Hub,Electronics,6,34.94,209.64,S002,C0269,Card,Isolation Forest,0.017645
T007293,2024-06-25,P007,Bluetooth Speaker,Electronics,5,51.03,255.15,S003,C0227,Cash,Isolation Forest,0.014424
T007378,2024-06-01,P007,Bluetooth Speaker,Electronics,5,51.9,259.5,S002,C0072,Card,Isolation Forest,0.017393
T007380,2025-07-13,P008,Webcam,Electronics,4,59.92,239.68,S001,C0062,Card,Isolation Forest,0.014204
T007541,2023-12-21,P008,Webcam,Electronics,6,56.04,336.24,S001,C0073,Card,Isolation Forest,0.069647
T007760,2023-09-28,P008,Webcam,Electronics,6,62.41,374.46,S004,C0245,Card,Isolation Forest,0.082709
T007804,2024-02-28,P008,Webcam,Electronics,4,57.37,229.48,S002,C0004,Bank Transfer,Isolation Forest,0.000938
T008081,2023-01-30,P007,Bluetooth Speaker,Electronics,6,47.57,285.42,S004,C0245,Bank Transfer,Isolation Forest,0.053701
T008106,2024-09-24,P007,Bluetooth Speaker,Electronics,5,52.98,264.9,S004,C0120,Cash,Isolation Forest,0.022972
T008173,2024-07-07,P008,Webcam,Electronics,5,60.22,301.1,S001,C0284,Cash,Isolation Forest,0.049491
T008199,2025-06-13,P008,Webcam,Electronics,5,56.19,280.95,S002,C0089,Card,Isolation Forest,0.031992
T008241,2024-06-19,P008,Webcam,Electronics,6,61.07,366.42,S004,C0114,Card,Isolation Forest,0.079817
T008292,2024-06-29,P006,USB-C Hub,Electronics,6,32.77,196.62,S002,C0098,Card,Isolation Forest,0.016524
T008492,2025-06-04,P008,Webcam,Electronics,4,59.33,237.32,S004,C0152,Card,Isolation Forest,0.011565
T008557,2023-11-16,P008,Webcam,Electronics,5,57.27,286.35,S001,C0286,Card,Isolation Forest,0.035696
T008765,2023-08-29,P008,Webcam,Electronics,4,60.3,241.2,S001,C0240,UPI,Isolation Forest,0.017576
T008773,2025-04-25,P007,Bluetooth Speaker,Electronics,5,49.49,247.45,S003,C0089,Cash,Isolation Forest,0.01018
T008886,2024-12-28,P007,Bluetooth Speaker,Electronics,5,47.86,239.3,S002,C0229,Cash,Isolation Forest,0.007522
T008924,2024-03-13,P008,Webcam,Electronics,4,59.14,236.56,S002,C0075,Bank Transfer,Isolation Forest,0.009653
T009025,2024-07-23,P006,USB-C Hub,Electronics,6,34.06,204.36,S003,C0038,Cash,Isolation Forest,0.01668
T009086,2024-08-24,P008,Webcam,Electronics,5,56.79,283.95,S003,C0237,UPI,Isolation Forest,0.035448
T009189,2024-12-16,P008,Webcam,Electronics,4,60.42,241.68,S004,C0265,Card,Isolation Forest,0.018784
T009220,2023-03-04,P008,Webcam,Electronics,4,58.89,235.56,S003,C0108,UPI,Isolation Forest,0.009175
T009240,2025-08-02,P008,Webcam,Electronics,5,56.6,283.0,S002,C0300,Card,Isolation Forest,0.0315
T009298,2024-11-30,P007,Bluetooth Speaker,Electronics,5,52.57,262.85,S002,C0197,Card,Isolation Forest,0.021514
T009355,2023-06-12,P007,Bluetooth Speaker,Electronics,6,47.73,286.38,S001,C0060,Card,Isolation Forest,0.053448
T009367,2023-08-26,P007,Bluetooth Speaker,Electronics,5,47.58,237.9,S002,C0300,Card,Isolation Forest,0.007998
T009392,2024-05-06,P007,Bluetooth Speaker,Electronics,5,48.34,241.7,S004,C0244,Card,Isolation Forest,0.00919
T009464,2025-10-31,P008,Webcam,Electronics,4,57.59,230.36,S002,C0055,Card,Isolation Forest,0.002118
T009584,2025-03-09,P007,Bluetooth Speaker,Electronics,5,47.27,236.35,S001,C0048,Cash,Isolation Forest,0.00657
T009854,2023-01-25,P008,Webcam,Electronics,5,57.45,287.25,S003,C0103,Card,Isolation Forest,0.037183
T009900,2024-09-10,P007,Bluetooth Speaker,Electronics,5,50.98,254.9,S001,C0014,Bank Transfer,Isolation Forest,0.014183
T010073,2025-10-09,P008,Webcam,Electronics,5,60.12,300.6,S003,C0035,Card,Isolation Forest,0.048987
T010158,2025-10-09,P008,Webcam,Electronics,4,61.48,245.92,S002,C0008,Cash,Isolation Forest,0.021985
T010186,2024-11-20,P008,Webcam,Electronics,4,56.94,227.76,S003,C0187,Cash,Isolation Forest,0.000938
T010227,2024-03-25,P008,Webcam,Electronics,6,62.35,374.1,S004,C0023,UPI,Isolation Forest,0.082709
T010402,2025-02-23,P008,Webcam,Electronics,4,61.55,246.2,S001,C0153,Cash,Isolation Forest,0.021742
T010449,2024-03-10,P008,Webcam,Electronics,6,61.1,366.6,S001,C0002,Card,Isolation Forest,0.079817
T010489,2023-08-10,P008,Webcam,Electronics,4,60.15,240.6,S001,C0179,UPI,Isolation Forest,0.015406
T010592,2023-07-11,P007,Bluetooth Speaker,Electronics,5,52.0,260.0,S002,C0231,UPI,Isolation Forest,0.017151
T010889,2024-09-24,P008,Webcam,Electronics,6,58.6,351.6,S001,C0104,UPI,Isolation Forest,0.076151
T010909,2024-07-22,P008,Webcam,Electronics,5,57.0,285.0,S004,C0275,Card,Isolation Forest,0.035944
T011027,2025-11-03,P007,Bluetooth Speaker,Electronics,5,52.46,262.3,S003,C0200,Card,Isolation Forest,0.020543
T011046,2023-10-02,P007,Bluetooth Speaker,Electronics,5,47.24,236.2,S001,C0297,UPI,Isolation Forest,0.006333
T011160,2023-01-06,P007,Bluetooth Speaker,Electronics,5,51.1,255.5,S002,C0065,UPI,Isolation Forest,0.014183
T011302,2025-12-26,P008,Webcam,Electronics,6,59.86,359.16,S001,C0043,UPI,Isolation Forest,0.078244
T011614,2025-07-07,P007,Bluetooth Speaker,Electronics,5,52.57,262.85,S002,C0056,Card,Isolation Forest,0.021514
