date,actual_units,predicted_units,absolute_error,squared_error
2016-03-28,61,86.46274,25.462738037109375,648.3510283464566
2016-03-29,62,92.83234,30.83233642578125,950.6329694725573
2016-03-30,71,97.73456,26.73455810546875,714.7365970946848
2016-03-31,130,107.73529,22.26470947265625,495.71728790178895
2016-04-01,156,146.29033,9.709671020507812,94.27771132648923
2016-04-02,133,178.71606,45.716064453125,2089.958549082279
2016-04-03,114,143.53844,29.538436889648438,872.5192538837437
2016-04-04,80,98.7715,18.771499633789062,352.3691985013429
2016-04-05,75,105.27669,30.276687622070312,916.6778133644257
2016-04-06,113,108.1545,4.845497131347656,23.478842449898366
2016-04-07,81,107.5713,26.57129669189453,706.0338078886853
2016-04-08,107,141.68825,34.68824768066406,1203.2745271550957
2016-04-09,160,170.33179,10.331787109375,106.74582487344742
2016-04-10,124,145.56018,21.5601806640625,464.8413902670145
2016-04-11,107,102.68692,4.313079833984375,18.602657654322684
2016-04-12,84,97.8615,13.861503601074219,192.14128208259353
2016-04-13,88,107.37421,19.37420654296875,375.3598791696131
2016-04-14,90,110.011925,20.011924743652344,400.4771319456049
2016-04-15,129,147.95364,18.953643798828125,359.24061325285584
2016-04-16,160,168.68976,8.68975830078125,75.51189932599664
2016-04-17,204,140.79878,63.20121765136719,3994.3939126154874
2016-04-18,86,105.48924,19.489242553710938,379.8305753173772
2016-04-19,100,104.92557,4.925567626953125,24.26121644768864
2016-04-20,88,106.77318,18.773178100585938,352.4322159963194
2016-04-21,77,108.1274,31.127403259277344,968.9152336656698
2016-04-22,141,134.21394,6.7860565185546875,46.050563073018566
2016-04-23,139,165.29698,26.296981811523438,691.5312523955945
2016-04-24,130,145.04854,15.048538208007812,226.45850219787098
